solid patch_5_1
 facet normal 0.9994041323661804 0.03451547771692276 0.0
  outer loop
   vertex 2.3162111816406252 -3.0281142578125 107.2
   vertex 2.3162111816406252 -3.0281142578125 102.7
   vertex 2.31180322265625 -2.900480712890625 107.2
  endloop
 endfacet
 facet normal 0.9994041323661804 0.03451547771692276 4.096764594230251e-11
  outer loop
   vertex 2.3162111816406252 -3.0281142578125 102.7
   vertex 2.31180322265625 -2.900480712890625 102.7
   vertex 2.31180322265625 -2.900480712890625 107.2
  endloop
 endfacet
 facet normal 0.9946416020393372 0.1033838763833046 -5.3102338498645096e-11
  outer loop
   vertex 2.31180322265625 -2.900480712890625 107.2
   vertex 2.29860009765625 -2.773455322265625 102.7
   vertex 2.29860009765625 -2.773455322265625 107.2
  endloop
 endfacet
 facet normal 0.9946416020393372 0.1033838763833046 -0.0
  outer loop
   vertex 2.31180322265625 -2.900480712890625 102.7
   vertex 2.29860009765625 -2.773455322265625 102.7
   vertex 2.31180322265625 -2.900480712890625 107.2
  endloop
 endfacet
 facet normal 0.985139012336731 0.17175915837287903 5.0302040310867824e-11
  outer loop
   vertex 2.29860009765625 -2.773455322265625 107.2
   vertex 2.2766647949218752 -2.6476435546875 102.7
   vertex 2.2766647949218752 -2.6476435546875 107.2
  endloop
 endfacet
 facet normal 0.985139012336731 0.17175915837287903 -0.0
  outer loop
   vertex 2.29860009765625 -2.773455322265625 102.7
   vertex 2.2766647949218752 -2.6476435546875 102.7
   vertex 2.29860009765625 -2.773455322265625 107.2
  endloop
 endfacet
 facet normal 0.9709417223930359 0.239315927028656 -0.0
  outer loop
   vertex 2.2766647949218752 -2.6476435546875 102.7
   vertex 2.246101806640625 -2.523644775390625 102.7
   vertex 2.2766647949218752 -2.6476435546875 107.2
  endloop
 endfacet
 facet normal 0.9709417223930359 0.239315927028656 -7.861629403027592e-11
  outer loop
   vertex 2.2766647949218752 -2.6476435546875 107.2
   vertex 2.246101806640625 -2.523644775390625 102.7
   vertex 2.246101806640625 -2.523644775390625 107.2
  endloop
 endfacet
 facet normal 0.9521176815032959 0.30573171377182007 0.0
  outer loop
   vertex 2.246101806640625 -2.523644775390625 107.2
   vertex 2.246101806640625 -2.523644775390625 102.7
   vertex 2.207056884765625 -2.402050048828125 107.2
  endloop
 endfacet
 facet normal 0.9521176815032959 0.30573171377182007 2.422793077272445e-10
  outer loop
   vertex 2.246101806640625 -2.523644775390625 102.7
   vertex 2.207056884765625 -2.402050048828125 102.7
   vertex 2.207056884765625 -2.402050048828125 107.2
  endloop
 endfacet
 facet normal 0.9287562370300293 0.370691180229187 -3.111467680727564e-11
  outer loop
   vertex 2.207056884765625 -2.402050048828125 107.2
   vertex 2.159716064453125 -2.28343896484375 102.7
   vertex 2.159716064453125 -2.28343896484375 107.2
  endloop
 endfacet
 facet normal 0.9287562370300293 0.370691180229187 -0.0
  outer loop
   vertex 2.207056884765625 -2.402050048828125 102.7
   vertex 2.159716064453125 -2.28343896484375 102.7
   vertex 2.207056884765625 -2.402050048828125 107.2
  endloop
 endfacet
 facet normal 0.9009689688682556 0.4338834285736084 -0.0
  outer loop
   vertex 2.159716064453125 -2.28343896484375 102.7
   vertex 2.104304931640625 -2.16837646484375 102.7
   vertex 2.159716064453125 -2.28343896484375 107.2
  endloop
 endfacet
 facet normal 0.9009689688682556 0.4338834285736084 3.1861399629740106e-10
  outer loop
   vertex 2.159716064453125 -2.28343896484375 107.2
   vertex 2.104304931640625 -2.16837646484375 102.7
   vertex 2.104304931640625 -2.16837646484375 107.2
  endloop
 endfacet
 facet normal 0.868888258934021 0.4950081706047058 6.559999071731326e-11
  outer loop
   vertex 2.104304931640625 -2.16837646484375 107.2
   vertex 2.0410875244140625 -2.057410888671875 102.7
   vertex 2.0410875244140625 -2.057410888671875 107.2
  endloop
 endfacet
 facet normal 0.8326662182807922 0.5537751317024231 0.0
  outer loop
   vertex 2.0410875244140625 -2.057410888671875 107.2
   vertex 2.0410875244140625 -2.057410888671875 102.7
   vertex 1.9703651123046875 -1.9510714111328125 107.2
  endloop
 endfacet
 facet normal 0.868888258934021 0.4950081706047058 -0.0
  outer loop
   vertex 2.104304931640625 -2.16837646484375 102.7
   vertex 2.0410875244140625 -2.057410888671875 102.7
   vertex 2.104304931640625 -2.16837646484375 107.2
  endloop
 endfacet
 facet normal 0.8326662182807922 0.5537751317024231 2.064458604067454e-10
  outer loop
   vertex 2.0410875244140625 -2.057410888671875 102.7
   vertex 1.9703651123046875 -1.9510714111328125 102.7
   vertex 1.9703651123046875 -1.9510714111328125 107.2
  endloop
 endfacet
 facet normal 0.7924766540527344 0.6099023222923279 -2.7463847862563284e-10
  outer loop
   vertex 1.9703651123046875 -1.9510714111328125 107.2
   vertex 1.892474609375 -1.8498643798828125 102.7
   vertex 1.892474609375 -1.8498643798828125 107.2
  endloop
 endfacet
 facet normal 0.7924766540527344 0.6099023222923279 -0.0
  outer loop
   vertex 1.9703651123046875 -1.9510714111328125 102.7
   vertex 1.892474609375 -1.8498643798828125 102.7
   vertex 1.9703651123046875 -1.9510714111328125 107.2
  endloop
 endfacet
 facet normal 0.7485108375549316 0.6631225347518921 8.520233824027557e-11
  outer loop
   vertex 1.892474609375 -1.8498643798828125 107.2
   vertex 1.8077874755859376 -1.7542723388671875 102.7
   vertex 1.8077874755859376 -1.7542723388671875 107.2
  endloop
 endfacet
 facet normal 0.7485108375549316 0.6631225347518921 -0.0
  outer loop
   vertex 1.892474609375 -1.8498643798828125 102.7
   vertex 1.8077874755859376 -1.7542723388671875 102.7
   vertex 1.892474609375 -1.8498643798828125 107.2
  endloop
 endfacet
 facet normal 0.7009778618812561 0.7131830453872681 -1.7398266161094966e-10
  outer loop
   vertex 1.8077874755859376 -1.7542723388671875 107.2
   vertex 1.7167070312500001 -1.6647506103515626 102.7
   vertex 1.7167070312500001 -1.6647506103515626 107.2
  endloop
 endfacet
 facet normal 0.6501035690307617 0.7598457336425781 0.0
  outer loop
   vertex 1.7167070312500001 -1.6647506103515626 107.2
   vertex 1.7167070312500001 -1.6647506103515626 102.7
   vertex 1.6196673583984376 -1.58172607421875 107.2
  endloop
 endfacet
 facet normal 0.7009778618812561 0.7131830453872681 -0.0
  outer loop
   vertex 1.8077874755859376 -1.7542723388671875 102.7
   vertex 1.7167070312500001 -1.6647506103515626 102.7
   vertex 1.8077874755859376 -1.7542723388671875 107.2
  endloop
 endfacet
 facet normal 0.6501035690307617 0.7598457336425781 5.470992582579104e-12
  outer loop
   vertex 1.7167070312500001 -1.6647506103515626 102.7
   vertex 1.6196673583984376 -1.58172607421875 102.7
   vertex 1.6196673583984376 -1.58172607421875 107.2
  endloop
 endfacet
 facet normal 0.5961331129074097 0.8028856515884399 -3.5929653696697983e-10
  outer loop
   vertex 1.6196673583984376 -1.58172607421875 107.2
   vertex 1.517131103515625 -1.5055941162109376 102.7
   vertex 1.517131103515625 -1.5055941162109376 107.2
  endloop
 endfacet
 facet normal 0.5961331129074097 0.8028856515884399 -0.0
  outer loop
   vertex 1.6196673583984376 -1.58172607421875 102.7
   vertex 1.517131103515625 -1.5055941162109376 102.7
   vertex 1.6196673583984376 -1.58172607421875 107.2
  endloop
 endfacet
 facet normal 0.5393200516700745 0.8421009182929993 -4.0563097325474473e-10
  outer loop
   vertex 1.517131103515625 -1.5055941162109376 107.2
   vertex 1.4095865478515626 -1.4367176513671875 102.7
   vertex 1.4095865478515626 -1.4367176513671875 107.2
  endloop
 endfacet
 facet normal 0.5393200516700745 0.8421009182929993 -0.0
  outer loop
   vertex 1.517131103515625 -1.5055941162109376 102.7
   vertex 1.4095865478515626 -1.4367176513671875 102.7
   vertex 1.517131103515625 -1.5055941162109376 107.2
  endloop
 endfacet
 facet normal 0.4799371361732483 0.8773028254508972 5.6006397436414446e-12
  outer loop
   vertex 1.4095865478515626 -1.4367176513671875 107.2
   vertex 1.2975465087890625 -1.375425048828125 102.7
   vertex 1.2975465087890625 -1.375425048828125 107.2
  endloop
 endfacet
 facet normal 0.4799371361732483 0.8773028254508972 -0.0
  outer loop
   vertex 1.4095865478515626 -1.4367176513671875 102.7
   vertex 1.2975465087890625 -1.375425048828125 102.7
   vertex 1.4095865478515626 -1.4367176513671875 107.2
  endloop
 endfacet
 facet normal 0.41826802492141724 0.9083236455917358 3.479656146554433e-11
  outer loop
   vertex 1.2975465087890625 -1.375425048828125 107.2
   vertex 1.1815447998046875 -1.3220081787109375 102.7
   vertex 1.1815447998046875 -1.3220081787109375 107.2
  endloop
 endfacet
 facet normal 0.41826802492141724 0.9083236455917358 -0.0
  outer loop
   vertex 1.2975465087890625 -1.375425048828125 102.7
   vertex 1.1815447998046875 -1.3220081787109375 102.7
   vertex 1.2975465087890625 -1.375425048828125 107.2
  endloop
 endfacet
 facet normal 0.35460469126701355 0.9350163340568542 4.10116662852289e-10
  outer loop
   vertex 1.1815447998046875 -1.3220081787109375 107.2
   vertex 1.062134033203125 -1.2767216796875 102.7
   vertex 1.062134033203125 -1.2767216796875 107.2
  endloop
 endfacet
 facet normal 0.35460469126701355 0.9350163340568542 -0.0
  outer loop
   vertex 1.1815447998046875 -1.3220081787109375 102.7
   vertex 1.062134033203125 -1.2767216796875 102.7
   vertex 1.1815447998046875 -1.3220081787109375 107.2
  endloop
 endfacet
 facet normal 0.28925231099128723 0.9572529792785645 -2.2113454123395826e-10
  outer loop
   vertex 1.062134033203125 -1.2767216796875 107.2
   vertex 0.9398836059570312 -1.2397813720703126 102.7
   vertex 0.9398836059570312 -1.2397813720703126 107.2
  endloop
 endfacet
 facet normal 0.28925231099128723 0.9572529792785645 -0.0
  outer loop
   vertex 1.062134033203125 -1.2767216796875 102.7
   vertex 0.9398836059570312 -1.2397813720703126 102.7
   vertex 1.062134033203125 -1.2767216796875 107.2
  endloop
 endfacet
 facet normal 0.22252099215984344 0.9749278426170349 2.0205076500801056e-10
  outer loop
   vertex 0.9398836059570312 -1.2397813720703126 107.2
   vertex 0.8153758544921875 -1.21136328125 102.7
   vertex 0.8153758544921875 -1.21136328125 107.2
  endloop
 endfacet
 facet normal 0.22252099215984344 0.9749278426170349 -0.0
  outer loop
   vertex 0.9398836059570312 -1.2397813720703126 102.7
   vertex 0.8153758544921875 -1.21136328125 102.7
   vertex 0.9398836059570312 -1.2397813720703126 107.2
  endloop
 endfacet
 facet normal 0.1547297239303589 0.9879568815231323 2.0800132449760866e-10
  outer loop
   vertex 0.8153758544921875 -1.21136328125 107.2
   vertex 0.6892041015625 -1.191602783203125 102.7
   vertex 0.6892041015625 -1.191602783203125 107.2
  endloop
 endfacet
 facet normal 0.1547297239303589 0.9879568815231323 -0.0
  outer loop
   vertex 0.8153758544921875 -1.21136328125 102.7
   vertex 0.6892041015625 -1.191602783203125 102.7
   vertex 0.8153758544921875 -1.21136328125 107.2
  endloop
 endfacet
 facet normal 0.08619978278875351 0.996277928352356 2.0820893620321357e-11
  outer loop
   vertex 0.6892041015625 -1.191602783203125 107.2
   vertex 0.5619697875976563 -1.18059423828125 102.7
   vertex 0.5619697875976563 -1.18059423828125 107.2
  endloop
 endfacet
 facet normal 0.017260592430830002 0.9998509883880615 0.0
  outer loop
   vertex 0.5619697875976563 -1.18059423828125 107.2
   vertex 0.5619697875976563 -1.18059423828125 102.7
   vertex 0.43427908325195314 -1.178389892578125 107.2
  endloop
 endfacet
 facet normal 0.08619978278875351 0.996277928352356 -0.0
  outer loop
   vertex 0.6892041015625 -1.191602783203125 102.7
   vertex 0.5619697875976563 -1.18059423828125 102.7
   vertex 0.6892041015625 -1.191602783203125 107.2
  endloop
 endfacet
 facet normal 0.017260592430830002 0.9998509883880615 2.320633919403181e-12
  outer loop
   vertex 0.5619697875976563 -1.18059423828125 102.7
   vertex 0.43427908325195314 -1.178389892578125 102.7
   vertex 0.43427908325195314 -1.178389892578125 107.2
  endloop
 endfacet
 facet normal -0.05176075920462608 0.9986594915390015 1.4001593287571446e-11
  outer loop
   vertex 0.43427908325195314 -1.178389892578125 107.2
   vertex 0.30674057006835936 -1.185000244140625 102.7
   vertex 0.30674057006835936 -1.185000244140625 107.2
  endloop
 endfacet
 facet normal -0.1205374076962471 0.9927088618278503 0.0
  outer loop
   vertex 0.30674057006835936 -1.185000244140625 107.2
   vertex 0.30674057006835936 -1.185000244140625 102.7
   vertex 0.17996200561523437 -1.20039404296875 107.2
  endloop
 endfacet
 facet normal -0.05176075920462608 0.9986594915390015 0.0
  outer loop
   vertex 0.43427908325195314 -1.178389892578125 102.7
   vertex 0.30674057006835936 -1.185000244140625 102.7
   vertex 0.43427908325195314 -1.178389892578125 107.2
  endloop
 endfacet
 facet normal -0.1205374076962471 0.9927088618278503 -7.45714393013408e-11
  outer loop
   vertex 0.30674057006835936 -1.185000244140625 102.7
   vertex 0.17996200561523437 -1.20039404296875 102.7
   vertex 0.17996200561523437 -1.20039404296875 107.2
  endloop
 endfacet
 facet normal -0.18873770534992218 0.9820275902748108 1.860461645852851e-10
  outer loop
   vertex 0.17996200561523437 -1.20039404296875 107.2
   vertex 0.05454754638671875 -1.2244976806640626 102.7
   vertex 0.05454754638671875 -1.2244976806640626 107.2
  endloop
 endfacet
 facet normal -0.18873770534992218 0.9820275902748108 0.0
  outer loop
   vertex 0.17996200561523437 -1.20039404296875 102.7
   vertex 0.05454754638671875 -1.2244976806640626 102.7
   vertex 0.17996200561523437 -1.20039404296875 107.2
  endloop
 endfacet
 facet normal -0.2560385465621948 0.9666664600372314 -4.4766204632118445e-11
  outer loop
   vertex 0.05454754638671875 -1.2244976806640626 107.2
   vertex -0.0689051513671875 -1.2571962890625 102.7
   vertex -0.0689051513671875 -1.2571962890625 107.2
  endloop
 endfacet
 facet normal -0.2560385465621948 0.9666664600372314 0.0
  outer loop
   vertex 0.05454754638671875 -1.2244976806640626 102.7
   vertex -0.0689051513671875 -1.2571962890625 102.7
   vertex 0.05454754638671875 -1.2244976806640626 107.2
  endloop
 endfacet
 facet normal -0.32212066650390625 0.9466986656188965 4.435133857394469e-11
  outer loop
   vertex -0.0689051513671875 -1.2571962890625 107.2
   vertex -0.18980776977539063 -1.298334228515625 102.7
   vertex -0.18980776977539063 -1.298334228515625 107.2
  endloop
 endfacet
 facet normal -0.32212066650390625 0.9466986656188965 0.0
  outer loop
   vertex -0.0689051513671875 -1.2571962890625 102.7
   vertex -0.18980776977539063 -1.298334228515625 102.7
   vertex -0.0689051513671875 -1.2571962890625 107.2
  endloop
 endfacet
 facet normal -0.3866667151451111 0.922219455242157 0.0
  outer loop
   vertex -0.18980776977539063 -1.298334228515625 102.7
   vertex -0.30758416748046874 -1.34771533203125 102.7
   vertex -0.18980776977539063 -1.298334228515625 107.2
  endloop
 endfacet
 facet normal -0.3866667151451111 0.922219455242157 -3.90060955757221e-10
  outer loop
   vertex -0.18980776977539063 -1.298334228515625 107.2
   vertex -0.30758416748046874 -1.34771533203125 102.7
   vertex -0.30758416748046874 -1.34771533203125 107.2
  endloop
 endfacet
 facet normal -0.4493700861930847 0.8933455944061279 0.0
  outer loop
   vertex -0.30758416748046874 -1.34771533203125 107.2
   vertex -0.30758416748046874 -1.34771533203125 102.7
   vertex -0.42167306518554687 -1.405104248046875 107.2
  endloop
 endfacet
 facet normal -0.4493700861930847 0.8933455944061279 3.1395983035586994e-10
  outer loop
   vertex -0.30758416748046874 -1.34771533203125 102.7
   vertex -0.42167306518554687 -1.405104248046875 102.7
   vertex -0.42167306518554687 -1.405104248046875 107.2
  endloop
 endfacet
 facet normal -0.5099331140518188 0.860214114189148 0.0
  outer loop
   vertex -0.42167306518554687 -1.405104248046875 102.7
   vertex -0.53153076171875 -1.4702276611328124 102.7
   vertex -0.42167306518554687 -1.405104248046875 107.2
  endloop
 endfacet
 facet normal -0.5099331140518188 0.860214114189148 8.096939785318114e-11
  outer loop
   vertex -0.42167306518554687 -1.405104248046875 107.2
   vertex -0.53153076171875 -1.4702276611328124 102.7
   vertex -0.53153076171875 -1.4702276611328124 107.2
  endloop
 endfacet
 facet normal -0.5680643916130066 0.8229840993881226 0.0
  outer loop
   vertex -0.53153076171875 -1.4702276611328124 102.7
   vertex -0.6366338500976563 -1.5427750244140626 102.7
   vertex -0.53153076171875 -1.4702276611328124 107.2
  endloop
 endfacet
 facet normal -0.5680643916130066 0.8229840993881226 -3.7207925629445526e-10
  outer loop
   vertex -0.53153076171875 -1.4702276611328124 107.2
   vertex -0.6366338500976563 -1.5427750244140626 102.7
   vertex -0.6366338500976563 -1.5427750244140626 107.2
  endloop
 endfacet
 facet normal -0.6234899759292603 0.7818313837051392 0.0
  outer loop
   vertex -0.6366338500976563 -1.5427750244140626 102.7
   vertex -0.7364813232421875 -1.6224007568359375 102.7
   vertex -0.6366338500976563 -1.5427750244140626 107.2
  endloop
 endfacet
 facet normal -0.6234899759292603 0.7818313837051392 -7.490851688940481e-11
  outer loop
   vertex -0.6366338500976563 -1.5427750244140626 107.2
   vertex -0.7364813232421875 -1.6224007568359375 102.7
   vertex -0.7364813232421875 -1.6224007568359375 107.2
  endloop
 endfacet
 facet normal -0.6759437322616577 0.7369531989097595 0.0
  outer loop
   vertex -0.7364813232421875 -1.6224007568359375 102.7
   vertex -0.830597412109375 -1.708725341796875 102.7
   vertex -0.7364813232421875 -1.6224007568359375 107.2
  endloop
 endfacet
 facet normal -0.6759437322616577 0.7369531989097595 1.4450160512602395e-10
  outer loop
   vertex -0.7364813232421875 -1.6224007568359375 107.2
   vertex -0.830597412109375 -1.708725341796875 102.7
   vertex -0.830597412109375 -1.708725341796875 107.2
  endloop
 endfacet
 facet normal -0.7251758575439453 0.6885637044906616 0.0
  outer loop
   vertex -0.830597412109375 -1.708725341796875 102.7
   vertex -0.9185336303710938 -1.8013372802734375 102.7
   vertex -0.830597412109375 -1.708725341796875 107.2
  endloop
 endfacet
 facet normal -0.7251758575439453 0.6885637044906616 -3.6913669343441313e-10
  outer loop
   vertex -0.830597412109375 -1.708725341796875 107.2
   vertex -0.9185336303710938 -1.8013372802734375 102.7
   vertex -0.9185336303710938 -1.8013372802734375 107.2
  endloop
 endfacet
 facet normal -0.7709532976150513 0.6368916630744934 0.0
  outer loop
   vertex -0.9185336303710938 -1.8013372802734375 102.7
   vertex -0.9998709106445313 -1.8997955322265625 102.7
   vertex -0.9185336303710938 -1.8013372802734375 107.2
  endloop
 endfacet
 facet normal -0.7709532976150513 0.6368916630744934 -3.929260528057199e-10
  outer loop
   vertex -0.9185336303710938 -1.8013372802734375 107.2
   vertex -0.9998709106445313 -1.8997955322265625 102.7
   vertex -0.9998709106445313 -1.8997955322265625 107.2
  endloop
 endfacet
 facet normal -0.8130565285682678 0.5821847319602966 0.0
  outer loop
   vertex -0.9998709106445313 -1.8997955322265625 107.2
   vertex -0.9998709106445313 -1.8997955322265625 102.7
   vertex -1.0742215576171876 -2.0036307373046873 107.2
  endloop
 endfacet
 facet normal -0.8130565285682678 0.5821847319602966 -2.9172578241976055e-10
  outer loop
   vertex -0.9998709106445313 -1.8997955322265625 102.7
   vertex -1.0742215576171876 -2.0036307373046873 102.7
   vertex -1.0742215576171876 -2.0036307373046873 107.2
  endloop
 endfacet
 facet normal -0.8512840867042542 0.5247051119804382 0.0
  outer loop
   vertex -1.0742215576171876 -2.0036307373046873 107.2
   vertex -1.0742215576171876 -2.0036307373046873 102.7
   vertex -1.1412314453125 -2.112347900390625 107.2
  endloop
 endfacet
 facet normal -0.8512840867042542 0.5247051119804382 -1.9324805644593823e-10
  outer loop
   vertex -1.0742215576171876 -2.0036307373046873 102.7
   vertex -1.1412314453125 -2.112347900390625 102.7
   vertex -1.1412314453125 -2.112347900390625 107.2
  endloop
 endfacet
 facet normal -0.8854561448097229 0.4647229015827179 -2.929957942932049e-10
  outer loop
   vertex -1.1412314453125 -2.112347900390625 107.2
   vertex -1.2005811767578125 -2.225429443359375 102.7
   vertex -1.2005811767578125 -2.225429443359375 107.2
  endloop
 endfacet
 facet normal -0.8854561448097229 0.4647229015827179 0.0
  outer loop
   vertex -1.1412314453125 -2.112347900390625 102.7
   vertex -1.2005811767578125 -2.225429443359375 102.7
   vertex -1.1412314453125 -2.112347900390625 107.2
  endloop
 endfacet
 facet normal -0.9154080748558044 0.4025270640850067 0.0
  outer loop
   vertex -1.2005811767578125 -2.225429443359375 102.7
   vertex -1.25198779296875 -2.3423359375 102.7
   vertex -1.2005811767578125 -2.225429443359375 107.2
  endloop
 endfacet
 facet normal -0.9154080748558044 0.4025270640850067 3.2540739547393116e-10
  outer loop
   vertex -1.2005811767578125 -2.225429443359375 107.2
   vertex -1.25198779296875 -2.3423359375 102.7
   vertex -1.25198779296875 -2.3423359375 107.2
  endloop
 endfacet
 facet normal -0.9409977197647095 0.3384130001068115 -2.893143502546991e-10
  outer loop
   vertex -1.25198779296875 -2.3423359375 107.2
   vertex -1.2952064208984375 -2.462510498046875 102.7
   vertex -1.2952064208984375 -2.462510498046875 107.2
  endloop
 endfacet
 facet normal -0.9409977197647095 0.3384130001068115 0.0
  outer loop
   vertex -1.25198779296875 -2.3423359375 102.7
   vertex -1.2952064208984375 -2.462510498046875 102.7
   vertex -1.25198779296875 -2.3423359375 107.2
  endloop
 endfacet
 facet normal -0.9621029496192932 0.2726864814758301 1.8316159700049184e-10
  outer loop
   vertex -1.2952064208984375 -2.462510498046875 107.2
   vertex -1.3300311279296875 -2.58538037109375 102.7
   vertex -1.3300311279296875 -2.58538037109375 107.2
  endloop
 endfacet
 facet normal -0.9621029496192932 0.2726864814758301 0.0
  outer loop
   vertex -1.2952064208984375 -2.462510498046875 102.7
   vertex -1.3300311279296875 -2.58538037109375 102.7
   vertex -1.2952064208984375 -2.462510498046875 107.2
  endloop
 endfacet
 facet normal -0.9786235094070435 0.2056599110364914 -2.0219334539994804e-10
  outer loop
   vertex -1.3300311279296875 -2.58538037109375 107.2
   vertex -1.3562958984375 -2.710360107421875 102.7
   vertex -1.3562958984375 -2.710360107421875 107.2
  endloop
 endfacet
 facet normal -0.9786235094070435 0.2056599110364914 0.0
  outer loop
   vertex -1.3300311279296875 -2.58538037109375 102.7
   vertex -1.3562958984375 -2.710360107421875 102.7
   vertex -1.3300311279296875 -2.58538037109375 107.2
  endloop
 endfacet
 facet normal -0.9904804825782776 0.13765281438827515 -2.080534078352514e-10
  outer loop
   vertex -1.3562958984375 -2.710360107421875 107.2
   vertex -1.37387548828125 -2.83685400390625 102.7
   vertex -1.37387548828125 -2.83685400390625 107.2
  endloop
 endfacet
 facet normal -0.9976171851158142 0.06899166852235794 0.0
  outer loop
   vertex -1.37387548828125 -2.83685400390625 107.2
   vertex -1.37387548828125 -2.83685400390625 102.7
   vertex -1.3826864013671876 -2.964259521484375 107.2
  endloop
 endfacet
 facet normal -0.9904804825782776 0.13765281438827515 0.0
  outer loop
   vertex -1.3562958984375 -2.710360107421875 102.7
   vertex -1.37387548828125 -2.83685400390625 102.7
   vertex -1.3562958984375 -2.710360107421875 107.2
  endloop
 endfacet
 facet normal -0.9976171851158142 0.06899166852235794 -3.1166482589162214e-11
  outer loop
   vertex -1.37387548828125 -2.83685400390625 102.7
   vertex -1.3826864013671876 -2.964259521484375 102.7
   vertex -1.3826864013671876 -2.964259521484375 107.2
  endloop
 endfacet
 facet normal -1.0 -0.0 0.0
  outer loop
   vertex -1.3826864013671876 -2.964259521484375 107.2
   vertex -1.3826864013671876 -3.091968994140625 102.7
   vertex -1.3826864013671876 -3.091968994140625 107.2
  endloop
 endfacet
 facet normal -1.0 0.0 0.0
  outer loop
   vertex -1.3826864013671876 -2.964259521484375 102.7
   vertex -1.3826864013671876 -3.091968994140625 102.7
   vertex -1.3826864013671876 -2.964259521484375 107.2
  endloop
 endfacet
 facet normal -0.9976171851158142 -0.06899166852235794 3.1166482589162214e-11
  outer loop
   vertex -1.3826864013671876 -3.091968994140625 107.2
   vertex -1.37387548828125 -3.21937451171875 102.7
   vertex -1.37387548828125 -3.21937451171875 107.2
  endloop
 endfacet
 facet normal -0.9976171851158142 -0.06899166852235794 0.0
  outer loop
   vertex -1.3826864013671876 -3.091968994140625 102.7
   vertex -1.37387548828125 -3.21937451171875 102.7
   vertex -1.3826864013671876 -3.091968994140625 107.2
  endloop
 endfacet
 facet normal -0.9904804825782776 -0.13765281438827515 2.080534078352514e-10
  outer loop
   vertex -1.37387548828125 -3.21937451171875 107.2
   vertex -1.3562958984375 -3.345868408203125 102.7
   vertex -1.3562958984375 -3.345868408203125 107.2
  endloop
 endfacet
 facet normal -0.9904804825782776 -0.13765281438827515 0.0
  outer loop
   vertex -1.37387548828125 -3.21937451171875 102.7
   vertex -1.3562958984375 -3.345868408203125 102.7
   vertex -1.37387548828125 -3.21937451171875 107.2
  endloop
 endfacet
 facet normal -0.9786235094070435 -0.2056599110364914 2.0219334539994804e-10
  outer loop
   vertex -1.3562958984375 -3.345868408203125 107.2
   vertex -1.3300311279296875 -3.4708481445312502 102.7
   vertex -1.3300311279296875 -3.4708481445312502 107.2
  endloop
 endfacet
 facet normal -0.9786235094070435 -0.2056599110364914 0.0
  outer loop
   vertex -1.3562958984375 -3.345868408203125 102.7
   vertex -1.3300311279296875 -3.4708481445312502 102.7
   vertex -1.3562958984375 -3.345868408203125 107.2
  endloop
 endfacet
 facet normal -0.9621029496192932 -0.2726864814758301 -1.8316159700049184e-10
  outer loop
   vertex -1.3300311279296875 -3.4708481445312502 107.2
   vertex -1.2952064208984375 -3.593718017578125 102.7
   vertex -1.2952064208984375 -3.593718017578125 107.2
  endloop
 endfacet
 facet normal -0.9621029496192932 -0.2726864814758301 0.0
  outer loop
   vertex -1.3300311279296875 -3.4708481445312502 102.7
   vertex -1.2952064208984375 -3.593718017578125 102.7
   vertex -1.3300311279296875 -3.4708481445312502 107.2
  endloop
 endfacet
 facet normal -0.9409977197647095 -0.3384130001068115 2.893143502546991e-10
  outer loop
   vertex -1.2952064208984375 -3.593718017578125 107.2
   vertex -1.25198779296875 -3.7138925781250003 102.7
   vertex -1.25198779296875 -3.7138925781250003 107.2
  endloop
 endfacet
 facet normal -0.9154080748558044 -0.4025270640850067 -0.0
  outer loop
   vertex -1.25198779296875 -3.7138925781250003 107.2
   vertex -1.25198779296875 -3.7138925781250003 102.7
   vertex -1.2005811767578125 -3.830799072265625 107.2
  endloop
 endfacet
 facet normal -0.9409977197647095 -0.3384130001068115 0.0
  outer loop
   vertex -1.2952064208984375 -3.593718017578125 102.7
   vertex -1.25198779296875 -3.7138925781250003 102.7
   vertex -1.2952064208984375 -3.593718017578125 107.2
  endloop
 endfacet
 facet normal -0.9154080748558044 -0.4025270640850067 -3.2540739547393116e-10
  outer loop
   vertex -1.25198779296875 -3.7138925781250003 102.7
   vertex -1.2005811767578125 -3.830799072265625 102.7
   vertex -1.2005811767578125 -3.830799072265625 107.2
  endloop
 endfacet
 facet normal -0.8854561448097229 -0.4647229015827179 2.929957942932049e-10
  outer loop
   vertex -1.2005811767578125 -3.830799072265625 107.2
   vertex -1.1412314453125 -3.943880615234375 102.7
   vertex -1.1412314453125 -3.943880615234375 107.2
  endloop
 endfacet
 facet normal -0.8854561448097229 -0.4647229015827179 0.0
  outer loop
   vertex -1.2005811767578125 -3.830799072265625 102.7
   vertex -1.1412314453125 -3.943880615234375 102.7
   vertex -1.2005811767578125 -3.830799072265625 107.2
  endloop
 endfacet
 facet normal -0.8512843251228333 -0.5247046947479248 4.035569656224425e-10
  outer loop
   vertex -1.1412314453125 -3.943880615234375 107.2
   vertex -1.0742215576171876 -4.052597900390625 102.7
   vertex -1.0742215576171876 -4.052597900390625 107.2
  endloop
 endfacet
 facet normal -0.8512843251228333 -0.5247046947479248 0.0
  outer loop
   vertex -1.1412314453125 -3.943880615234375 102.7
   vertex -1.0742215576171876 -4.052597900390625 102.7
   vertex -1.1412314453125 -3.943880615234375 107.2
  endloop
 endfacet
 facet normal -0.8130565285682678 -0.5821847319602966 0.0
  outer loop
   vertex -1.0742215576171876 -4.052597900390625 102.7
   vertex -0.9998709106445313 -4.15643310546875 102.7
   vertex -1.0742215576171876 -4.052597900390625 107.2
  endloop
 endfacet
 facet normal -0.8130565285682678 -0.5821847319602966 2.9172578241976055e-10
  outer loop
   vertex -1.0742215576171876 -4.052597900390625 107.2
   vertex -0.9998709106445313 -4.15643310546875 102.7
   vertex -0.9998709106445313 -4.15643310546875 107.2
  endloop
 endfacet
 facet normal -0.7709525227546692 -0.6368926763534546 0.0
  outer loop
   vertex -0.9998709106445313 -4.15643310546875 102.7
   vertex -0.9185336303710938 -4.25489111328125 102.7
   vertex -0.9998709106445313 -4.15643310546875 107.2
  endloop
 endfacet
 facet normal -0.7709525227546692 -0.6368926763534546 1.1139058425646553e-10
  outer loop
   vertex -0.9998709106445313 -4.15643310546875 107.2
   vertex -0.9185336303710938 -4.25489111328125 102.7
   vertex -0.9185336303710938 -4.25489111328125 107.2
  endloop
 endfacet
 facet normal -0.7251772284507751 -0.688562273979187 -0.0
  outer loop
   vertex -0.9185336303710938 -4.25489111328125 107.2
   vertex -0.9185336303710938 -4.25489111328125 102.7
   vertex -0.830597412109375 -4.34750341796875 107.2
  endloop
 endfacet
 facet normal -0.7251772284507751 -0.688562273979187 4.0977937709740786e-10
  outer loop
   vertex -0.9185336303710938 -4.25489111328125 102.7
   vertex -0.830597412109375 -4.34750341796875 102.7
   vertex -0.830597412109375 -4.34750341796875 107.2
  endloop
 endfacet
 facet normal -0.6759421825408936 -0.7369546294212341 -0.0
  outer loop
   vertex -0.830597412109375 -4.34750341796875 107.2
   vertex -0.830597412109375 -4.34750341796875 102.7
   vertex -0.7364813232421875 -4.43382763671875 107.2
  endloop
 endfacet
 facet normal -0.6759421825408936 -0.7369546294212341 3.542928173061455e-10
  outer loop
   vertex -0.830597412109375 -4.34750341796875 102.7
   vertex -0.7364813232421875 -4.43382763671875 102.7
   vertex -0.7364813232421875 -4.43382763671875 107.2
  endloop
 endfacet
 facet normal -0.623491108417511 -0.781830370426178 0.0
  outer loop
   vertex -0.7364813232421875 -4.43382763671875 102.7
   vertex -0.6366338500976563 -4.51345361328125 102.7
   vertex -0.7364813232421875 -4.43382763671875 107.2
  endloop
 endfacet
 facet normal -0.623491108417511 -0.781830370426178 1.3970458123679919e-10
  outer loop
   vertex -0.7364813232421875 -4.43382763671875 107.2
   vertex -0.6366338500976563 -4.51345361328125 102.7
   vertex -0.6366338500976563 -4.51345361328125 107.2
  endloop
 endfacet
 facet normal -0.5680643916130066 -0.8229840993881226 0.0
  outer loop
   vertex -0.6366338500976563 -4.51345361328125 102.7
   vertex -0.53153076171875 -4.5860009765625005 102.7
   vertex -0.6366338500976563 -4.51345361328125 107.2
  endloop
 endfacet
 facet normal -0.5680643916130066 -0.8229840993881226 3.7207925629445526e-10
  outer loop
   vertex -0.6366338500976563 -4.51345361328125 107.2
   vertex -0.53153076171875 -4.5860009765625005 102.7
   vertex -0.53153076171875 -4.5860009765625005 107.2
  endloop
 endfacet
 facet normal -0.5099310278892517 -0.8602153658866882 0.0
  outer loop
   vertex -0.53153076171875 -4.5860009765625005 102.7
   vertex -0.42167306518554687 -4.6511240234375 102.7
   vertex -0.53153076171875 -4.5860009765625005 107.2
  endloop
 endfacet
 facet normal -0.5099310278892517 -0.8602153658866882 2.531699017094269e-10
  outer loop
   vertex -0.53153076171875 -4.5860009765625005 107.2
   vertex -0.42167306518554687 -4.6511240234375 102.7
   vertex -0.42167306518554687 -4.6511240234375 107.2
  endloop
 endfacet
 facet normal -0.4493716359138489 -0.8933449387550354 0.0
  outer loop
   vertex -0.42167306518554687 -4.6511240234375 102.7
   vertex -0.30758416748046874 -4.70851318359375 102.7
   vertex -0.42167306518554687 -4.6511240234375 107.2
  endloop
 endfacet
 facet normal -0.4493716359138489 -0.8933449387550354 -3.5172498247248996e-10
  outer loop
   vertex -0.42167306518554687 -4.6511240234375 107.2
   vertex -0.30758416748046874 -4.70851318359375 102.7
   vertex -0.30758416748046874 -4.70851318359375 107.2
  endloop
 endfacet
 facet normal -0.3866683542728424 -0.9222188591957092 0.0
  outer loop
   vertex -0.30758416748046874 -4.70851318359375 102.7
   vertex -0.18980776977539063 -4.75789453125 102.7
   vertex -0.30758416748046874 -4.70851318359375 107.2
  endloop
 endfacet
 facet normal -0.3866683542728424 -0.9222188591957092 -3.6458561170071846e-10
  outer loop
   vertex -0.30758416748046874 -4.70851318359375 107.2
   vertex -0.18980776977539063 -4.75789453125 102.7
   vertex -0.18980776977539063 -4.75789453125 107.2
  endloop
 endfacet
 facet normal -0.32211893796920776 -0.946699321269989 -0.0
  outer loop
   vertex -0.18980776977539063 -4.75789453125 107.2
   vertex -0.18980776977539063 -4.75789453125 102.7
   vertex -0.0689051513671875 -4.7990322265625 107.2
  endloop
 endfacet
 facet normal -0.32211893796920776 -0.946699321269989 3.3909802743536943e-10
  outer loop
   vertex -0.18980776977539063 -4.75789453125 102.7
   vertex -0.0689051513671875 -4.7990322265625 102.7
   vertex -0.0689051513671875 -4.7990322265625 107.2
  endloop
 endfacet
 facet normal -0.25603947043418884 -0.9666664004325867 0.0
  outer loop
   vertex -0.0689051513671875 -4.7990322265625 102.7
   vertex 0.05454754638671875 -4.83173095703125 102.7
   vertex -0.0689051513671875 -4.7990322265625 107.2
  endloop
 endfacet
 facet normal -0.25603947043418884 -0.9666664004325867 1.6101829591885775e-10
  outer loop
   vertex -0.0689051513671875 -4.7990322265625 107.2
   vertex 0.05454754638671875 -4.83173095703125 102.7
   vertex 0.05454754638671875 -4.83173095703125 107.2
  endloop
 endfacet
 facet normal -0.18873676657676697 -0.9820277094841003 0.0
  outer loop
   vertex 0.05454754638671875 -4.83173095703125 102.7
   vertex 0.17996200561523437 -4.85583447265625 102.7
   vertex 0.05454754638671875 -4.83173095703125 107.2
  endloop
 endfacet
 facet normal -0.18873676657676697 -0.9820277094841003 1.143982131246446e-10
  outer loop
   vertex 0.05454754638671875 -4.83173095703125 107.2
   vertex 0.17996200561523437 -4.85583447265625 102.7
   vertex 0.17996200561523437 -4.85583447265625 107.2
  endloop
 endfacet
 facet normal -0.12053551524877548 -0.9927089214324951 -0.0
  outer loop
   vertex 0.17996200561523437 -4.85583447265625 107.2
   vertex 0.17996200561523437 -4.85583447265625 102.7
   vertex 0.30674057006835936 -4.87122802734375 107.2
  endloop
 endfacet
 facet normal -0.12053551524877548 -0.9927089214324951 -1.9498513914584237e-11
  outer loop
   vertex 0.17996200561523437 -4.85583447265625 102.7
   vertex 0.30674057006835936 -4.87122802734375 102.7
   vertex 0.30674057006835936 -4.87122802734375 107.2
  endloop
 endfacet
 facet normal -0.05176457390189171 -0.9986593127250671 0.0
  outer loop
   vertex 0.30674057006835936 -4.87122802734375 102.7
   vertex 0.43427908325195314 -4.8778388671875 102.7
   vertex 0.30674057006835936 -4.87122802734375 107.2
  endloop
 endfacet
 facet normal -0.05176457390189171 -0.9986593127250671 -4.672382272752351e-11
  outer loop
   vertex 0.30674057006835936 -4.87122802734375 107.2
   vertex 0.43427908325195314 -4.8778388671875 102.7
   vertex 0.43427908325195314 -4.8778388671875 107.2
  endloop
 endfacet
 facet normal 0.017262503504753113 -0.9998509883880615 0.0
  outer loop
   vertex 0.43427908325195314 -4.8778388671875 102.7
   vertex 0.5619697875976563 -4.87563427734375 102.7
   vertex 0.43427908325195314 -4.8778388671875 107.2
  endloop
 endfacet
 facet normal 0.017262503504753113 -0.9998509883880615 2.5591794308721383e-11
  outer loop
   vertex 0.43427908325195314 -4.8778388671875 107.2
   vertex 0.5619697875976563 -4.87563427734375 102.7
   vertex 0.5619697875976563 -4.87563427734375 107.2
  endloop
 endfacet
 facet normal 0.08620166778564453 -0.9962776899337769 0.0
  outer loop
   vertex 0.5619697875976563 -4.87563427734375 102.7
   vertex 0.6892041015625 -4.86462548828125 102.7
   vertex 0.5619697875976563 -4.87563427734375 107.2
  endloop
 endfacet
 facet normal 0.08620166778564453 -0.9962776899337769 7.872007212750276e-11
  outer loop
   vertex 0.5619697875976563 -4.87563427734375 107.2
   vertex 0.6892041015625 -4.86462548828125 102.7
   vertex 0.6892041015625 -4.86462548828125 107.2
  endloop
 endfacet
 facet normal 0.15472783148288727 -0.9879570603370667 0.0
  outer loop
   vertex 0.6892041015625 -4.86462548828125 102.7
   vertex 0.8153758544921875 -4.844865234375 102.7
   vertex 0.6892041015625 -4.86462548828125 107.2
  endloop
 endfacet
 facet normal 0.15472783148288727 -0.9879570603370667 1.4385335977973313e-10
  outer loop
   vertex 0.6892041015625 -4.86462548828125 107.2
   vertex 0.8153758544921875 -4.844865234375 102.7
   vertex 0.8153758544921875 -4.844865234375 107.2
  endloop
 endfacet
 facet normal 0.22252008318901062 -0.974928081035614 0.0
  outer loop
   vertex 0.8153758544921875 -4.844865234375 107.2
   vertex 0.8153758544921875 -4.844865234375 102.7
   vertex 0.9398836059570312 -4.816447265625 107.2
  endloop
 endfacet
 facet normal 0.22252008318901062 -0.974928081035614 1.1491680523834091e-10
  outer loop
   vertex 0.8153758544921875 -4.844865234375 102.7
   vertex 0.9398836059570312 -4.816447265625 102.7
   vertex 0.9398836059570312 -4.816447265625 107.2
  endloop
 endfacet
 facet normal 0.2892531752586365 -0.9572526812553406 0.0
  outer loop
   vertex 0.9398836059570312 -4.816447265625 107.2
   vertex 0.9398836059570312 -4.816447265625 102.7
   vertex 1.062134033203125 -4.7795068359375 107.2
  endloop
 endfacet
 facet normal 0.2892531752586365 -0.9572526812553406 -1.5049123058830105e-10
  outer loop
   vertex 0.9398836059570312 -4.816447265625 102.7
   vertex 1.062134033203125 -4.7795068359375 102.7
   vertex 1.062134033203125 -4.7795068359375 107.2
  endloop
 endfacet
 facet normal 0.3546055257320404 -0.9350159764289856 3.1436131475715e-10
  outer loop
   vertex 1.062134033203125 -4.7795068359375 107.2
   vertex 1.1815447998046875 -4.73422021484375 102.7
   vertex 1.1815447998046875 -4.73422021484375 107.2
  endloop
 endfacet
 facet normal 0.3546055257320404 -0.9350159764289856 0.0
  outer loop
   vertex 1.062134033203125 -4.7795068359375 102.7
   vertex 1.1815447998046875 -4.73422021484375 102.7
   vertex 1.062134033203125 -4.7795068359375 107.2
  endloop
 endfacet
 facet normal 0.4182656407356262 -0.9083247184753418 -3.5885617394315616e-11
  outer loop
   vertex 1.1815447998046875 -4.73422021484375 107.2
   vertex 1.2975465087890625 -4.6808037109375 102.7
   vertex 1.2975465087890625 -4.6808037109375 107.2
  endloop
 endfacet
 facet normal 0.4182656407356262 -0.9083247184753418 0.0
  outer loop
   vertex 1.1815447998046875 -4.73422021484375 102.7
   vertex 1.2975465087890625 -4.6808037109375 102.7
   vertex 1.1815447998046875 -4.73422021484375 107.2
  endloop
 endfacet
 facet normal 0.47993937134742737 -0.8773016929626465 1.9913359156076282e-11
  outer loop
   vertex 1.2975465087890625 -4.6808037109375 107.2
   vertex 1.4095865478515626 -4.6195107421875 102.7
   vertex 1.4095865478515626 -4.6195107421875 107.2
  endloop
 endfacet
 facet normal 0.5393200516700745 -0.8421009182929993 0.0
  outer loop
   vertex 1.4095865478515626 -4.6195107421875 107.2
   vertex 1.4095865478515626 -4.6195107421875 102.7
   vertex 1.517131103515625 -4.55063427734375 107.2
  endloop
 endfacet
 facet normal 0.47993937134742737 -0.8773016929626465 0.0
  outer loop
   vertex 1.2975465087890625 -4.6808037109375 102.7
   vertex 1.4095865478515626 -4.6195107421875 102.7
   vertex 1.2975465087890625 -4.6808037109375 107.2
  endloop
 endfacet
 facet normal 0.5393200516700745 -0.8421009182929993 4.0563097325474473e-10
  outer loop
   vertex 1.4095865478515626 -4.6195107421875 102.7
   vertex 1.517131103515625 -4.55063427734375 102.7
   vertex 1.517131103515625 -4.55063427734375 107.2
  endloop
 endfacet
 facet normal 0.5961324572563171 -0.8028860688209534 -1.7942797247982867e-10
  outer loop
   vertex 1.517131103515625 -4.55063427734375 107.2
   vertex 1.6196673583984376 -4.47450244140625 102.7
   vertex 1.6196673583984376 -4.47450244140625 107.2
  endloop
 endfacet
 facet normal 0.5961324572563171 -0.8028860688209534 0.0
  outer loop
   vertex 1.517131103515625 -4.55063427734375 102.7
   vertex 1.6196673583984376 -4.47450244140625 102.7
   vertex 1.517131103515625 -4.55063427734375 107.2
  endloop
 endfacet
 facet normal 0.650102972984314 -0.7598460912704468 -2.2630734786144302e-10
  outer loop
   vertex 1.6196673583984376 -4.47450244140625 107.2
   vertex 1.7167070312500001 -4.39147802734375 102.7
   vertex 1.7167070312500001 -4.39147802734375 107.2
  endloop
 endfacet
 facet normal 0.650102972984314 -0.7598460912704468 0.0
  outer loop
   vertex 1.6196673583984376 -4.47450244140625 102.7
   vertex 1.7167070312500001 -4.39147802734375 102.7
   vertex 1.6196673583984376 -4.47450244140625 107.2
  endloop
 endfacet
 facet normal 0.7009788751602173 -0.7131820917129517 0.0
  outer loop
   vertex 1.7167070312500001 -4.39147802734375 102.7
   vertex 1.8077874755859376 -4.3019560546875 102.7
   vertex 1.7167070312500001 -4.39147802734375 107.2
  endloop
 endfacet
 facet normal 0.7009788751602173 -0.7131820917129517 -2.166612861342898e-10
  outer loop
   vertex 1.7167070312500001 -4.39147802734375 107.2
   vertex 1.8077874755859376 -4.3019560546875 102.7
   vertex 1.8077874755859376 -4.3019560546875 107.2
  endloop
 endfacet
 facet normal 0.7485100030899048 -0.6631234884262085 0.0
  outer loop
   vertex 1.8077874755859376 -4.3019560546875 107.2
   vertex 1.8077874755859376 -4.3019560546875 102.7
   vertex 1.892474609375 -4.2063642578125 107.2
  endloop
 endfacet
 facet normal 0.7485100030899048 -0.6631234884262085 -3.771103429528466e-10
  outer loop
   vertex 1.8077874755859376 -4.3019560546875 102.7
   vertex 1.892474609375 -4.2063642578125 102.7
   vertex 1.892474609375 -4.2063642578125 107.2
  endloop
 endfacet
 facet normal 0.7924766540527344 -0.6099023222923279 0.0
  outer loop
   vertex 1.892474609375 -4.2063642578125 107.2
   vertex 1.892474609375 -4.2063642578125 102.7
   vertex 1.9703651123046875 -4.1051572265625005 107.2
  endloop
 endfacet
 facet normal 0.7924766540527344 -0.6099023222923279 2.7463847862563284e-10
  outer loop
   vertex 1.892474609375 -4.2063642578125 102.7
   vertex 1.9703651123046875 -4.1051572265625005 102.7
   vertex 1.9703651123046875 -4.1051572265625005 107.2
  endloop
 endfacet
 facet normal 0.8326665163040161 -0.5537747144699097 0.0
  outer loop
   vertex 1.9703651123046875 -4.1051572265625005 107.2
   vertex 1.9703651123046875 -4.1051572265625005 102.7
   vertex 2.0410875244140625 -3.9988176269531253 107.2
  endloop
 endfacet
 facet normal 0.8326665163040161 -0.5537747144699097 3.718200747293565e-10
  outer loop
   vertex 1.9703651123046875 -4.1051572265625005 102.7
   vertex 2.0410875244140625 -3.9988176269531253 102.7
   vertex 2.0410875244140625 -3.9988176269531253 107.2
  endloop
 endfacet
 facet normal 0.868888258934021 -0.4950081706047058 0.0
  outer loop
   vertex 2.0410875244140625 -3.9988176269531253 102.7
   vertex 2.104304931640625 -3.88785205078125 102.7
   vertex 2.0410875244140625 -3.9988176269531253 107.2
  endloop
 endfacet
 facet normal 0.868888258934021 -0.4950081706047058 -6.559999071731326e-11
  outer loop
   vertex 2.0410875244140625 -3.9988176269531253 107.2
   vertex 2.104304931640625 -3.88785205078125 102.7
   vertex 2.104304931640625 -3.88785205078125 107.2
  endloop
 endfacet
 facet normal 0.9009689688682556 -0.4338834285736084 0.0
  outer loop
   vertex 2.104304931640625 -3.88785205078125 102.7
   vertex 2.159716064453125 -3.77278955078125 102.7
   vertex 2.104304931640625 -3.88785205078125 107.2
  endloop
 endfacet
 facet normal 0.9009689688682556 -0.4338834285736084 -3.1861399629740106e-10
  outer loop
   vertex 2.104304931640625 -3.88785205078125 107.2
   vertex 2.159716064453125 -3.77278955078125 102.7
   vertex 2.159716064453125 -3.77278955078125 107.2
  endloop
 endfacet
 facet normal 0.9287562370300293 -0.370691180229187 0.0
  outer loop
   vertex 2.159716064453125 -3.77278955078125 102.7
   vertex 2.207056884765625 -3.654178466796875 102.7
   vertex 2.159716064453125 -3.77278955078125 107.2
  endloop
 endfacet
 facet normal 0.9287562370300293 -0.370691180229187 3.111467680727564e-11
  outer loop
   vertex 2.159716064453125 -3.77278955078125 107.2
   vertex 2.207056884765625 -3.654178466796875 102.7
   vertex 2.207056884765625 -3.654178466796875 107.2
  endloop
 endfacet
 facet normal 0.9521176815032959 -0.30573171377182007 0.0
  outer loop
   vertex 2.207056884765625 -3.654178466796875 102.7
   vertex 2.246101806640625 -3.532583740234375 102.7
   vertex 2.207056884765625 -3.654178466796875 107.2
  endloop
 endfacet
 facet normal 0.9521176815032959 -0.30573171377182007 -2.422793077272445e-10
  outer loop
   vertex 2.207056884765625 -3.654178466796875 107.2
   vertex 2.246101806640625 -3.532583740234375 102.7
   vertex 2.246101806640625 -3.532583740234375 107.2
  endloop
 endfacet
 facet normal 0.9709417223930359 -0.239315927028656 0.0
  outer loop
   vertex 2.246101806640625 -3.532583740234375 102.7
   vertex 2.2766647949218752 -3.4085849609375 102.7
   vertex 2.246101806640625 -3.532583740234375 107.2
  endloop
 endfacet
 facet normal 0.9709417223930359 -0.239315927028656 7.861629403027592e-11
  outer loop
   vertex 2.246101806640625 -3.532583740234375 107.2
   vertex 2.2766647949218752 -3.4085849609375 102.7
   vertex 2.2766647949218752 -3.4085849609375 107.2
  endloop
 endfacet
 facet normal 0.985139012336731 -0.17175915837287903 0.0
  outer loop
   vertex 2.2766647949218752 -3.4085849609375 102.7
   vertex 2.29860009765625 -3.282773193359375 102.7
   vertex 2.2766647949218752 -3.4085849609375 107.2
  endloop
 endfacet
 facet normal 0.985139012336731 -0.17175915837287903 -5.0302040310867824e-11
  outer loop
   vertex 2.2766647949218752 -3.4085849609375 107.2
   vertex 2.29860009765625 -3.282773193359375 102.7
   vertex 2.29860009765625 -3.282773193359375 107.2
  endloop
 endfacet
 facet normal 0.9946416020393372 -0.1033838763833046 0.0
  outer loop
   vertex 2.29860009765625 -3.282773193359375 102.7
   vertex 2.31180322265625 -3.1557478027343753 102.7
   vertex 2.29860009765625 -3.282773193359375 107.2
  endloop
 endfacet
 facet normal 0.9946416020393372 -0.1033838763833046 5.3102338498645096e-11
  outer loop
   vertex 2.29860009765625 -3.282773193359375 107.2
   vertex 2.31180322265625 -3.1557478027343753 102.7
   vertex 2.31180322265625 -3.1557478027343753 107.2
  endloop
 endfacet
 facet normal 0.9994041323661804 -0.03451547771692276 0.0
  outer loop
   vertex 2.31180322265625 -3.1557478027343753 102.7
   vertex 2.3162111816406252 -3.0281142578125 102.7
   vertex 2.31180322265625 -3.1557478027343753 107.2
  endloop
 endfacet
 facet normal 0.9994041323661804 -0.03451547771692276 -4.096764594230251e-11
  outer loop
   vertex 2.31180322265625 -3.1557478027343753 107.2
   vertex 2.3162111816406252 -3.0281142578125 102.7
   vertex 2.3162111816406252 -3.0281142578125 107.2
  endloop
 endfacet
 facet normal 0.0 0.0 -1.0
  outer loop
   vertex -0.9185336303710938 -4.25489111328125 102.7
   vertex -0.9998709106445313 -4.15643310546875 102.7
   vertex -0.830597412109375 -4.34750341796875 102.7
  endloop
 endfacet
 facet normal 0.0 0.0 -1.0
  outer loop
   vertex -0.830597412109375 -4.34750341796875 102.7
   vertex -0.9998709106445313 -4.15643310546875 102.7
   vertex -0.7364813232421875 -4.43382763671875 102.7
  endloop
 endfacet
 facet normal 0.0 0.0 -1.0
  outer loop
   vertex -0.7364813232421875 -4.43382763671875 102.7
   vertex -0.53153076171875 -4.5860009765625005 102.7
   vertex -0.6366338500976563 -4.51345361328125 102.7
  endloop
 endfacet
 facet normal 0.0 0.0 -1.0
  outer loop
   vertex -0.7364813232421875 -4.43382763671875 102.7
   vertex -0.42167306518554687 -4.6511240234375 102.7
   vertex -0.53153076171875 -4.5860009765625005 102.7
  endloop
 endfacet
 facet normal 0.0 0.0 -1.0
  outer loop
   vertex -0.9998709106445313 -4.15643310546875 102.7
   vertex -0.42167306518554687 -4.6511240234375 102.7
   vertex -0.7364813232421875 -4.43382763671875 102.7
  endloop
 endfacet
 facet normal 0.0 0.0 -1.0
  outer loop
   vertex -0.9998709106445313 -4.15643310546875 102.7
   vertex -0.0689051513671875 -4.7990322265625 102.7
   vertex -0.42167306518554687 -4.6511240234375 102.7
  endloop
 endfacet
 facet normal 0.0 0.0 -1.0
  outer loop
   vertex -1.2005811767578125 -3.830799072265625 102.7
   vertex -0.0689051513671875 -4.7990322265625 102.7
   vertex -1.1412314453125 -3.943880615234375 102.7
  endloop
 endfacet
 facet normal 0.0 0.0 -1.0
  outer loop
   vertex -1.1412314453125 -3.943880615234375 102.7
   vertex -0.0689051513671875 -4.7990322265625 102.7
   vertex -1.0742215576171876 -4.052597900390625 102.7
  endloop
 endfacet
 facet normal 0.0 0.0 -1.0
  outer loop
   vertex -1.0742215576171876 -4.052597900390625 102.7
   vertex -0.0689051513671875 -4.7990322265625 102.7
   vertex -0.9998709106445313 -4.15643310546875 102.7
  endloop
 endfacet
 facet normal 0.0 0.0 -1.0
  outer loop
   vertex -0.42167306518554687 -4.6511240234375 102.7
   vertex -0.0689051513671875 -4.7990322265625 102.7
   vertex -0.30758416748046874 -4.70851318359375 102.7
  endloop
 endfacet
 facet normal 0.0 0.0 -1.0
  outer loop
   vertex -0.30758416748046874 -4.70851318359375 102.7
   vertex -0.0689051513671875 -4.7990322265625 102.7
   vertex -0.18980776977539063 -4.75789453125 102.7
  endloop
 endfacet
 facet normal 0.0 0.0 -1.0
  outer loop
   vertex -1.2952064208984375 -3.593718017578125 102.7
   vertex -1.3300311279296875 -3.4708481445312502 102.7
   vertex -1.25198779296875 -3.7138925781250003 102.7
  endloop
 endfacet
 facet normal 0.0 0.0 -1.0
  outer loop
   vertex -1.3300311279296875 -3.4708481445312502 102.7
   vertex -1.3562958984375 -3.345868408203125 102.7
   vertex -1.25198779296875 -3.7138925781250003 102.7
  endloop
 endfacet
 facet normal 0.0 0.0 -1.0
  outer loop
   vertex 0.05454754638671875 -4.83173095703125 102.7
   vertex 0.30674057006835936 -4.87122802734375 102.7
   vertex 0.17996200561523437 -4.85583447265625 102.7
  endloop
 endfacet
 facet normal 0.0 0.0 -1.0
  outer loop
   vertex 0.05454754638671875 -4.83173095703125 102.7
   vertex 0.43427908325195314 -4.8778388671875 102.7
   vertex 0.30674057006835936 -4.87122802734375 102.7
  endloop
 endfacet
 facet normal 0.0 0.0 -1.0
  outer loop
   vertex -0.0689051513671875 -4.7990322265625 102.7
   vertex 0.43427908325195314 -4.8778388671875 102.7
   vertex 0.05454754638671875 -4.83173095703125 102.7
  endloop
 endfacet
 facet normal 0.0 0.0 -1.0
  outer loop
   vertex -1.3826864013671876 -3.091968994140625 102.7
   vertex -1.3826864013671876 -2.964259521484375 102.7
   vertex -1.37387548828125 -3.21937451171875 102.7
  endloop
 endfacet
 facet normal 0.0 0.0 -1.0
  outer loop
   vertex -1.3826864013671876 -2.964259521484375 102.7
   vertex -1.3562958984375 -2.710360107421875 102.7
   vertex -1.37387548828125 -3.21937451171875 102.7
  endloop
 endfacet
 facet normal 0.0 -0.0 -1.0
  outer loop
   vertex -1.37387548828125 -2.83685400390625 102.7
   vertex -1.3562958984375 -2.710360107421875 102.7
   vertex -1.3826864013671876 -2.964259521484375 102.7
  endloop
 endfacet
 facet normal 0.0 0.0 -1.0
  outer loop
   vertex 0.6892041015625 -4.86462548828125 102.7
   vertex 0.9398836059570312 -4.816447265625 102.7
   vertex 0.8153758544921875 -4.844865234375 102.7
  endloop
 endfacet
 facet normal 0.0 -0.0 -1.0
  outer loop
   vertex -1.2952064208984375 -2.462510498046875 102.7
   vertex -1.25198779296875 -2.3423359375 102.7
   vertex -1.3300311279296875 -2.58538037109375 102.7
  endloop
 endfacet
 facet normal 0.0 -0.0 -1.0
  outer loop
   vertex -1.3300311279296875 -2.58538037109375 102.7
   vertex -1.25198779296875 -2.3423359375 102.7
   vertex -1.3562958984375 -2.710360107421875 102.7
  endloop
 endfacet
 facet normal 0.0 0.0 -1.0
  outer loop
   vertex 0.6892041015625 -4.86462548828125 102.7
   vertex 1.2975465087890625 -4.6808037109375 102.7
   vertex 0.9398836059570312 -4.816447265625 102.7
  endloop
 endfacet
 facet normal 0.0 0.0 -1.0
  outer loop
   vertex 0.5619697875976563 -4.87563427734375 102.7
   vertex 1.2975465087890625 -4.6808037109375 102.7
   vertex 0.6892041015625 -4.86462548828125 102.7
  endloop
 endfacet
 facet normal 0.0 0.0 -1.0
  outer loop
   vertex 0.9398836059570312 -4.816447265625 102.7
   vertex 1.2975465087890625 -4.6808037109375 102.7
   vertex 1.062134033203125 -4.7795068359375 102.7
  endloop
 endfacet
 facet normal 0.0 0.0 -1.0
  outer loop
   vertex 1.062134033203125 -4.7795068359375 102.7
   vertex 1.2975465087890625 -4.6808037109375 102.7
   vertex 1.1815447998046875 -4.73422021484375 102.7
  endloop
 endfacet
 facet normal 0.0 -0.0 -1.0
  outer loop
   vertex -1.2005811767578125 -2.225429443359375 102.7
   vertex -1.1412314453125 -2.112347900390625 102.7
   vertex -1.25198779296875 -2.3423359375 102.7
  endloop
 endfacet
 facet normal 0.0 -0.0 -1.0
  outer loop
   vertex -0.9998709106445313 -1.8997955322265625 102.7
   vertex -0.9185336303710938 -1.8013372802734375 102.7
   vertex -1.0742215576171876 -2.0036307373046873 102.7
  endloop
 endfacet
 facet normal 0.0 0.0 -1.0
  outer loop
   vertex 1.2975465087890625 -4.6808037109375 102.7
   vertex 1.7167070312500001 -4.39147802734375 102.7
   vertex 1.4095865478515626 -4.6195107421875 102.7
  endloop
 endfacet
 facet normal 0.0 0.0 -1.0
  outer loop
   vertex 1.4095865478515626 -4.6195107421875 102.7
   vertex 1.7167070312500001 -4.39147802734375 102.7
   vertex 1.517131103515625 -4.55063427734375 102.7
  endloop
 endfacet
 facet normal 0.0 0.0 -1.0
  outer loop
   vertex 1.517131103515625 -4.55063427734375 102.7
   vertex 1.7167070312500001 -4.39147802734375 102.7
   vertex 1.6196673583984376 -4.47450244140625 102.7
  endloop
 endfacet
 facet normal 0.0 -0.0 -1.0
  outer loop
   vertex -0.830597412109375 -1.708725341796875 102.7
   vertex -0.7364813232421875 -1.6224007568359375 102.7
   vertex -0.9185336303710938 -1.8013372802734375 102.7
  endloop
 endfacet
 facet normal 0.0 0.0 -1.0
  outer loop
   vertex 1.7167070312500001 -4.39147802734375 102.7
   vertex 1.892474609375 -4.2063642578125 102.7
   vertex 1.8077874755859376 -4.3019560546875 102.7
  endloop
 endfacet
 facet normal 0.0 -0.0 -1.0
  outer loop
   vertex -0.7364813232421875 -1.6224007568359375 102.7
   vertex -0.6366338500976563 -1.5427750244140626 102.7
   vertex -0.9185336303710938 -1.8013372802734375 102.7
  endloop
 endfacet
 facet normal 0.0 0.0 -1.0
  outer loop
   vertex -0.0689051513671875 -4.7990322265625 102.7
   vertex 1.9703651123046875 -4.1051572265625005 102.7
   vertex 0.43427908325195314 -4.8778388671875 102.7
  endloop
 endfacet
 facet normal 0.0 0.0 -1.0
  outer loop
   vertex 1.2975465087890625 -4.6808037109375 102.7
   vertex 1.9703651123046875 -4.1051572265625005 102.7
   vertex 1.7167070312500001 -4.39147802734375 102.7
  endloop
 endfacet
 facet normal 0.0 0.0 -1.0
  outer loop
   vertex 0.5619697875976563 -4.87563427734375 102.7
   vertex 1.9703651123046875 -4.1051572265625005 102.7
   vertex 1.2975465087890625 -4.6808037109375 102.7
  endloop
 endfacet
 facet normal 0.0 0.0 -1.0
  outer loop
   vertex 0.43427908325195314 -4.8778388671875 102.7
   vertex 1.9703651123046875 -4.1051572265625005 102.7
   vertex 0.5619697875976563 -4.87563427734375 102.7
  endloop
 endfacet
 facet normal 0.0 0.0 -1.0
  outer loop
   vertex 1.7167070312500001 -4.39147802734375 102.7
   vertex 1.9703651123046875 -4.1051572265625005 102.7
   vertex 1.892474609375 -4.2063642578125 102.7
  endloop
 endfacet
 facet normal 0.0 -0.0 -1.0
  outer loop
   vertex -0.6366338500976563 -1.5427750244140626 102.7
   vertex -0.53153076171875 -1.4702276611328124 102.7
   vertex -0.9185336303710938 -1.8013372802734375 102.7
  endloop
 endfacet
 facet normal 0.0 0.0 -1.0
  outer loop
   vertex -1.2005811767578125 -3.830799072265625 102.7
   vertex 2.104304931640625 -3.88785205078125 102.7
   vertex -0.0689051513671875 -4.7990322265625 102.7
  endloop
 endfacet
 facet normal 0.0 0.0 -1.0
  outer loop
   vertex -1.25198779296875 -3.7138925781250003 102.7
   vertex 2.104304931640625 -3.88785205078125 102.7
   vertex -1.2005811767578125 -3.830799072265625 102.7
  endloop
 endfacet
 facet normal 0.0 0.0 -1.0
  outer loop
   vertex -0.0689051513671875 -4.7990322265625 102.7
   vertex 2.104304931640625 -3.88785205078125 102.7
   vertex 1.9703651123046875 -4.1051572265625005 102.7
  endloop
 endfacet
 facet normal 0.0 0.0 -1.0
  outer loop
   vertex 1.9703651123046875 -4.1051572265625005 102.7
   vertex 2.104304931640625 -3.88785205078125 102.7
   vertex 2.0410875244140625 -3.9988176269531253 102.7
  endloop
 endfacet
 facet normal 0.0 -0.0 -1.0
  outer loop
   vertex -0.42167306518554687 -1.405104248046875 102.7
   vertex -0.30758416748046874 -1.34771533203125 102.7
   vertex -0.53153076171875 -1.4702276611328124 102.7
  endloop
 endfacet
 facet normal 0.0 0.0 -1.0
  outer loop
   vertex -1.3562958984375 -3.345868408203125 102.7
   vertex 2.207056884765625 -3.654178466796875 102.7
   vertex -1.25198779296875 -3.7138925781250003 102.7
  endloop
 endfacet
 facet normal 0.0 0.0 -1.0
  outer loop
   vertex -1.37387548828125 -3.21937451171875 102.7
   vertex 2.207056884765625 -3.654178466796875 102.7
   vertex -1.3562958984375 -3.345868408203125 102.7
  endloop
 endfacet
 facet normal 0.0 0.0 -1.0
  outer loop
   vertex -1.25198779296875 -3.7138925781250003 102.7
   vertex 2.207056884765625 -3.654178466796875 102.7
   vertex 2.104304931640625 -3.88785205078125 102.7
  endloop
 endfacet
 facet normal 0.0 0.0 -1.0
  outer loop
   vertex 2.104304931640625 -3.88785205078125 102.7
   vertex 2.207056884765625 -3.654178466796875 102.7
   vertex 2.159716064453125 -3.77278955078125 102.7
  endloop
 endfacet
 facet normal 0.0 -0.0 -1.0
  outer loop
   vertex -0.0689051513671875 -1.2571962890625 102.7
   vertex 0.05454754638671875 -1.2244976806640626 102.7
   vertex -0.18980776977539063 -1.298334228515625 102.7
  endloop
 endfacet
 facet normal 0.0 -0.0 -1.0
  outer loop
   vertex -0.18980776977539063 -1.298334228515625 102.7
   vertex 0.05454754638671875 -1.2244976806640626 102.7
   vertex -0.30758416748046874 -1.34771533203125 102.7
  endloop
 endfacet
 facet normal 0.0 -0.0 -1.0
  outer loop
   vertex -1.0742215576171876 -2.0036307373046873 102.7
   vertex 0.05454754638671875 -1.2244976806640626 102.7
   vertex -1.1412314453125 -2.112347900390625 102.7
  endloop
 endfacet
 facet normal 0.0 -0.0 -1.0
  outer loop
   vertex -1.1412314453125 -2.112347900390625 102.7
   vertex 0.05454754638671875 -1.2244976806640626 102.7
   vertex -1.25198779296875 -2.3423359375 102.7
  endloop
 endfacet
 facet normal 0.0 -0.0 -1.0
  outer loop
   vertex -0.9185336303710938 -1.8013372802734375 102.7
   vertex 0.05454754638671875 -1.2244976806640626 102.7
   vertex -1.0742215576171876 -2.0036307373046873 102.7
  endloop
 endfacet
 facet normal 0.0 -0.0 -1.0
  outer loop
   vertex -0.30758416748046874 -1.34771533203125 102.7
   vertex 0.05454754638671875 -1.2244976806640626 102.7
   vertex -0.53153076171875 -1.4702276611328124 102.7
  endloop
 endfacet
 facet normal 0.0 -0.0 -1.0
  outer loop
   vertex -0.53153076171875 -1.4702276611328124 102.7
   vertex 0.05454754638671875 -1.2244976806640626 102.7
   vertex -0.9185336303710938 -1.8013372802734375 102.7
  endloop
 endfacet
 facet normal 0.0 -0.0 -1.0
  outer loop
   vertex -1.3562958984375 -2.710360107421875 102.7
   vertex 2.2766647949218752 -3.4085849609375 102.7
   vertex -1.37387548828125 -3.21937451171875 102.7
  endloop
 endfacet
 facet normal 0.0 0.0 -1.0
  outer loop
   vertex 2.207056884765625 -3.654178466796875 102.7
   vertex 2.2766647949218752 -3.4085849609375 102.7
   vertex 2.246101806640625 -3.532583740234375 102.7
  endloop
 endfacet
 facet normal 0.0 0.0 -1.0
  outer loop
   vertex -1.37387548828125 -3.21937451171875 102.7
   vertex 2.2766647949218752 -3.4085849609375 102.7
   vertex 2.207056884765625 -3.654178466796875 102.7
  endloop
 endfacet
 facet normal 0.0 0.0 -1.0
  outer loop
   vertex -1.3562958984375 -2.710360107421875 102.7
   vertex 2.29860009765625 -3.282773193359375 102.7
   vertex 2.2766647949218752 -3.4085849609375 102.7
  endloop
 endfacet
 facet normal 0.0 -0.0 -1.0
  outer loop
   vertex 0.17996200561523437 -1.20039404296875 102.7
   vertex 0.30674057006835936 -1.185000244140625 102.7
   vertex 0.05454754638671875 -1.2244976806640626 102.7
  endloop
 endfacet
 facet normal 0.0 0.0 -1.0
  outer loop
   vertex 2.29860009765625 -3.282773193359375 102.7
   vertex 2.3162111816406252 -3.0281142578125 102.7
   vertex 2.31180322265625 -3.1557478027343753 102.7
  endloop
 endfacet
 facet normal 0.0 -0.0 -1.0
  outer loop
   vertex 0.43427908325195314 -1.178389892578125 102.7
   vertex 0.5619697875976563 -1.18059423828125 102.7
   vertex 0.30674057006835936 -1.185000244140625 102.7
  endloop
 endfacet
 facet normal 0.0 0.0 -1.0
  outer loop
   vertex 2.3162111816406252 -3.0281142578125 102.7
   vertex 2.29860009765625 -2.773455322265625 102.7
   vertex 2.31180322265625 -2.900480712890625 102.7
  endloop
 endfacet
 facet normal 0.0 0.0 -1.0
  outer loop
   vertex -1.3562958984375 -2.710360107421875 102.7
   vertex 2.29860009765625 -2.773455322265625 102.7
   vertex 2.29860009765625 -3.282773193359375 102.7
  endloop
 endfacet
 facet normal 0.0 0.0 -1.0
  outer loop
   vertex 2.29860009765625 -3.282773193359375 102.7
   vertex 2.29860009765625 -2.773455322265625 102.7
   vertex 2.3162111816406252 -3.0281142578125 102.7
  endloop
 endfacet
 facet normal -0.0 -0.0 -1.0
  outer loop
   vertex 0.6892041015625 -1.191602783203125 102.7
   vertex 0.8153758544921875 -1.21136328125 102.7
   vertex 0.5619697875976563 -1.18059423828125 102.7
  endloop
 endfacet
 facet normal 0.0 -0.0 -1.0
  outer loop
   vertex 0.5619697875976563 -1.18059423828125 102.7
   vertex 0.8153758544921875 -1.21136328125 102.7
   vertex 0.30674057006835936 -1.185000244140625 102.7
  endloop
 endfacet
 facet normal 0.0 0.0 -1.0
  outer loop
   vertex 2.29860009765625 -2.773455322265625 102.7
   vertex 2.246101806640625 -2.523644775390625 102.7
   vertex 2.2766647949218752 -2.6476435546875 102.7
  endloop
 endfacet
 facet normal -0.0 -0.0 -1.0
  outer loop
   vertex 0.9398836059570312 -1.2397813720703126 102.7
   vertex 1.062134033203125 -1.2767216796875 102.7
   vertex 0.8153758544921875 -1.21136328125 102.7
  endloop
 endfacet
 facet normal 0.0 -0.0 -1.0
  outer loop
   vertex 0.05454754638671875 -1.2244976806640626 102.7
   vertex 2.207056884765625 -2.402050048828125 102.7
   vertex -1.25198779296875 -2.3423359375 102.7
  endloop
 endfacet
 facet normal 0.0 0.0 -1.0
  outer loop
   vertex -1.3562958984375 -2.710360107421875 102.7
   vertex 2.207056884765625 -2.402050048828125 102.7
   vertex 2.29860009765625 -2.773455322265625 102.7
  endloop
 endfacet
 facet normal 0.0 -0.0 -1.0
  outer loop
   vertex -1.25198779296875 -2.3423359375 102.7
   vertex 2.207056884765625 -2.402050048828125 102.7
   vertex -1.3562958984375 -2.710360107421875 102.7
  endloop
 endfacet
 facet normal 0.0 0.0 -1.0
  outer loop
   vertex 2.29860009765625 -2.773455322265625 102.7
   vertex 2.207056884765625 -2.402050048828125 102.7
   vertex 2.246101806640625 -2.523644775390625 102.7
  endloop
 endfacet
 facet normal 0.0 0.0 -1.0
  outer loop
   vertex 0.05454754638671875 -1.2244976806640626 102.7
   vertex 2.159716064453125 -2.28343896484375 102.7
   vertex 2.207056884765625 -2.402050048828125 102.7
  endloop
 endfacet
 facet normal -0.0 -0.0 -1.0
  outer loop
   vertex 1.1815447998046875 -1.3220081787109375 102.7
   vertex 1.2975465087890625 -1.375425048828125 102.7
   vertex 1.062134033203125 -1.2767216796875 102.7
  endloop
 endfacet
 facet normal 0.0 -0.0 -1.0
  outer loop
   vertex 0.30674057006835936 -1.185000244140625 102.7
   vertex 1.2975465087890625 -1.375425048828125 102.7
   vertex 0.05454754638671875 -1.2244976806640626 102.7
  endloop
 endfacet
 facet normal -0.0 -0.0 -1.0
  outer loop
   vertex 0.8153758544921875 -1.21136328125 102.7
   vertex 1.2975465087890625 -1.375425048828125 102.7
   vertex 0.30674057006835936 -1.185000244140625 102.7
  endloop
 endfacet
 facet normal -0.0 -0.0 -1.0
  outer loop
   vertex 1.062134033203125 -1.2767216796875 102.7
   vertex 1.2975465087890625 -1.375425048828125 102.7
   vertex 0.8153758544921875 -1.21136328125 102.7
  endloop
 endfacet
 facet normal -0.0 -0.0 -1.0
  outer loop
   vertex 1.2975465087890625 -1.375425048828125 102.7
   vertex 1.4095865478515626 -1.4367176513671875 102.7
   vertex 0.05454754638671875 -1.2244976806640626 102.7
  endloop
 endfacet
 facet normal -0.0 -0.0 -1.0
  outer loop
   vertex 1.4095865478515626 -1.4367176513671875 102.7
   vertex 1.517131103515625 -1.5055941162109376 102.7
   vertex 0.05454754638671875 -1.2244976806640626 102.7
  endloop
 endfacet
 facet normal 0.0 0.0 -1.0
  outer loop
   vertex 2.104304931640625 -2.16837646484375 102.7
   vertex 1.9703651123046875 -1.9510714111328125 102.7
   vertex 2.0410875244140625 -2.057410888671875 102.7
  endloop
 endfacet
 facet normal -0.0 -0.0 -1.0
  outer loop
   vertex 1.517131103515625 -1.5055941162109376 102.7
   vertex 1.6196673583984376 -1.58172607421875 102.7
   vertex 0.05454754638671875 -1.2244976806640626 102.7
  endloop
 endfacet
 facet normal 0.0 0.0 -1.0
  outer loop
   vertex 2.104304931640625 -2.16837646484375 102.7
   vertex 1.892474609375 -1.8498643798828125 102.7
   vertex 1.9703651123046875 -1.9510714111328125 102.7
  endloop
 endfacet
 facet normal 0.0 0.0 -1.0
  outer loop
   vertex 2.159716064453125 -2.28343896484375 102.7
   vertex 1.8077874755859376 -1.7542723388671875 102.7
   vertex 2.104304931640625 -2.16837646484375 102.7
  endloop
 endfacet
 facet normal -0.0 -0.0 -1.0
  outer loop
   vertex 1.7167070312500001 -1.6647506103515626 102.7
   vertex 1.8077874755859376 -1.7542723388671875 102.7
   vertex 1.6196673583984376 -1.58172607421875 102.7
  endloop
 endfacet
 facet normal 0.0 0.0 -1.0
  outer loop
   vertex 0.05454754638671875 -1.2244976806640626 102.7
   vertex 1.8077874755859376 -1.7542723388671875 102.7
   vertex 2.159716064453125 -2.28343896484375 102.7
  endloop
 endfacet
 facet normal -0.0 -0.0 -1.0
  outer loop
   vertex 1.6196673583984376 -1.58172607421875 102.7
   vertex 1.8077874755859376 -1.7542723388671875 102.7
   vertex 0.05454754638671875 -1.2244976806640626 102.7
  endloop
 endfacet
 facet normal 0.0 0.0 -1.0
  outer loop
   vertex 2.104304931640625 -2.16837646484375 102.7
   vertex 1.8077874755859376 -1.7542723388671875 102.7
   vertex 1.892474609375 -1.8498643798828125 102.7
  endloop
 endfacet
 facet normal 0.0 0.0 1.0
  outer loop
   vertex -0.9998709106445313 -4.15643310546875 107.2
   vertex -0.9185336303710938 -4.25489111328125 107.2
   vertex -0.830597412109375 -4.34750341796875 107.2
  endloop
 endfacet
 facet normal 0.0 0.0 1.0
  outer loop
   vertex -0.9998709106445313 -4.15643310546875 107.2
   vertex -0.830597412109375 -4.34750341796875 107.2
   vertex -0.7364813232421875 -4.43382763671875 107.2
  endloop
 endfacet
 facet normal 0.0 0.0 1.0
  outer loop
   vertex -0.53153076171875 -4.5860009765625005 107.2
   vertex -0.7364813232421875 -4.43382763671875 107.2
   vertex -0.6366338500976563 -4.51345361328125 107.2
  endloop
 endfacet
 facet normal 0.0 0.0 1.0
  outer loop
   vertex -0.42167306518554687 -4.6511240234375 107.2
   vertex -0.7364813232421875 -4.43382763671875 107.2
   vertex -0.53153076171875 -4.5860009765625005 107.2
  endloop
 endfacet
 facet normal 0.0 0.0 1.0
  outer loop
   vertex -0.42167306518554687 -4.6511240234375 107.2
   vertex -0.9998709106445313 -4.15643310546875 107.2
   vertex -0.7364813232421875 -4.43382763671875 107.2
  endloop
 endfacet
 facet normal 0.0 0.0 1.0
  outer loop
   vertex -0.0689051513671875 -4.7990322265625 107.2
   vertex -0.9998709106445313 -4.15643310546875 107.2
   vertex -0.42167306518554687 -4.6511240234375 107.2
  endloop
 endfacet
 facet normal 0.0 0.0 1.0
  outer loop
   vertex -0.0689051513671875 -4.7990322265625 107.2
   vertex -1.2005811767578125 -3.830799072265625 107.2
   vertex -1.1412314453125 -3.943880615234375 107.2
  endloop
 endfacet
 facet normal 0.0 0.0 1.0
  outer loop
   vertex -0.0689051513671875 -4.7990322265625 107.2
   vertex -1.1412314453125 -3.943880615234375 107.2
   vertex -1.0742215576171876 -4.052597900390625 107.2
  endloop
 endfacet
 facet normal 0.0 0.0 1.0
  outer loop
   vertex -0.0689051513671875 -4.7990322265625 107.2
   vertex -1.0742215576171876 -4.052597900390625 107.2
   vertex -0.9998709106445313 -4.15643310546875 107.2
  endloop
 endfacet
 facet normal 0.0 0.0 1.0
  outer loop
   vertex -0.0689051513671875 -4.7990322265625 107.2
   vertex -0.42167306518554687 -4.6511240234375 107.2
   vertex -0.30758416748046874 -4.70851318359375 107.2
  endloop
 endfacet
 facet normal 0.0 0.0 1.0
  outer loop
   vertex -0.0689051513671875 -4.7990322265625 107.2
   vertex -0.30758416748046874 -4.70851318359375 107.2
   vertex -0.18980776977539063 -4.75789453125 107.2
  endloop
 endfacet
 facet normal 0.0 0.0 1.0
  outer loop
   vertex -1.3300311279296875 -3.4708481445312502 107.2
   vertex -1.2952064208984375 -3.593718017578125 107.2
   vertex -1.25198779296875 -3.7138925781250003 107.2
  endloop
 endfacet
 facet normal 0.0 0.0 1.0
  outer loop
   vertex -1.3562958984375 -3.345868408203125 107.2
   vertex -1.3300311279296875 -3.4708481445312502 107.2
   vertex -1.25198779296875 -3.7138925781250003 107.2
  endloop
 endfacet
 facet normal 0.0 0.0 1.0
  outer loop
   vertex 0.30674057006835936 -4.87122802734375 107.2
   vertex 0.05454754638671875 -4.83173095703125 107.2
   vertex 0.17996200561523437 -4.85583447265625 107.2
  endloop
 endfacet
 facet normal 0.0 0.0 1.0
  outer loop
   vertex 0.43427908325195314 -4.8778388671875 107.2
   vertex 0.05454754638671875 -4.83173095703125 107.2
   vertex 0.30674057006835936 -4.87122802734375 107.2
  endloop
 endfacet
 facet normal 0.0 0.0 1.0
  outer loop
   vertex 0.43427908325195314 -4.8778388671875 107.2
   vertex -0.0689051513671875 -4.7990322265625 107.2
   vertex 0.05454754638671875 -4.83173095703125 107.2
  endloop
 endfacet
 facet normal 0.0 0.0 1.0
  outer loop
   vertex -1.3826864013671876 -2.964259521484375 107.2
   vertex -1.3826864013671876 -3.091968994140625 107.2
   vertex -1.37387548828125 -3.21937451171875 107.2
  endloop
 endfacet
 facet normal 0.0 0.0 1.0
  outer loop
   vertex -1.3562958984375 -2.710360107421875 107.2
   vertex -1.3826864013671876 -2.964259521484375 107.2
   vertex -1.37387548828125 -3.21937451171875 107.2
  endloop
 endfacet
 facet normal 0.0 0.0 1.0
  outer loop
   vertex -1.3562958984375 -2.710360107421875 107.2
   vertex -1.37387548828125 -2.83685400390625 107.2
   vertex -1.3826864013671876 -2.964259521484375 107.2
  endloop
 endfacet
 facet normal 0.0 0.0 1.0
  outer loop
   vertex 0.9398836059570312 -4.816447265625 107.2
   vertex 0.6892041015625 -4.86462548828125 107.2
   vertex 0.8153758544921875 -4.844865234375 107.2
  endloop
 endfacet
 facet normal 0.0 0.0 1.0
  outer loop
   vertex -1.25198779296875 -2.3423359375 107.2
   vertex -1.2952064208984375 -2.462510498046875 107.2
   vertex -1.3300311279296875 -2.58538037109375 107.2
  endloop
 endfacet
 facet normal 0.0 0.0 1.0
  outer loop
   vertex -1.25198779296875 -2.3423359375 107.2
   vertex -1.3300311279296875 -2.58538037109375 107.2
   vertex -1.3562958984375 -2.710360107421875 107.2
  endloop
 endfacet
 facet normal 0.0 0.0 1.0
  outer loop
   vertex 1.2975465087890625 -4.6808037109375 107.2
   vertex 0.6892041015625 -4.86462548828125 107.2
   vertex 0.9398836059570312 -4.816447265625 107.2
  endloop
 endfacet
 facet normal 0.0 0.0 1.0
  outer loop
   vertex 1.2975465087890625 -4.6808037109375 107.2
   vertex 0.5619697875976563 -4.87563427734375 107.2
   vertex 0.6892041015625 -4.86462548828125 107.2
  endloop
 endfacet
 facet normal 0.0 0.0 1.0
  outer loop
   vertex 1.2975465087890625 -4.6808037109375 107.2
   vertex 0.9398836059570312 -4.816447265625 107.2
   vertex 1.062134033203125 -4.7795068359375 107.2
  endloop
 endfacet
 facet normal 0.0 0.0 1.0
  outer loop
   vertex 1.2975465087890625 -4.6808037109375 107.2
   vertex 1.062134033203125 -4.7795068359375 107.2
   vertex 1.1815447998046875 -4.73422021484375 107.2
  endloop
 endfacet
 facet normal 0.0 0.0 1.0
  outer loop
   vertex -1.1412314453125 -2.112347900390625 107.2
   vertex -1.2005811767578125 -2.225429443359375 107.2
   vertex -1.25198779296875 -2.3423359375 107.2
  endloop
 endfacet
 facet normal 0.0 0.0 1.0
  outer loop
   vertex -0.9185336303710938 -1.8013372802734375 107.2
   vertex -0.9998709106445313 -1.8997955322265625 107.2
   vertex -1.0742215576171876 -2.0036307373046873 107.2
  endloop
 endfacet
 facet normal 0.0 0.0 1.0
  outer loop
   vertex 1.7167070312500001 -4.39147802734375 107.2
   vertex 1.2975465087890625 -4.6808037109375 107.2
   vertex 1.4095865478515626 -4.6195107421875 107.2
  endloop
 endfacet
 facet normal 0.0 0.0 1.0
  outer loop
   vertex 1.7167070312500001 -4.39147802734375 107.2
   vertex 1.4095865478515626 -4.6195107421875 107.2
   vertex 1.517131103515625 -4.55063427734375 107.2
  endloop
 endfacet
 facet normal 0.0 0.0 1.0
  outer loop
   vertex 1.7167070312500001 -4.39147802734375 107.2
   vertex 1.517131103515625 -4.55063427734375 107.2
   vertex 1.6196673583984376 -4.47450244140625 107.2
  endloop
 endfacet
 facet normal 0.0 0.0 1.0
  outer loop
   vertex -0.7364813232421875 -1.6224007568359375 107.2
   vertex -0.830597412109375 -1.708725341796875 107.2
   vertex -0.9185336303710938 -1.8013372802734375 107.2
  endloop
 endfacet
 facet normal 0.0 0.0 1.0
  outer loop
   vertex 1.892474609375 -4.2063642578125 107.2
   vertex 1.7167070312500001 -4.39147802734375 107.2
   vertex 1.8077874755859376 -4.3019560546875 107.2
  endloop
 endfacet
 facet normal 0.0 0.0 1.0
  outer loop
   vertex -0.6366338500976563 -1.5427750244140626 107.2
   vertex -0.7364813232421875 -1.6224007568359375 107.2
   vertex -0.9185336303710938 -1.8013372802734375 107.2
  endloop
 endfacet
 facet normal 0.0 0.0 1.0
  outer loop
   vertex 1.9703651123046875 -4.1051572265625005 107.2
   vertex -0.0689051513671875 -4.7990322265625 107.2
   vertex 0.43427908325195314 -4.8778388671875 107.2
  endloop
 endfacet
 facet normal 0.0 0.0 1.0
  outer loop
   vertex 1.9703651123046875 -4.1051572265625005 107.2
   vertex 1.2975465087890625 -4.6808037109375 107.2
   vertex 1.7167070312500001 -4.39147802734375 107.2
  endloop
 endfacet
 facet normal 0.0 0.0 1.0
  outer loop
   vertex 1.9703651123046875 -4.1051572265625005 107.2
   vertex 0.5619697875976563 -4.87563427734375 107.2
   vertex 1.2975465087890625 -4.6808037109375 107.2
  endloop
 endfacet
 facet normal 0.0 0.0 1.0
  outer loop
   vertex 1.9703651123046875 -4.1051572265625005 107.2
   vertex 0.43427908325195314 -4.8778388671875 107.2
   vertex 0.5619697875976563 -4.87563427734375 107.2
  endloop
 endfacet
 facet normal 0.0 0.0 1.0
  outer loop
   vertex 1.9703651123046875 -4.1051572265625005 107.2
   vertex 1.7167070312500001 -4.39147802734375 107.2
   vertex 1.892474609375 -4.2063642578125 107.2
  endloop
 endfacet
 facet normal 0.0 0.0 1.0
  outer loop
   vertex -0.53153076171875 -1.4702276611328124 107.2
   vertex -0.6366338500976563 -1.5427750244140626 107.2
   vertex -0.9185336303710938 -1.8013372802734375 107.2
  endloop
 endfacet
 facet normal 0.0 0.0 1.0
  outer loop
   vertex 2.104304931640625 -3.88785205078125 107.2
   vertex -1.2005811767578125 -3.830799072265625 107.2
   vertex -0.0689051513671875 -4.7990322265625 107.2
  endloop
 endfacet
 facet normal 0.0 0.0 1.0
  outer loop
   vertex 2.104304931640625 -3.88785205078125 107.2
   vertex -1.25198779296875 -3.7138925781250003 107.2
   vertex -1.2005811767578125 -3.830799072265625 107.2
  endloop
 endfacet
 facet normal 0.0 0.0 1.0
  outer loop
   vertex 2.104304931640625 -3.88785205078125 107.2
   vertex -0.0689051513671875 -4.7990322265625 107.2
   vertex 1.9703651123046875 -4.1051572265625005 107.2
  endloop
 endfacet
 facet normal 0.0 0.0 1.0
  outer loop
   vertex 2.104304931640625 -3.88785205078125 107.2
   vertex 1.9703651123046875 -4.1051572265625005 107.2
   vertex 2.0410875244140625 -3.9988176269531253 107.2
  endloop
 endfacet
 facet normal 0.0 0.0 1.0
  outer loop
   vertex -0.30758416748046874 -1.34771533203125 107.2
   vertex -0.42167306518554687 -1.405104248046875 107.2
   vertex -0.53153076171875 -1.4702276611328124 107.2
  endloop
 endfacet
 facet normal 0.0 0.0 1.0
  outer loop
   vertex 2.207056884765625 -3.654178466796875 107.2
   vertex -1.3562958984375 -3.345868408203125 107.2
   vertex -1.25198779296875 -3.7138925781250003 107.2
  endloop
 endfacet
 facet normal 0.0 0.0 1.0
  outer loop
   vertex 2.207056884765625 -3.654178466796875 107.2
   vertex -1.37387548828125 -3.21937451171875 107.2
   vertex -1.3562958984375 -3.345868408203125 107.2
  endloop
 endfacet
 facet normal 0.0 0.0 1.0
  outer loop
   vertex 2.207056884765625 -3.654178466796875 107.2
   vertex -1.25198779296875 -3.7138925781250003 107.2
   vertex 2.104304931640625 -3.88785205078125 107.2
  endloop
 endfacet
 facet normal 0.0 0.0 1.0
  outer loop
   vertex 2.207056884765625 -3.654178466796875 107.2
   vertex 2.104304931640625 -3.88785205078125 107.2
   vertex 2.159716064453125 -3.77278955078125 107.2
  endloop
 endfacet
 facet normal 0.0 0.0 1.0
  outer loop
   vertex 0.05454754638671875 -1.2244976806640626 107.2
   vertex -0.0689051513671875 -1.2571962890625 107.2
   vertex -0.18980776977539063 -1.298334228515625 107.2
  endloop
 endfacet
 facet normal 0.0 0.0 1.0
  outer loop
   vertex 0.05454754638671875 -1.2244976806640626 107.2
   vertex -0.18980776977539063 -1.298334228515625 107.2
   vertex -0.30758416748046874 -1.34771533203125 107.2
  endloop
 endfacet
 facet normal 0.0 0.0 1.0
  outer loop
   vertex 0.05454754638671875 -1.2244976806640626 107.2
   vertex -1.0742215576171876 -2.0036307373046873 107.2
   vertex -1.1412314453125 -2.112347900390625 107.2
  endloop
 endfacet
 facet normal 0.0 0.0 1.0
  outer loop
   vertex 0.05454754638671875 -1.2244976806640626 107.2
   vertex -1.1412314453125 -2.112347900390625 107.2
   vertex -1.25198779296875 -2.3423359375 107.2
  endloop
 endfacet
 facet normal 0.0 0.0 1.0
  outer loop
   vertex 0.05454754638671875 -1.2244976806640626 107.2
   vertex -0.9185336303710938 -1.8013372802734375 107.2
   vertex -1.0742215576171876 -2.0036307373046873 107.2
  endloop
 endfacet
 facet normal 0.0 0.0 1.0
  outer loop
   vertex 0.05454754638671875 -1.2244976806640626 107.2
   vertex -0.30758416748046874 -1.34771533203125 107.2
   vertex -0.53153076171875 -1.4702276611328124 107.2
  endloop
 endfacet
 facet normal 0.0 0.0 1.0
  outer loop
   vertex 0.05454754638671875 -1.2244976806640626 107.2
   vertex -0.53153076171875 -1.4702276611328124 107.2
   vertex -0.9185336303710938 -1.8013372802734375 107.2
  endloop
 endfacet
 facet normal 0.0 0.0 1.0
  outer loop
   vertex 2.2766647949218752 -3.4085849609375 107.2
   vertex -1.3562958984375 -2.710360107421875 107.2
   vertex -1.37387548828125 -3.21937451171875 107.2
  endloop
 endfacet
 facet normal 0.0 0.0 1.0
  outer loop
   vertex 2.2766647949218752 -3.4085849609375 107.2
   vertex 2.207056884765625 -3.654178466796875 107.2
   vertex 2.246101806640625 -3.532583740234375 107.2
  endloop
 endfacet
 facet normal 0.0 0.0 1.0
  outer loop
   vertex 2.2766647949218752 -3.4085849609375 107.2
   vertex -1.37387548828125 -3.21937451171875 107.2
   vertex 2.207056884765625 -3.654178466796875 107.2
  endloop
 endfacet
 facet normal 0.0 0.0 1.0
  outer loop
   vertex 2.29860009765625 -3.282773193359375 107.2
   vertex -1.3562958984375 -2.710360107421875 107.2
   vertex 2.2766647949218752 -3.4085849609375 107.2
  endloop
 endfacet
 facet normal 0.0 0.0 1.0
  outer loop
   vertex 0.30674057006835936 -1.185000244140625 107.2
   vertex 0.17996200561523437 -1.20039404296875 107.2
   vertex 0.05454754638671875 -1.2244976806640626 107.2
  endloop
 endfacet
 facet normal 0.0 0.0 1.0
  outer loop
   vertex 2.3162111816406252 -3.0281142578125 107.2
   vertex 2.29860009765625 -3.282773193359375 107.2
   vertex 2.31180322265625 -3.1557478027343753 107.2
  endloop
 endfacet
 facet normal 0.0 0.0 1.0
  outer loop
   vertex 0.5619697875976563 -1.18059423828125 107.2
   vertex 0.43427908325195314 -1.178389892578125 107.2
   vertex 0.30674057006835936 -1.185000244140625 107.2
  endloop
 endfacet
 facet normal 0.0 0.0 1.0
  outer loop
   vertex 2.29860009765625 -2.773455322265625 107.2
   vertex 2.3162111816406252 -3.0281142578125 107.2
   vertex 2.31180322265625 -2.900480712890625 107.2
  endloop
 endfacet
 facet normal 0.0 0.0 1.0
  outer loop
   vertex 2.29860009765625 -2.773455322265625 107.2
   vertex -1.3562958984375 -2.710360107421875 107.2
   vertex 2.29860009765625 -3.282773193359375 107.2
  endloop
 endfacet
 facet normal 0.0 0.0 1.0
  outer loop
   vertex 2.29860009765625 -2.773455322265625 107.2
   vertex 2.29860009765625 -3.282773193359375 107.2
   vertex 2.3162111816406252 -3.0281142578125 107.2
  endloop
 endfacet
 facet normal 0.0 0.0 1.0
  outer loop
   vertex 0.8153758544921875 -1.21136328125 107.2
   vertex 0.6892041015625 -1.191602783203125 107.2
   vertex 0.5619697875976563 -1.18059423828125 107.2
  endloop
 endfacet
 facet normal 0.0 0.0 1.0
  outer loop
   vertex 0.8153758544921875 -1.21136328125 107.2
   vertex 0.5619697875976563 -1.18059423828125 107.2
   vertex 0.30674057006835936 -1.185000244140625 107.2
  endloop
 endfacet
 facet normal 0.0 0.0 1.0
  outer loop
   vertex 2.246101806640625 -2.523644775390625 107.2
   vertex 2.29860009765625 -2.773455322265625 107.2
   vertex 2.2766647949218752 -2.6476435546875 107.2
  endloop
 endfacet
 facet normal 0.0 0.0 1.0
  outer loop
   vertex 1.062134033203125 -1.2767216796875 107.2
   vertex 0.9398836059570312 -1.2397813720703126 107.2
   vertex 0.8153758544921875 -1.21136328125 107.2
  endloop
 endfacet
 facet normal 0.0 0.0 1.0
  outer loop
   vertex 2.207056884765625 -2.402050048828125 107.2
   vertex 0.05454754638671875 -1.2244976806640626 107.2
   vertex -1.25198779296875 -2.3423359375 107.2
  endloop
 endfacet
 facet normal 0.0 0.0 1.0
  outer loop
   vertex 2.207056884765625 -2.402050048828125 107.2
   vertex -1.3562958984375 -2.710360107421875 107.2
   vertex 2.29860009765625 -2.773455322265625 107.2
  endloop
 endfacet
 facet normal 0.0 0.0 1.0
  outer loop
   vertex 2.207056884765625 -2.402050048828125 107.2
   vertex -1.25198779296875 -2.3423359375 107.2
   vertex -1.3562958984375 -2.710360107421875 107.2
  endloop
 endfacet
 facet normal 0.0 0.0 1.0
  outer loop
   vertex 2.207056884765625 -2.402050048828125 107.2
   vertex 2.29860009765625 -2.773455322265625 107.2
   vertex 2.246101806640625 -2.523644775390625 107.2
  endloop
 endfacet
 facet normal 0.0 0.0 1.0
  outer loop
   vertex 2.159716064453125 -2.28343896484375 107.2
   vertex 0.05454754638671875 -1.2244976806640626 107.2
   vertex 2.207056884765625 -2.402050048828125 107.2
  endloop
 endfacet
 facet normal 0.0 0.0 1.0
  outer loop
   vertex 1.2975465087890625 -1.375425048828125 107.2
   vertex 1.1815447998046875 -1.3220081787109375 107.2
   vertex 1.062134033203125 -1.2767216796875 107.2
  endloop
 endfacet
 facet normal 0.0 0.0 1.0
  outer loop
   vertex 1.2975465087890625 -1.375425048828125 107.2
   vertex 0.30674057006835936 -1.185000244140625 107.2
   vertex 0.05454754638671875 -1.2244976806640626 107.2
  endloop
 endfacet
 facet normal 0.0 0.0 1.0
  outer loop
   vertex 1.2975465087890625 -1.375425048828125 107.2
   vertex 0.8153758544921875 -1.21136328125 107.2
   vertex 0.30674057006835936 -1.185000244140625 107.2
  endloop
 endfacet
 facet normal 0.0 0.0 1.0
  outer loop
   vertex 1.2975465087890625 -1.375425048828125 107.2
   vertex 1.062134033203125 -1.2767216796875 107.2
   vertex 0.8153758544921875 -1.21136328125 107.2
  endloop
 endfacet
 facet normal 0.0 0.0 1.0
  outer loop
   vertex 1.4095865478515626 -1.4367176513671875 107.2
   vertex 1.2975465087890625 -1.375425048828125 107.2
   vertex 0.05454754638671875 -1.2244976806640626 107.2
  endloop
 endfacet
 facet normal 0.0 0.0 1.0
  outer loop
   vertex 1.517131103515625 -1.5055941162109376 107.2
   vertex 1.4095865478515626 -1.4367176513671875 107.2
   vertex 0.05454754638671875 -1.2244976806640626 107.2
  endloop
 endfacet
 facet normal 0.0 0.0 1.0
  outer loop
   vertex 1.9703651123046875 -1.9510714111328125 107.2
   vertex 2.104304931640625 -2.16837646484375 107.2
   vertex 2.0410875244140625 -2.057410888671875 107.2
  endloop
 endfacet
 facet normal 0.0 0.0 1.0
  outer loop
   vertex 1.6196673583984376 -1.58172607421875 107.2
   vertex 1.517131103515625 -1.5055941162109376 107.2
   vertex 0.05454754638671875 -1.2244976806640626 107.2
  endloop
 endfacet
 facet normal 0.0 0.0 1.0
  outer loop
   vertex 1.892474609375 -1.8498643798828125 107.2
   vertex 2.104304931640625 -2.16837646484375 107.2
   vertex 1.9703651123046875 -1.9510714111328125 107.2
  endloop
 endfacet
 facet normal 0.0 0.0 1.0
  outer loop
   vertex 1.8077874755859376 -1.7542723388671875 107.2
   vertex 2.159716064453125 -2.28343896484375 107.2
   vertex 2.104304931640625 -2.16837646484375 107.2
  endloop
 endfacet
 facet normal 0.0 0.0 1.0
  outer loop
   vertex 1.8077874755859376 -1.7542723388671875 107.2
   vertex 1.7167070312500001 -1.6647506103515626 107.2
   vertex 1.6196673583984376 -1.58172607421875 107.2
  endloop
 endfacet
 facet normal 0.0 0.0 1.0
  outer loop
   vertex 1.8077874755859376 -1.7542723388671875 107.2
   vertex 0.05454754638671875 -1.2244976806640626 107.2
   vertex 2.159716064453125 -2.28343896484375 107.2
  endloop
 endfacet
 facet normal 0.0 0.0 1.0
  outer loop
   vertex 1.8077874755859376 -1.7542723388671875 107.2
   vertex 1.6196673583984376 -1.58172607421875 107.2
   vertex 0.05454754638671875 -1.2244976806640626 107.2
  endloop
 endfacet
 facet normal 0.0 0.0 1.0
  outer loop
   vertex 1.8077874755859376 -1.7542723388671875 107.2
   vertex 2.104304931640625 -2.16837646484375 107.2
   vertex 1.892474609375 -1.8498643798828125 107.2
  endloop
 endfacet
 facet normal 0.0 0.0 -1.0
  outer loop
   vertex 1.9990040283203125 -2.455672119140625 106.9
   vertex 2.0009503173828125 -2.45454833984375 106.9
   vertex 2.002695068359375 -2.459817626953125 106.9
  endloop
 endfacet
 facet normal 0.0 0.0 -1.0
  outer loop
   vertex 1.960428466796875 -2.4116679687500002 106.9
   vertex 2.0009503173828125 -2.45454833984375 106.9
   vertex 1.9990040283203125 -2.455672119140625 106.9
  endloop
 endfacet
 facet normal 0.0 -0.0 -1.0
  outer loop
   vertex 1.9786307373046876 -2.3892568359375 106.9
   vertex 2.0009503173828125 -2.45454833984375 106.9
   vertex 1.960428466796875 -2.4116679687500002 106.9
  endloop
 endfacet
 facet normal 0.0 0.0 -1.0
  outer loop
   vertex 1.9227698974609375 -2.366875244140625 106.9
   vertex 1.9786307373046876 -2.3892568359375 106.9
   vertex 1.960428466796875 -2.4116679687500002 106.9
  endloop
 endfacet
 facet normal 0.0 -0.0 -1.0
  outer loop
   vertex 1.954761474609375 -2.324514404296875 106.9
   vertex 1.9786307373046876 -2.3892568359375 106.9
   vertex 1.9227698974609375 -2.366875244140625 106.9
  endloop
 endfacet
 facet normal 0.0 0.0 -1.0
  outer loop
   vertex 1.8847935791015626 -2.319885498046875 106.9
   vertex 1.954761474609375 -2.324514404296875 106.9
   vertex 1.9227698974609375 -2.366875244140625 106.9
  endloop
 endfacet
 facet normal 0.0 -0.0 -1.0
  outer loop
   vertex 1.933277587890625 -2.26980126953125 106.9
   vertex 1.954761474609375 -2.324514404296875 106.9
   vertex 1.8847935791015626 -2.319885498046875 106.9
  endloop
 endfacet
 facet normal 0.0 -0.0 -1.0
  outer loop
   vertex 1.882695068359375 -2.2519716796875002 106.9
   vertex 1.8847935791015626 -2.319885498046875 106.9
   vertex 1.847799560546875 -2.272118408203125 106.9
  endloop
 endfacet
 facet normal 0.0 0.0 -1.0
  outer loop
   vertex 1.882695068359375 -2.2519716796875002 106.9
   vertex 1.933277587890625 -2.26980126953125 106.9
   vertex 1.8847935791015626 -2.319885498046875 106.9
  endloop
 endfacet
 facet normal 0.0 -0.0 -1.0
  outer loop
   vertex 1.8860283203125001 -2.24989892578125 106.9
   vertex 1.933277587890625 -2.26980126953125 106.9
   vertex 1.882695068359375 -2.2519716796875002 106.9
  endloop
 endfacet
 facet normal 0.0 -0.0 -1.0
  outer loop
   vertex 1.8892188720703125 -2.247612548828125 106.9
   vertex 1.933277587890625 -2.26980126953125 106.9
   vertex 1.8860283203125001 -2.24989892578125 106.9
  endloop
 endfacet
 facet normal 0.0 -0.0 -1.0
  outer loop
   vertex 1.8922532958984375 -2.24512255859375 106.9
   vertex 1.933277587890625 -2.26980126953125 106.9
   vertex 1.8892188720703125 -2.247612548828125 106.9
  endloop
 endfacet
 facet normal 0.0 -0.0 -1.0
  outer loop
   vertex 1.8951182861328126 -2.242439697265625 106.9
   vertex 1.933277587890625 -2.26980126953125 106.9
   vertex 1.8922532958984375 -2.24512255859375 106.9
  endloop
 endfacet
 facet normal 0.0 -0.0 -1.0
  outer loop
   vertex 1.8978017578125 -2.239574951171875 106.9
   vertex 1.933277587890625 -2.26980126953125 106.9
   vertex 1.8951182861328126 -2.242439697265625 106.9
  endloop
 endfacet
 facet normal 0.0 -0.0 -1.0
  outer loop
   vertex 1.9002921142578126 -2.236541015625 106.9
   vertex 1.933277587890625 -2.26980126953125 106.9
   vertex 1.8978017578125 -2.239574951171875 106.9
  endloop
 endfacet
 facet normal 0.0 -0.0 -1.0
  outer loop
   vertex 1.902578857421875 -2.233350830078125 106.9
   vertex 1.933277587890625 -2.26980126953125 106.9
   vertex 1.9002921142578126 -2.236541015625 106.9
  endloop
 endfacet
 facet normal 0.0 -0.0 -1.0
  outer loop
   vertex 1.904652099609375 -2.230017822265625 106.9
   vertex 1.933277587890625 -2.26980126953125 106.9
   vertex 1.902578857421875 -2.233350830078125 106.9
  endloop
 endfacet
 facet normal 0.0 -0.0 -1.0
  outer loop
   vertex 1.9065029296875 -2.226556396484375 106.9
   vertex 1.933277587890625 -2.26980126953125 106.9
   vertex 1.904652099609375 -2.230017822265625 106.9
  endloop
 endfacet
 facet normal 0.0 -0.0 -1.0
  outer loop
   vertex 1.90812353515625 -2.2229814453125 106.9
   vertex 1.933277587890625 -2.26980126953125 106.9
   vertex 1.9065029296875 -2.226556396484375 106.9
  endloop
 endfacet
 facet normal 0.0 -0.0 -1.0
  outer loop
   vertex 1.9095068359375 -2.21930810546875 106.9
   vertex 1.933277587890625 -2.26980126953125 106.9
   vertex 1.90812353515625 -2.2229814453125 106.9
  endloop
 endfacet
 facet normal 0.0 -0.0 -1.0
  outer loop
   vertex 1.9106470947265626 -2.21555224609375 106.9
   vertex 1.933277587890625 -2.26980126953125 106.9
   vertex 1.9095068359375 -2.21930810546875 106.9
  endloop
 endfacet
 facet normal 0.46421825885772705 -0.8857209086418152 0.0
  outer loop
   vertex 1.822695068359375 -2.1480485839843753 106.9
   vertex 1.8270360107421875 -2.1457734375 106.9
   vertex 1.822695068359375 -2.1480485839843753 106.93
  endloop
 endfacet
 facet normal 0.446806937456131 -0.8946247100830078 -0.003194641089066863
  outer loop
   vertex 1.822695068359375 -2.1480485839843753 106.93
   vertex 1.8270360107421875 -2.1457734375 106.9
   vertex 1.829177001953125 -2.144811279296875 106.93
  endloop
 endfacet
 facet normal 0.3357090353965759 -0.9419598579406738 -0.0033295389730483294
  outer loop
   vertex 1.829177001953125 -2.144811279296875 106.93
   vertex 1.83154833984375 -2.143860107421875 106.9
   vertex 1.836001953125 -2.14237890625 106.93
  endloop
 endfacet
 facet normal 0.3903779089450836 -0.9206532835960388 0.001667282311245799
  outer loop
   vertex 1.8270360107421875 -2.1457734375 106.9
   vertex 1.83154833984375 -2.143860107421875 106.9
   vertex 1.829177001953125 -2.144811279296875 106.93
  endloop
 endfacet
 facet normal 0.3139254152774811 -0.9494475722312927 0.00027401221450418234
  outer loop
   vertex 1.83154833984375 -2.143860107421875 106.9
   vertex 1.83620166015625 -2.142321533203125 106.9
   vertex 1.836001953125 -2.14237890625 106.93
  endloop
 endfacet
 facet normal 0.21969717741012573 -0.9755633473396301 -0.0030399239622056484
  outer loop
   vertex 1.836001953125 -2.14237890625 106.93
   vertex 1.840965087890625 -2.141167724609375 106.9
   vertex 1.8430703125 -2.140787109375 106.93
  endloop
 endfacet
 facet normal 0.23541466891765594 -0.9718949794769287 -0.00029155370430089533
  outer loop
   vertex 1.83620166015625 -2.142321533203125 106.9
   vertex 1.840965087890625 -2.141167724609375 106.9
   vertex 1.836001953125 -2.14237890625 106.93
  endloop
 endfacet
 facet normal 0.10054729878902435 -0.9949263334274292 -0.003443693043664098
  outer loop
   vertex 1.8430703125 -2.140787109375 106.93
   vertex 1.845806640625 -2.14040673828125 106.9
   vertex 1.850279052734375 -2.14005859375 106.93
  endloop
 endfacet
 facet normal 0.15527164936065674 -0.9878703951835632 0.0016372272511944175
  outer loop
   vertex 1.840965087890625 -2.141167724609375 106.9
   vertex 1.845806640625 -2.14040673828125 106.9
   vertex 1.8430703125 -2.140787109375 106.93
  endloop
 endfacet
 facet normal 0.07412121444940567 -0.9972491264343262 0.00052287383005023
  outer loop
   vertex 1.845806640625 -2.14040673828125 106.9
   vertex 1.8506943359375 -2.14004345703125 106.9
   vertex 1.850279052734375 -2.14005859375 106.93
  endloop
 endfacet
 facet normal -0.020149845629930496 -0.9997929334640503 -0.0028547460678964853
  outer loop
   vertex 1.850279052734375 -2.14005859375 106.93
   vertex 1.8555953369140625 -2.140080078125 106.9
   vertex 1.8575230712890625 -2.14020458984375 106.93
  endloop
 endfacet
 facet normal -0.007471955846995115 -0.999971866607666 -0.000607975700404495
  outer loop
   vertex 1.8506943359375 -2.14004345703125 106.9
   vertex 1.8555953369140625 -2.140080078125 106.9
   vertex 1.850279052734375 -2.14005859375 106.93
  endloop
 endfacet
 facet normal -0.14051231741905212 -0.9900726675987244 -0.0035299118608236313
  outer loop
   vertex 1.8575230712890625 -2.14020458984375 106.93
   vertex 1.8604769287109375 -2.140516845703125 106.9
   vertex 1.8646965332031251 -2.14122265625 106.93
  endloop
 endfacet
 facet normal -0.08911626040935516 -0.9960198998451233 0.001592544256709516
  outer loop
   vertex 1.8555953369140625 -2.140080078125 106.9
   vertex 1.8604769287109375 -2.140516845703125 106.9
   vertex 1.8575230712890625 -2.14020458984375 106.93
  endloop
 endfacet
 facet normal -0.1700628250837326 -0.9854329228401184 0.0007356310961768031
  outer loop
   vertex 1.8604769287109375 -2.140516845703125 106.9
   vertex 1.865306640625 -2.141350341796875 106.9
   vertex 1.8646965332031251 -2.14122265625 106.93
  endloop
 endfacet
 facet normal -0.2588171362876892 -0.9659227132797241 -0.002647824352607131
  outer loop
   vertex 1.8646965332031251 -2.14122265625 106.93
   vertex 1.8700521240234376 -2.142575439453125 106.9
   vertex 1.871695068359375 -2.143097900390625 106.93
  endloop
 endfacet
 facet normal -0.24996528029441833 -0.9682543277740479 -0.0009624530794098973
  outer loop
   vertex 1.865306640625 -2.141350341796875 106.9
   vertex 1.8700521240234376 -2.142575439453125 106.9
   vertex 1.8646965332031251 -2.14122265625 106.93
  endloop
 endfacet
 facet normal -0.3281646966934204 -0.9446191787719727 0.001520989229902625
  outer loop
   vertex 1.8700521240234376 -2.142575439453125 106.9
   vertex 1.874681884765625 -2.144183837890625 106.9
   vertex 1.871695068359375 -2.143097900390625 106.93
  endloop
 endfacet
 facet normal -0.3733452558517456 -0.9276854991912842 -0.0035901768133044243
  outer loop
   vertex 1.871695068359375 -2.143097900390625 106.93
   vertex 1.874681884765625 -2.144183837890625 106.9
   vertex 1.8784166259765624 -2.145802978515625 106.93
  endloop
 endfacet
 facet normal -0.404136061668396 -0.9146984219551086 0.0009439394343644381
  outer loop
   vertex 1.874681884765625 -2.144183837890625 106.9
   vertex 1.8791649169921876 -2.14616455078125 106.9
   vertex 1.8784166259765624 -2.145802978515625 106.93
  endloop
 endfacet
 facet normal -0.48183050751686096 -0.8762632012367249 -0.0014572319341823459
  outer loop
   vertex 1.8791649169921876 -2.14616455078125 106.9
   vertex 1.8839858398437501 -2.1488154296875 106.9
   vertex 1.8784166259765624 -2.145802978515625 106.93
  endloop
 endfacet
 facet normal -0.48246198892593384 -0.8759154677391052 -0.0016093747690320015
  outer loop
   vertex 1.8784166259765624 -2.145802978515625 106.93
   vertex 1.8839858398437501 -2.1488154296875 106.9
   vertex 1.8847629394531251 -2.149298583984375 106.93
  endloop
 endfacet
 facet normal -0.560094952583313 -0.8284275531768799 0.001166373724117875
  outer loop
   vertex 1.8839858398437501 -2.1488154296875 106.9
   vertex 1.888543701171875 -2.15189697265625 106.9
   vertex 1.8847629394531251 -2.149298583984375 106.93
  endloop
 endfacet
 facet normal -0.5845179557800293 -0.8113737106323242 -0.003388628363609314
  outer loop
   vertex 1.8847629394531251 -2.149298583984375 106.93
   vertex 1.888543701171875 -2.15189697265625 106.9
   vertex 1.8906417236328126 -2.15353369140625 106.93
  endloop
 endfacet
 facet normal -0.6336193084716797 -0.7736420631408691 0.0021037650294601917
  outer loop
   vertex 1.888543701171875 -2.15189697265625 106.9
   vertex 1.8928001708984374 -2.155383056640625 106.9
   vertex 1.8906417236328126 -2.15353369140625 106.93
  endloop
 endfacet
 facet normal -0.6780562400817871 -0.735001802444458 -0.003475397592410445
  outer loop
   vertex 1.8906417236328126 -2.15353369140625 106.93
   vertex 1.8928001708984374 -2.155383056640625 106.9
   vertex 1.8959671630859376 -2.158446533203125 106.93
  endloop
 endfacet
 facet normal -0.7617151141166687 -0.6479093432426453 -0.00187275733333081
  outer loop
   vertex 1.8959671630859376 -2.158446533203125 106.93
   vertex 1.8967193603515626 -2.1592441406250003 106.9
   vertex 1.9006616210937501 -2.1639655761718752 106.93
  endloop
 endfacet
 facet normal -0.7018057107925415 -0.7123671770095825 0.0013430991675704718
  outer loop
   vertex 1.8928001708984374 -2.155383056640625 106.9
   vertex 1.8967193603515626 -2.1592441406250003 106.9
   vertex 1.8959671630859376 -2.158446533203125 106.93
  endloop
 endfacet
 facet normal -0.7641242742538452 -0.6450681686401367 -0.0011090332409366965
  outer loop
   vertex 1.8967193603515626 -2.1592441406250003 106.9
   vertex 1.9002684326171875 -2.1634482421875 106.9
   vertex 1.9006616210937501 -2.1639655761718752 106.93
  endloop
 endfacet
 facet normal -0.8342451453208923 -0.5513842105865479 -0.003225205931812525
  outer loop
   vertex 1.9006616210937501 -2.1639655761718752 106.93
   vertex 1.90341748046875 -2.167959716796875 106.9
   vertex 1.9046566162109375 -2.170010009765625 106.93
  endloop
 endfacet
 facet normal -0.819998025894165 -0.5723656415939331 0.000876986188814044
  outer loop
   vertex 1.9002684326171875 -2.1634482421875 106.9
   vertex 1.90341748046875 -2.167959716796875 106.9
   vertex 1.9006616210937501 -2.1639655761718752 106.93
  endloop
 endfacet
 facet normal -0.8946302533149719 -0.4467928409576416 -0.003574950387701392
  outer loop
   vertex 1.9046566162109375 -2.170010009765625 106.93
   vertex 1.90614013671875 -2.172740478515625 106.9
   vertex 1.907893798828125 -2.176491943359375 106.93
  endloop
 endfacet
 facet normal -0.8689613342285156 -0.4948757290840149 0.002070692600682378
  outer loop
   vertex 1.90341748046875 -2.167959716796875 106.9
   vertex 1.90614013671875 -2.172740478515625 106.9
   vertex 1.9046566162109375 -2.170010009765625 106.93
  endloop
 endfacet
 facet normal -0.941962718963623 -0.3357100486755371 -0.0022263641003519297
  outer loop
   vertex 1.907893798828125 -2.176491943359375 106.93
   vertex 1.908413330078125 -2.1777507324218752 106.9
   vertex 1.910326171875 -2.18331689453125 106.93
  endloop
 endfacet
 facet normal -0.9106523394584656 -0.4131704568862915 0.0015660675708204508
  outer loop
   vertex 1.90614013671875 -2.172740478515625 106.9
   vertex 1.908413330078125 -2.1777507324218752 106.9
   vertex 1.907893798828125 -2.176491943359375 106.93
  endloop
 endfacet
 facet normal -0.9446689486503601 -0.32802483439445496 -0.0006279039662331343
  outer loop
   vertex 1.908413330078125 -2.1777507324218752 106.9
   vertex 1.9102180175781251 -2.182947998046875 106.9
   vertex 1.910326171875 -2.18331689453125 106.93
  endloop
 endfacet
 facet normal -0.9755597710609436 -0.2197132259607315 -0.0030283278319984674
  outer loop
   vertex 1.910326171875 -2.18331689453125 106.93
   vertex 1.9115390625 -2.188288818359375 106.9
   vertex 1.9119180908203126 -2.19038525390625 106.93
  endloop
 endfacet
 facet normal -0.9707449078559875 -0.24011248350143433 0.0005471194162964821
  outer loop
   vertex 1.9102180175781251 -2.182947998046875 106.9
   vertex 1.9115390625 -2.188288818359375 106.9
   vertex 1.910326171875 -2.18331689453125 106.93
  endloop
 endfacet
 facet normal -0.9949290156364441 -0.10051387548446655 -0.0036285475362092257
  outer loop
   vertex 1.9119180908203126 -2.19038525390625 106.93
   vertex 1.912365234375 -2.193728271484375 106.9
   vertex 1.9126463623046874 -2.197593994140625 106.93
  endloop
 endfacet
 facet normal -0.9886593222618103 -0.15016262233257294 0.001997454324737191
  outer loop
   vertex 1.9115390625 -2.188288818359375 106.9
   vertex 1.912365234375 -2.193728271484375 106.9
   vertex 1.9119180908203126 -2.19038525390625 106.93
  endloop
 endfacet
 facet normal -0.9997941255569458 0.020132683217525482 -0.0025397727731615305
  outer loop
   vertex 1.9126463623046874 -2.197593994140625 106.93
   vertex 1.9126898193359376 -2.199220458984375 106.9
   vertex 1.91250048828125 -2.204838134765625 106.93
  endloop
 endfacet
 facet normal -0.9982566237449646 -0.05899636447429657 0.0017524746945127845
  outer loop
   vertex 1.912365234375 -2.193728271484375 106.9
   vertex 1.9126898193359376 -2.199220458984375 106.9
   vertex 1.9126463623046874 -2.197593994140625 106.93
  endloop
 endfacet
 facet normal -0.9994651079177856 0.03270460292696953 -0.00018353061750531197
  outer loop
   vertex 1.9126898193359376 -2.199220458984375 106.9
   vertex 1.9125098876953126 -2.20471923828125 106.9
   vertex 1.91250048828125 -2.204838134765625 106.93
  endloop
 endfacet
 facet normal -0.990074634552002 0.14051498472690582 -0.002791331149637699
  outer loop
   vertex 1.91250048828125 -2.204838134765625 106.93
   vertex 1.9118271484375 -2.210178466796875 106.9
   vertex 1.911482421875 -2.212011474609375 106.93
  endloop
 endfacet
 facet normal -0.9922703504562378 0.12409480661153793 0.00018092255049850792
  outer loop
   vertex 1.9125098876953126 -2.20471923828125 106.9
   vertex 1.9118271484375 -2.210178466796875 106.9
   vertex 1.91250048828125 -2.204838134765625 106.93
  endloop
 endfacet
 facet normal -0.9659196734428406 0.25881633162498474 -0.00365168577991426
  outer loop
   vertex 1.911482421875 -2.212011474609375 106.93
   vertex 1.9106470947265626 -2.21555224609375 106.9
   vertex 1.909607177734375 -2.219010009765625 106.93
  endloop
 endfacet
 facet normal -0.976725697517395 0.2144838273525238 0.0018815749790519476
  outer loop
   vertex 1.9118271484375 -2.210178466796875 106.9
   vertex 1.9106470947265626 -2.21555224609375 106.9
   vertex 1.911482421875 -2.212011474609375 106.93
  endloop
 endfacet
 facet normal -0.9568743705749512 0.2905019223690033 0.0003139038453809917
  outer loop
   vertex 1.9106470947265626 -2.21555224609375 106.9
   vertex 1.9095068359375 -2.21930810546875 106.9
   vertex 1.909607177734375 -2.219010009765625 106.93
  endloop
 endfacet
 facet normal -0.9276880025863647 0.3733395040035248 -0.003544546663761139
  outer loop
   vertex 1.909607177734375 -2.219010009765625 106.93
   vertex 1.90812353515625 -2.2229814453125 106.9
   vertex 1.906902099609375 -2.225731689453125 106.93
  endloop
 endfacet
 facet normal -0.9358425736427307 0.3524181842803955 -0.00037167404661886394
  outer loop
   vertex 1.9095068359375 -2.21930810546875 106.9
   vertex 1.90812353515625 -2.2229814453125 106.9
   vertex 1.909607177734375 -2.219010009765625 106.93
  endloop
 endfacet
 facet normal -0.9107853770256042 0.41287940740585327 0.0007684527663514018
  outer loop
   vertex 1.90812353515625 -2.2229814453125 106.9
   vertex 1.9065029296875 -2.226556396484375 106.9
   vertex 1.906902099609375 -2.225731689453125 106.93
  endloop
 endfacet
 facet normal -0.8759080171585083 0.4824671745300293 -0.0032375098671764135
  outer loop
   vertex 1.906902099609375 -2.225731689453125 106.93
   vertex 1.904652099609375 -2.230017822265625 106.9
   vertex 1.903406494140625 -2.232077880859375 106.93
  endloop
 endfacet
 facet normal -0.8818507194519043 0.4715270400047302 -0.0012287793215364218
  outer loop
   vertex 1.9065029296875 -2.226556396484375 106.9
   vertex 1.904652099609375 -2.230017822265625 106.9
   vertex 1.906902099609375 -2.225731689453125 106.93
  endloop
 endfacet
 facet normal -0.8491280674934387 0.528186023235321 0.0010138528887182474
  outer loop
   vertex 1.904652099609375 -2.230017822265625 106.9
   vertex 1.902578857421875 -2.233350830078125 106.9
   vertex 1.903406494140625 -2.232077880859375 106.93
  endloop
 endfacet
 facet normal -0.8113811016082764 0.5845111608505249 -0.0027267667464911938
  outer loop
   vertex 1.903406494140625 -2.232077880859375 106.93
   vertex 1.9002921142578126 -2.236541015625 106.9
   vertex 1.89917138671875 -2.237956787109375 106.93
  endloop
 endfacet
 facet normal -0.8127614855766296 0.5825920701026917 -0.0022979630157351494
  outer loop
   vertex 1.902578857421875 -2.233350830078125 106.9
   vertex 1.9002921142578126 -2.236541015625 106.9
   vertex 1.903406494140625 -2.232077880859375 106.93
  endloop
 endfacet
 facet normal -0.7350029349327087 0.6780573129653931 -0.0030175577849149704
  outer loop
   vertex 1.89917138671875 -2.237956787109375 106.93
   vertex 1.8978017578125 -2.239574951171875 106.9
   vertex 1.894258544921875 -2.2432822265625 106.93
  endloop
 endfacet
 facet normal -0.7729513049125671 0.63446444272995 0.0010662954300642014
  outer loop
   vertex 1.9002921142578126 -2.236541015625 106.9
   vertex 1.8978017578125 -2.239574951171875 106.9
   vertex 1.89917138671875 -2.237956787109375 106.93
  endloop
 endfacet
 facet normal -0.7298192381858826 0.6836379766464233 -0.0017156850080937147
  outer loop
   vertex 1.8978017578125 -2.239574951171875 106.9
   vertex 1.8951182861328126 -2.242439697265625 106.9
   vertex 1.894258544921875 -2.2432822265625 106.93
  endloop
 endfacet
 facet normal -0.6479052901268005 0.7617132663726807 -0.0034197960048913956
  outer loop
   vertex 1.894258544921875 -2.2432822265625 106.93
   vertex 1.8922532958984375 -2.24512255859375 106.9
   vertex 1.8887396240234375 -2.2479765625 106.93
  endloop
 endfacet
 facet normal -0.6835248470306396 0.7299267053604126 0.000911003677174449
  outer loop
   vertex 1.8951182861328126 -2.242439697265625 106.9
   vertex 1.8922532958984375 -2.24512255859375 106.9
   vertex 1.894258544921875 -2.2432822265625 106.93
  endloop
 endfacet
 facet normal -0.6343479156494141 0.7730473875999451 -0.000753668718971312
  outer loop
   vertex 1.8922532958984375 -2.24512255859375 106.9
   vertex 1.8892188720703125 -2.247612548828125 106.9
   vertex 1.8887396240234375 -2.2479765625 106.93
  endloop
 endfacet
 facet normal -0.5513874292373657 0.8342413902282715 -0.003624540288001299
  outer loop
   vertex 1.8887396240234375 -2.2479765625 106.93
   vertex 1.8860283203125001 -2.24989892578125 106.9
   vertex 1.882695068359375 -2.2519716796875002 106.93
  endloop
 endfacet
 facet normal -0.5824877023696899 0.8128393292427063 0.0005576176336035132
  outer loop
   vertex 1.8892188720703125 -2.247612548828125 106.9
   vertex 1.8860283203125001 -2.24989892578125 106.9
   vertex 1.8887396240234375 -2.2479765625 106.93
  endloop
 endfacet
 facet normal -0.5280687212944031 0.8492016792297363 1.0123519800231406e-09
  outer loop
   vertex 1.8860283203125001 -2.24989892578125 106.9
   vertex 1.882695068359375 -2.2519716796875002 106.9
   vertex 1.882695068359375 -2.2519716796875002 106.93
  endloop
 endfacet
 facet normal -0.5000000596046448 0.8660253882408142 0.0
  outer loop
   vertex 0.623058837890625 -2.979222900390625 106.93
   vertex 1.847799560546875 -2.272118408203125 106.9
   vertex 0.623058837890625 -2.979222900390625 106.9
  endloop
 endfacet
 facet normal -0.49999621510505676 0.8660275340080261 -1.0058916366517678e-08
  outer loop
   vertex 1.847799560546875 -2.272118408203125 106.9
   vertex 1.882695068359375 -2.2519716796875002 106.93
   vertex 1.882695068359375 -2.2519716796875002 106.9
  endloop
 endfacet
 facet normal -0.5 0.866025447845459 5.719861746911192e-06
  outer loop
   vertex 0.623058837890625 -2.979222900390625 106.93
   vertex 1.882695068359375 -2.2519716796875002 106.93
   vertex 1.847799560546875 -2.272118408203125 106.9
  endloop
 endfacet
 facet normal -0.9462393522262573 -0.32346728444099426 -7.132072016302615e-11
  outer loop
   vertex 1.9786307373046876 -2.3892568359375 103.0
   vertex 2.0009503173828125 -2.45454833984375 103.0
   vertex 2.0009503173828125 -2.45454833984375 106.9
  endloop
 endfacet
 facet normal -0.9462393522262573 -0.32346728444099426 0.0
  outer loop
   vertex 1.9786307373046876 -2.3892568359375 103.0
   vertex 2.0009503173828125 -2.45454833984375 106.9
   vertex 1.9786307373046876 -2.3892568359375 106.9
  endloop
 endfacet
 facet normal -0.9382641911506653 -0.34591957926750183 0.0
  outer loop
   vertex 1.954761474609375 -2.324514404296875 103.0
   vertex 1.9786307373046876 -2.3892568359375 106.9
   vertex 1.954761474609375 -2.324514404296875 106.9
  endloop
 endfacet
 facet normal -0.9382641911506653 -0.34591957926750183 6.544991631995956e-11
  outer loop
   vertex 1.954761474609375 -2.324514404296875 103.0
   vertex 1.9786307373046876 -2.3892568359375 103.0
   vertex 1.9786307373046876 -2.3892568359375 106.9
  endloop
 endfacet
 facet normal -0.930812656879425 -0.36549675464630127 0.0
  outer loop
   vertex 1.933277587890625 -2.26980126953125 103.0
   vertex 1.954761474609375 -2.324514404296875 106.9
   vertex 1.933277587890625 -2.26980126953125 106.9
  endloop
 endfacet
 facet normal -0.930812656879425 -0.36549675464630127 7.124210249509488e-11
  outer loop
   vertex 1.933277587890625 -2.26980126953125 103.0
   vertex 1.954761474609375 -2.324514404296875 103.0
   vertex 1.954761474609375 -2.324514404296875 106.9
  endloop
 endfacet
 facet normal -0.9229153990745544 -0.38500288128852844 0.0
  outer loop
   vertex 1.9106470947265626 -2.21555224609375 103.0
   vertex 1.933277587890625 -2.26980126953125 106.9
   vertex 1.9106470947265626 -2.21555224609375 106.9
  endloop
 endfacet
 facet normal -0.9229153990745544 -0.38500288128852844 -1.0972306396794806e-10
  outer loop
   vertex 1.9106470947265626 -2.21555224609375 103.0
   vertex 1.933277587890625 -2.26980126953125 103.0
   vertex 1.933277587890625 -2.26980126953125 106.9
  endloop
 endfacet
 facet normal -0.9151609539985657 -0.4030885100364685 0.0
  outer loop
   vertex 1.896995849609375 -2.184558837890625 103.0
   vertex 1.9106470947265626 -2.21555224609375 106.9
   vertex 1.896995849609375 -2.184558837890625 106.9
  endloop
 endfacet
 facet normal -0.9151609539985657 -0.4030885100364685 -7.649153532796049e-11
  outer loop
   vertex 1.896995849609375 -2.184558837890625 103.0
   vertex 1.9106470947265626 -2.21555224609375 103.0
   vertex 1.9106470947265626 -2.21555224609375 106.9
  endloop
 endfacet
 facet normal -0.9094990491867065 -0.415706068277359 0.0
  outer loop
   vertex 1.88819677734375 -2.165307861328125 103.0
   vertex 1.896995849609375 -2.184558837890625 106.9
   vertex 1.88819677734375 -2.165307861328125 106.9
  endloop
 endfacet
 facet normal -0.9094990491867065 -0.415706068277359 -2.5993662083889646e-11
  outer loop
   vertex 1.88819677734375 -2.165307861328125 103.0
   vertex 1.896995849609375 -2.184558837890625 103.0
   vertex 1.896995849609375 -2.184558837890625 106.9
  endloop
 endfacet
 facet normal -0.9043952226638794 -0.4266958236694336 0.0
  outer loop
   vertex 1.8791649169921876 -2.14616455078125 103.0
   vertex 1.88819677734375 -2.165307861328125 106.9
   vertex 1.8791649169921876 -2.14616455078125 106.9
  endloop
 endfacet
 facet normal -0.8939357399940491 -0.44819504022598267 0.0
  outer loop
   vertex 1.8791649169921876 -2.14616455078125 103.0
   vertex 1.8791649169921876 -2.14616455078125 106.9
   vertex 1.8573634033203126 -2.102680908203125 106.9
  endloop
 endfacet
 facet normal -0.9043952226638794 -0.4266958236694336 -4.296092995237366e-11
  outer loop
   vertex 1.8791649169921876 -2.14616455078125 103.0
   vertex 1.88819677734375 -2.165307861328125 103.0
   vertex 1.88819677734375 -2.165307861328125 106.9
  endloop
 endfacet
 facet normal -0.8939357399940491 -0.44819504022598267 0.0
  outer loop
   vertex 1.8573634033203126 -2.102680908203125 103.0
   vertex 1.8791649169921876 -2.14616455078125 103.0
   vertex 1.8573634033203126 -2.102680908203125 106.9
  endloop
 endfacet
 facet normal -0.8762568235397339 -0.4818442761898041 0.0
  outer loop
   vertex 1.838378662109375 -2.06815625 103.0
   vertex 1.8573634033203126 -2.102680908203125 106.9
   vertex 1.838378662109375 -2.06815625 106.9
  endloop
 endfacet
 facet normal -0.8762568235397339 -0.4818442761898041 6.536080704444558e-11
  outer loop
   vertex 1.838378662109375 -2.06815625 103.0
   vertex 1.8573634033203126 -2.102680908203125 103.0
   vertex 1.8573634033203126 -2.102680908203125 106.9
  endloop
 endfacet
 facet normal -0.854435920715332 -0.5195568203926086 0.0
  outer loop
   vertex 1.81915869140625 -2.0365480957031252 103.0
   vertex 1.838378662109375 -2.06815625 106.9
   vertex 1.81915869140625 -2.0365480957031252 106.9
  endloop
 endfacet
 facet normal -0.854435920715332 -0.5195568203926086 8.965109210556932e-11
  outer loop
   vertex 1.81915869140625 -2.0365480957031252 103.0
   vertex 1.838378662109375 -2.06815625 103.0
   vertex 1.838378662109375 -2.06815625 106.9
  endloop
 endfacet
 facet normal -0.8263316750526428 -0.5631837248802185 2.631447663936637e-11
  outer loop
   vertex 1.8012503662109376 -2.0102720947265627 103.0
   vertex 1.81915869140625 -2.0365480957031252 103.0
   vertex 1.81915869140625 -2.0365480957031252 106.9
  endloop
 endfacet
 facet normal -0.8263316750526428 -0.5631837248802185 0.0
  outer loop
   vertex 1.8012503662109376 -2.0102720947265627 103.0
   vertex 1.81915869140625 -2.0365480957031252 106.9
   vertex 1.8012503662109376 -2.0102720947265627 106.9
  endloop
 endfacet
 facet normal -0.7911373972892761 -0.6116384863853455 0.0
  outer loop
   vertex 1.7844276123046876 -1.9885123291015625 103.0
   vertex 1.8012503662109376 -2.0102720947265627 106.9
   vertex 1.7844276123046876 -1.9885123291015625 106.9
  endloop
 endfacet
 facet normal -0.7911373972892761 -0.6116384863853455 -8.001579260286107e-11
  outer loop
   vertex 1.7844276123046876 -1.9885123291015625 103.0
   vertex 1.8012503662109376 -2.0102720947265627 103.0
   vertex 1.8012503662109376 -2.0102720947265627 106.9
  endloop
 endfacet
 facet normal -0.745661199092865 -0.6663252711296082 -9.834207753689483e-11
  outer loop
   vertex 1.7688428955078126 -1.971072021484375 103.0
   vertex 1.7844276123046876 -1.9885123291015625 103.0
   vertex 1.7844276123046876 -1.9885123291015625 106.9
  endloop
 endfacet
 facet normal -0.745661199092865 -0.6663252711296082 0.0
  outer loop
   vertex 1.7688428955078126 -1.971072021484375 103.0
   vertex 1.7844276123046876 -1.9885123291015625 106.9
   vertex 1.7688428955078126 -1.971072021484375 106.9
  endloop
 endfacet
 facet normal -0.6860042810440063 -0.7275974154472351 0.0
  outer loop
   vertex 1.7543563232421875 -1.95741357421875 103.0
   vertex 1.7688428955078126 -1.971072021484375 106.9
   vertex 1.7543563232421875 -1.95741357421875 106.9
  endloop
 endfacet
 facet normal -0.6860042810440063 -0.7275974154472351 8.520478766982365e-11
  outer loop
   vertex 1.7543563232421875 -1.95741357421875 103.0
   vertex 1.7688428955078126 -1.971072021484375 103.0
   vertex 1.7688428955078126 -1.971072021484375 106.9
  endloop
 endfacet
 facet normal -0.6090713739395142 -0.7931153774261475 2.6655830320798657e-12
  outer loop
   vertex 1.7429879150390626 -1.9486832275390626 103.0
   vertex 1.7543563232421875 -1.95741357421875 103.0
   vertex 1.7543563232421875 -1.95741357421875 106.9
  endloop
 endfacet
 facet normal -0.6090713739395142 -0.7931153774261475 0.0
  outer loop
   vertex 1.7429879150390626 -1.9486832275390626 103.0
   vertex 1.7543563232421875 -1.95741357421875 106.9
   vertex 1.7429879150390626 -1.9486832275390626 106.9
  endloop
 endfacet
 facet normal -0.5059157013893127 -0.8625829815864563 0.0
  outer loop
   vertex 1.7317470703125 -1.9420903320312501 103.0
   vertex 1.7429879150390626 -1.9486832275390626 106.9
   vertex 1.7317470703125 -1.9420903320312501 106.9
  endloop
 endfacet
 facet normal -0.5059157013893127 -0.8625829815864563 7.124652950940558e-11
  outer loop
   vertex 1.7317470703125 -1.9420903320312501 103.0
   vertex 1.7429879150390626 -1.9486832275390626 103.0
   vertex 1.7429879150390626 -1.9486832275390626 106.9
  endloop
 endfacet
 facet normal -0.37854623794555664 -0.9255824685096741 -1.8372059082394365e-11
  outer loop
   vertex 1.7244323730468751 -1.9390987548828125 103.0
   vertex 1.7317470703125 -1.9420903320312501 103.0
   vertex 1.7317470703125 -1.9420903320312501 106.9
  endloop
 endfacet
 facet normal -0.37854623794555664 -0.9255824685096741 0.0
  outer loop
   vertex 1.7244323730468751 -1.9390987548828125 103.0
   vertex 1.7317470703125 -1.9420903320312501 106.9
   vertex 1.7244323730468751 -1.9390987548828125 106.9
  endloop
 endfacet
 facet normal -0.19477787613868713 -0.9808473587036133 0.0
  outer loop
   vertex 1.716568359375 -1.937537109375 103.0
   vertex 1.7244323730468751 -1.9390987548828125 106.9
   vertex 1.716568359375 -1.937537109375 106.9
  endloop
 endfacet
 facet normal -0.19477787613868713 -0.9808473587036133 4.765546030710555e-12
  outer loop
   vertex 1.716568359375 -1.937537109375 103.0
   vertex 1.7244323730468751 -1.9390987548828125 103.0
   vertex 1.7244323730468751 -1.9390987548828125 106.9
  endloop
 endfacet
 facet normal 0.03909657895565033 -0.9992354512214661 1.0901791622219825e-12
  outer loop
   vertex 1.709564208984375 -1.9378111572265626 103.0
   vertex 1.716568359375 -1.937537109375 103.0
   vertex 1.716568359375 -1.937537109375 106.9
  endloop
 endfacet
 facet normal 0.03909657895565033 -0.9992354512214661 0.0
  outer loop
   vertex 1.709564208984375 -1.9378111572265626 103.0
   vertex 1.716568359375 -1.937537109375 106.9
   vertex 1.709564208984375 -1.9378111572265626 106.9
  endloop
 endfacet
 facet normal 0.2740720808506012 -0.961709201335907 0.0
  outer loop
   vertex 1.709564208984375 -1.9378111572265626 103.0
   vertex 1.709564208984375 -1.9378111572265626 106.9
   vertex 1.7047620849609375 -1.9391796875 106.9
  endloop
 endfacet
 facet normal 0.4880073368549347 -0.8728395104408264 0.0
  outer loop
   vertex 1.7047620849609375 -1.9391796875 103.0
   vertex 1.7047620849609375 -1.9391796875 106.9
   vertex 1.7011796875 -1.9411826171875 106.9
  endloop
 endfacet
 facet normal 0.2740720808506012 -0.961709201335907 0.0
  outer loop
   vertex 1.7047620849609375 -1.9391796875 103.0
   vertex 1.709564208984375 -1.9378111572265626 103.0
   vertex 1.7047620849609375 -1.9391796875 106.9
  endloop
 endfacet
 facet normal 0.4880073368549347 -0.8728395104408264 0.0
  outer loop
   vertex 1.7011796875 -1.9411826171875 103.0
   vertex 1.7047620849609375 -1.9391796875 103.0
   vertex 1.7011796875 -1.9411826171875 106.9
  endloop
 endfacet
 facet normal 0.6570455431938171 -0.7538508772850037 0.0
  outer loop
   vertex 1.6983687744140625 -1.9436325683593751 103.0
   vertex 1.7011796875 -1.9411826171875 106.9
   vertex 1.6983687744140625 -1.9436325683593751 106.9
  endloop
 endfacet
 facet normal 0.6570455431938171 -0.7538508772850037 -1.4345694770989681e-11
  outer loop
   vertex 1.6983687744140625 -1.9436325683593751 103.0
   vertex 1.7011796875 -1.9411826171875 103.0
   vertex 1.7011796875 -1.9411826171875 106.9
  endloop
 endfacet
 facet normal 0.7731041312217712 -0.6342791318893433 0.0
  outer loop
   vertex 1.6959610595703125 -1.9465672607421876 103.0
   vertex 1.6983687744140625 -1.9436325683593751 106.9
   vertex 1.6959610595703125 -1.9465672607421876 106.9
  endloop
 endfacet
 facet normal 0.7731041312217712 -0.6342791318893433 1.2078476240018343e-11
  outer loop
   vertex 1.6959610595703125 -1.9465672607421876 103.0
   vertex 1.6983687744140625 -1.9436325683593751 103.0
   vertex 1.6983687744140625 -1.9436325683593751 106.9
  endloop
 endfacet
 facet normal 0.8655440807342529 -0.5008327960968018 0.0
  outer loop
   vertex 1.69339111328125 -1.9510086669921876 103.0
   vertex 1.6959610595703125 -1.9465672607421876 106.9
   vertex 1.69339111328125 -1.9510086669921876 106.9
  endloop
 endfacet
 facet normal 0.8655440807342529 -0.5008327960968018 2.3827263079256866e-11
  outer loop
   vertex 1.69339111328125 -1.9510086669921876 103.0
   vertex 1.6959610595703125 -1.9465672607421876 103.0
   vertex 1.6959610595703125 -1.9465672607421876 106.9
  endloop
 endfacet
 facet normal 0.937214732170105 -0.34875285625457764 5.339199134896111e-12
  outer loop
   vertex 1.69139453125 -1.9563741455078125 103.0
   vertex 1.69339111328125 -1.9510086669921876 103.0
   vertex 1.69339111328125 -1.9510086669921876 106.9
  endloop
 endfacet
 facet normal 0.937214732170105 -0.34875285625457764 0.0
  outer loop
   vertex 1.69139453125 -1.9563741455078125 103.0
   vertex 1.69339111328125 -1.9510086669921876 106.9
   vertex 1.69139453125 -1.9563741455078125 106.9
  endloop
 endfacet
 facet normal 0.9832025170326233 -0.18251821398735046 0.0
  outer loop
   vertex 1.6900386962890626 -1.9636778564453126 103.0
   vertex 1.69139453125 -1.9563741455078125 106.9
   vertex 1.6900386962890626 -1.9636778564453126 106.9
  endloop
 endfacet
 facet normal 0.9832025170326233 -0.18251821398735046 -1.2344290520327483e-11
  outer loop
   vertex 1.6900386962890626 -1.9636778564453126 103.0
   vertex 1.69139453125 -1.9563741455078125 103.0
   vertex 1.69139453125 -1.9563741455078125 106.9
  endloop
 endfacet
 facet normal 0.9993969202041626 -0.03472418710589409 0.0
  outer loop
   vertex 1.68965185546875 -1.9748115234375 103.0
   vertex 1.6900386962890626 -1.9636778564453126 106.9
   vertex 1.68965185546875 -1.9748115234375 106.9
  endloop
 endfacet
 facet normal 0.9957762956619263 0.09181288629770279 -0.0
  outer loop
   vertex 1.68965185546875 -1.9748115234375 103.0
   vertex 1.68965185546875 -1.9748115234375 106.9
   vertex 1.6908876953125 -1.988215087890625 106.9
  endloop
 endfacet
 facet normal 0.9993969202041626 -0.03472418710589409 2.400785299727648e-12
  outer loop
   vertex 1.68965185546875 -1.9748115234375 103.0
   vertex 1.6900386962890626 -1.9636778564453126 103.0
   vertex 1.6900386962890626 -1.9636778564453126 106.9
  endloop
 endfacet
 facet normal 0.9809430837631226 0.19429537653923035 -0.0
  outer loop
   vertex 1.6908876953125 -1.988215087890625 103.0
   vertex 1.6908876953125 -1.988215087890625 106.9
   vertex 1.694064697265625 -2.0042548828125 106.9
  endloop
 endfacet
 facet normal 0.9957762956619263 0.09181288629770279 -0.0
  outer loop
   vertex 1.6908876953125 -1.988215087890625 103.0
   vertex 1.68965185546875 -1.9748115234375 103.0
   vertex 1.6908876953125 -1.988215087890625 106.9
  endloop
 endfacet
 facet normal 0.9610269069671631 0.2764548063278198 -0.0
  outer loop
   vertex 1.694064697265625 -2.0042548828125 103.0
   vertex 1.694064697265625 -2.0042548828125 106.9
   vertex 1.6996395263671875 -2.0236343994140626 106.9
  endloop
 endfacet
 facet normal 0.9809430837631226 0.19429537653923035 -0.0
  outer loop
   vertex 1.694064697265625 -2.0042548828125 103.0
   vertex 1.6908876953125 -1.988215087890625 103.0
   vertex 1.694064697265625 -2.0042548828125 106.9
  endloop
 endfacet
 facet normal 0.938344419002533 0.34570202231407166 -0.0
  outer loop
   vertex 1.6996395263671875 -2.0236343994140626 103.0
   vertex 1.6996395263671875 -2.0236343994140626 106.9
   vertex 1.7078529052734375 -2.0459281005859373 106.9
  endloop
 endfacet
 facet normal 0.9610269069671631 0.2764548063278198 -0.0
  outer loop
   vertex 1.6996395263671875 -2.0236343994140626 103.0
   vertex 1.694064697265625 -2.0042548828125 103.0
   vertex 1.6996395263671875 -2.0236343994140626 106.9
  endloop
 endfacet
 facet normal 0.9149796962738037 0.40349990129470825 -0.0
  outer loop
   vertex 1.7078529052734375 -2.0459281005859373 103.0
   vertex 1.7078529052734375 -2.0459281005859373 106.9
   vertex 1.7191997070312501 -2.071658203125 106.9
  endloop
 endfacet
 facet normal 0.938344419002533 0.34570202231407166 -0.0
  outer loop
   vertex 1.7078529052734375 -2.0459281005859373 103.0
   vertex 1.6996395263671875 -2.0236343994140626 103.0
   vertex 1.7078529052734375 -2.0459281005859373 106.9
  endloop
 endfacet
 facet normal 0.9149796962738037 0.40349990129470825 -0.0
  outer loop
   vertex 1.7191997070312501 -2.071658203125 103.0
   vertex 1.7078529052734375 -2.0459281005859373 103.0
   vertex 1.7191997070312501 -2.071658203125 106.9
  endloop
 endfacet
 facet normal 0.891686737537384 0.4526529908180237 -0.0
  outer loop
   vertex 1.7191997070312501 -2.071658203125 103.0
   vertex 1.7191997070312501 -2.071658203125 106.9
   vertex 1.7339677734375 -2.10075 106.9
  endloop
 endfacet
 facet normal 0.891686737537384 0.4526529908180237 -0.0
  outer loop
   vertex 1.7339677734375 -2.10075 103.0
   vertex 1.7191997070312501 -2.071658203125 103.0
   vertex 1.7339677734375 -2.10075 106.9
  endloop
 endfacet
 facet normal 0.8691803216934204 0.49449533224105835 -0.0
  outer loop
   vertex 1.7524006347656251 -2.133149658203125 103.0
   vertex 1.7339677734375 -2.10075 106.9
   vertex 1.7524006347656251 -2.133149658203125 106.9
  endloop
 endfacet
 facet normal 0.8691803216934204 0.49449533224105835 -1.5785039941818013e-10
  outer loop
   vertex 1.7524006347656251 -2.133149658203125 103.0
   vertex 1.7339677734375 -2.10075 103.0
   vertex 1.7339677734375 -2.10075 106.9
  endloop
 endfacet
 facet normal 0.8524136543273926 0.5228680372238159 -0.0
  outer loop
   vertex 1.7649716796875001 -2.153643798828125 103.0
   vertex 1.7524006347656251 -2.133149658203125 106.9
   vertex 1.7649716796875001 -2.153643798828125 106.9
  endloop
 endfacet
 facet normal 0.8524136543273926 0.5228680372238159 -1.1696449364606565e-10
  outer loop
   vertex 1.7649716796875001 -2.153643798828125 103.0
   vertex 1.7524006347656251 -2.133149658203125 103.0
   vertex 1.7524006347656251 -2.133149658203125 106.9
  endloop
 endfacet
 facet normal 0.8410256505012512 0.5409951210021973 2.7332617072439724e-11
  outer loop
   vertex 1.777979248046875 -2.173865234375 103.0
   vertex 1.7649716796875001 -2.153643798828125 103.0
   vertex 1.7649716796875001 -2.153643798828125 106.9
  endloop
 endfacet
 facet normal 0.8410256505012512 0.5409951210021973 -0.0
  outer loop
   vertex 1.777979248046875 -2.173865234375 103.0
   vertex 1.7649716796875001 -2.153643798828125 106.9
   vertex 1.777979248046875 -2.173865234375 106.9
  endloop
 endfacet
 facet normal 0.829478919506073 0.558538019657135 -1.1234598668030671e-10
  outer loop
   vertex 1.7961009521484375 -2.200777587890625 103.0
   vertex 1.777979248046875 -2.173865234375 103.0
   vertex 1.777979248046875 -2.173865234375 106.9
  endloop
 endfacet
 facet normal 0.829478919506073 0.558538019657135 -0.0
  outer loop
   vertex 1.7961009521484375 -2.200777587890625 103.0
   vertex 1.777979248046875 -2.173865234375 106.9
   vertex 1.7961009521484375 -2.200777587890625 106.9
  endloop
 endfacet
 facet normal 0.8179210424423218 0.5753304958343506 -0.0
  outer loop
   vertex 1.7961009521484375 -2.200777587890625 103.0
   vertex 1.7961009521484375 -2.200777587890625 106.9
   vertex 1.8147669677734375 -2.227314208984375 106.9
  endloop
 endfacet
 facet normal 0.8179210424423218 0.5753304958343506 -0.0
  outer loop
   vertex 1.8147669677734375 -2.227314208984375 103.0
   vertex 1.7961009521484375 -2.200777587890625 103.0
   vertex 1.8147669677734375 -2.227314208984375 106.9
  endloop
 endfacet
 facet normal 0.8086744546890259 0.5882564783096313 -0.0
  outer loop
   vertex 1.831139892578125 -2.249822021484375 103.0
   vertex 1.8147669677734375 -2.227314208984375 106.9
   vertex 1.831139892578125 -2.249822021484375 106.9
  endloop
 endfacet
 facet normal 0.8086744546890259 0.5882564783096313 -1.3178536040214794e-10
  outer loop
   vertex 1.831139892578125 -2.249822021484375 103.0
   vertex 1.8147669677734375 -2.227314208984375 103.0
   vertex 1.8147669677734375 -2.227314208984375 106.9
  endloop
 endfacet
 facet normal 0.8010786771774292 0.5985590815544128 8.566053422143227e-11
  outer loop
   vertex 1.847799560546875 -2.272118408203125 103.0
   vertex 1.831139892578125 -2.249822021484375 103.0
   vertex 1.831139892578125 -2.249822021484375 106.9
  endloop
 endfacet
 facet normal 0.8010786771774292 0.5985590815544128 -0.0
  outer loop
   vertex 1.847799560546875 -2.272118408203125 103.0
   vertex 1.831139892578125 -2.249822021484375 106.9
   vertex 1.847799560546875 -2.272118408203125 106.9
  endloop
 endfacet
 facet normal 0.7906191945075989 0.612308144569397 -2.1375227976516697e-10
  outer loop
   vertex 1.8847935791015626 -2.319885498046875 103.0
   vertex 1.847799560546875 -2.272118408203125 103.0
   vertex 1.847799560546875 -2.272118408203125 106.9
  endloop
 endfacet
 facet normal 0.7906191945075989 0.612308144569397 -0.0
  outer loop
   vertex 1.8847935791015626 -2.319885498046875 103.0
   vertex 1.847799560546875 -2.272118408203125 106.9
   vertex 1.8847935791015626 -2.319885498046875 106.9
  endloop
 endfacet
 facet normal 0.7777546048164368 0.6285680532455444 5.56515987806816e-12
  outer loop
   vertex 1.9227698974609375 -2.366875244140625 103.0
   vertex 1.8847935791015626 -2.319885498046875 103.0
   vertex 1.8847935791015626 -2.319885498046875 106.9
  endloop
 endfacet
 facet normal 0.7777546048164368 0.6285680532455444 -0.0
  outer loop
   vertex 1.9227698974609375 -2.366875244140625 103.0
   vertex 1.8847935791015626 -2.319885498046875 106.9
   vertex 1.9227698974609375 -2.366875244140625 106.9
  endloop
 endfacet
 facet normal 0.7654297351837158 0.6435194611549377 1.3410772492505885e-10
  outer loop
   vertex 1.960428466796875 -2.4116679687500002 103.0
   vertex 1.9227698974609375 -2.366875244140625 103.0
   vertex 1.9227698974609375 -2.366875244140625 106.9
  endloop
 endfacet
 facet normal 0.7654297351837158 0.6435194611549377 -0.0
  outer loop
   vertex 1.960428466796875 -2.4116679687500002 103.0
   vertex 1.9227698974609375 -2.366875244140625 106.9
   vertex 1.960428466796875 -2.4116679687500002 106.9
  endloop
 endfacet
 facet normal 0.7519672513008118 0.6592004895210266 2.3048118968915787e-10
  outer loop
   vertex 1.9990040283203125 -2.455672119140625 103.0
   vertex 1.960428466796875 -2.4116679687500002 103.0
   vertex 1.960428466796875 -2.4116679687500002 106.9
  endloop
 endfacet
 facet normal 0.7519672513008118 0.6592004895210266 -0.0
  outer loop
   vertex 1.9990040283203125 -2.455672119140625 103.0
   vertex 1.960428466796875 -2.4116679687500002 106.9
   vertex 1.9990040283203125 -2.455672119140625 106.9
  endloop
 endfacet
 facet normal 0.7468593716621399 0.6649819612503052 0.0
  outer loop
   vertex 2.002695068359375 -2.459817626953125 106.9
   vertex 2.002695068359375 -2.459817626953125 103.0
   vertex 1.9990040283203125 -2.455672119140625 103.0
  endloop
 endfacet
 facet normal 0.7468593716621399 0.6649819612503052 0.0
  outer loop
   vertex 1.9990040283203125 -2.455672119140625 106.9
   vertex 2.002695068359375 -2.459817626953125 106.9
   vertex 1.9990040283203125 -2.455672119140625 103.0
  endloop
 endfacet
 facet normal -0.9493126273155212 -0.31433364748954773 -0.0
  outer loop
   vertex 2.0009503173828125 -2.45454833984375 106.9
   vertex 2.0009503173828125 -2.45454833984375 103.0
   vertex 2.002695068359375 -2.459817626953125 103.0
  endloop
 endfacet
 facet normal -0.9493126273155212 -0.31433364748954773 -0.0
  outer loop
   vertex 2.002695068359375 -2.459817626953125 106.9
   vertex 2.0009503173828125 -2.45454833984375 106.9
   vertex 2.002695068359375 -2.459817626953125 103.0
  endloop
 endfacet
 facet normal 0.0 0.0 -1.0
  outer loop
   vertex 1.8573634033203126 -2.102680908203125 106.9
   vertex 1.83620166015625 -2.142321533203125 106.9
   vertex 1.83154833984375 -2.143860107421875 106.9
  endloop
 endfacet
 facet normal 0.0 0.0 -1.0
  outer loop
   vertex 1.8573634033203126 -2.102680908203125 106.9
   vertex 1.840965087890625 -2.141167724609375 106.9
   vertex 1.83620166015625 -2.142321533203125 106.9
  endloop
 endfacet
 facet normal 0.0 0.0 -1.0
  outer loop
   vertex 1.8573634033203126 -2.102680908203125 106.9
   vertex 1.845806640625 -2.14040673828125 106.9
   vertex 1.840965087890625 -2.141167724609375 106.9
  endloop
 endfacet
 facet normal 0.0 0.0 -1.0
  outer loop
   vertex 1.8573634033203126 -2.102680908203125 106.9
   vertex 1.8506943359375 -2.14004345703125 106.9
   vertex 1.845806640625 -2.14040673828125 106.9
  endloop
 endfacet
 facet normal 0.0 0.0 -1.0
  outer loop
   vertex 1.8573634033203126 -2.102680908203125 106.9
   vertex 1.8555953369140625 -2.140080078125 106.9
   vertex 1.8506943359375 -2.14004345703125 106.9
  endloop
 endfacet
 facet normal 0.0 -0.0 -1.0
  outer loop
   vertex 1.8573634033203126 -2.102680908203125 106.9
   vertex 1.8604769287109375 -2.140516845703125 106.9
   vertex 1.8555953369140625 -2.140080078125 106.9
  endloop
 endfacet
 facet normal 0.0 0.0 -1.0
  outer loop
   vertex 1.8573634033203126 -2.102680908203125 106.9
   vertex 1.865306640625 -2.141350341796875 106.9
   vertex 1.8604769287109375 -2.140516845703125 106.9
  endloop
 endfacet
 facet normal 0.0 0.0 -1.0
  outer loop
   vertex 1.8573634033203126 -2.102680908203125 106.9
   vertex 1.8700521240234376 -2.142575439453125 106.9
   vertex 1.865306640625 -2.141350341796875 106.9
  endloop
 endfacet
 facet normal 0.0 0.0 -1.0
  outer loop
   vertex 1.8573634033203126 -2.102680908203125 106.9
   vertex 1.874681884765625 -2.144183837890625 106.9
   vertex 1.8700521240234376 -2.142575439453125 106.9
  endloop
 endfacet
 facet normal 0.0 0.0 -1.0
  outer loop
   vertex 1.8573634033203126 -2.102680908203125 106.9
   vertex 1.8791649169921876 -2.14616455078125 106.9
   vertex 1.874681884765625 -2.144183837890625 106.9
  endloop
 endfacet
 facet normal 0.0 0.0 -1.0
  outer loop
   vertex 1.7649716796875001 -2.153643798828125 106.9
   vertex 1.822695068359375 -2.1480485839843753 106.9
   vertex 1.777979248046875 -2.173865234375 106.9
  endloop
 endfacet
 facet normal 0.0 0.0 -1.0
  outer loop
   vertex 1.7524006347656251 -2.133149658203125 106.9
   vertex 1.822695068359375 -2.1480485839843753 106.9
   vertex 1.7649716796875001 -2.153643798828125 106.9
  endloop
 endfacet
 facet normal 0.0 0.0 -1.0
  outer loop
   vertex 1.838378662109375 -2.06815625 106.9
   vertex 1.8270360107421875 -2.1457734375 106.9
   vertex 1.822695068359375 -2.1480485839843753 106.9
  endloop
 endfacet
 facet normal 0.0 0.0 -1.0
  outer loop
   vertex 1.838378662109375 -2.06815625 106.9
   vertex 1.83154833984375 -2.143860107421875 106.9
   vertex 1.8270360107421875 -2.1457734375 106.9
  endloop
 endfacet
 facet normal 0.0 -0.0 -1.0
  outer loop
   vertex 1.838378662109375 -2.06815625 106.9
   vertex 1.8573634033203126 -2.102680908203125 106.9
   vertex 1.83154833984375 -2.143860107421875 106.9
  endloop
 endfacet
 facet normal 0.0 0.0 -1.0
  outer loop
   vertex 1.838378662109375 -2.06815625 106.9
   vertex 1.822695068359375 -2.1480485839843753 106.9
   vertex 1.7524006347656251 -2.133149658203125 106.9
  endloop
 endfacet
 facet normal 0.0 0.0 -1.0
  outer loop
   vertex 1.7339677734375 -2.10075 106.9
   vertex 1.838378662109375 -2.06815625 106.9
   vertex 1.7524006347656251 -2.133149658203125 106.9
  endloop
 endfacet
 facet normal 0.0 -0.0 -1.0
  outer loop
   vertex 1.81915869140625 -2.0365480957031252 106.9
   vertex 1.838378662109375 -2.06815625 106.9
   vertex 1.7339677734375 -2.10075 106.9
  endloop
 endfacet
 facet normal 0.0 0.0 -1.0
  outer loop
   vertex 1.7191997070312501 -2.071658203125 106.9
   vertex 1.81915869140625 -2.0365480957031252 106.9
   vertex 1.7339677734375 -2.10075 106.9
  endloop
 endfacet
 facet normal 0.0 -0.0 -1.0
  outer loop
   vertex 1.8012503662109376 -2.0102720947265627 106.9
   vertex 1.81915869140625 -2.0365480957031252 106.9
   vertex 1.7191997070312501 -2.071658203125 106.9
  endloop
 endfacet
 facet normal 0.0 0.0 -1.0
  outer loop
   vertex 1.7078529052734375 -2.0459281005859373 106.9
   vertex 1.8012503662109376 -2.0102720947265627 106.9
   vertex 1.7191997070312501 -2.071658203125 106.9
  endloop
 endfacet
 facet normal 0.0 -0.0 -1.0
  outer loop
   vertex 1.7844276123046876 -1.9885123291015625 106.9
   vertex 1.8012503662109376 -2.0102720947265627 106.9
   vertex 1.7078529052734375 -2.0459281005859373 106.9
  endloop
 endfacet
 facet normal 0.0 0.0 -1.0
  outer loop
   vertex 1.6996395263671875 -2.0236343994140626 106.9
   vertex 1.7844276123046876 -1.9885123291015625 106.9
   vertex 1.7078529052734375 -2.0459281005859373 106.9
  endloop
 endfacet
 facet normal 0.0 -0.0 -1.0
  outer loop
   vertex 1.7688428955078126 -1.971072021484375 106.9
   vertex 1.7844276123046876 -1.9885123291015625 106.9
   vertex 1.6996395263671875 -2.0236343994140626 106.9
  endloop
 endfacet
 facet normal 0.0 0.0 -1.0
  outer loop
   vertex 1.694064697265625 -2.0042548828125 106.9
   vertex 1.7688428955078126 -1.971072021484375 106.9
   vertex 1.6996395263671875 -2.0236343994140626 106.9
  endloop
 endfacet
 facet normal 0.0 -0.0 -1.0
  outer loop
   vertex 1.7543563232421875 -1.95741357421875 106.9
   vertex 1.7688428955078126 -1.971072021484375 106.9
   vertex 1.694064697265625 -2.0042548828125 106.9
  endloop
 endfacet
 facet normal 0.0 0.0 -1.0
  outer loop
   vertex 1.6908876953125 -1.988215087890625 106.9
   vertex 1.7543563232421875 -1.95741357421875 106.9
   vertex 1.694064697265625 -2.0042548828125 106.9
  endloop
 endfacet
 facet normal 0.0 -0.0 -1.0
  outer loop
   vertex 1.7429879150390626 -1.9486832275390626 106.9
   vertex 1.7543563232421875 -1.95741357421875 106.9
   vertex 1.6908876953125 -1.988215087890625 106.9
  endloop
 endfacet
 facet normal 0.0 0.0 -1.0
  outer loop
   vertex 1.68965185546875 -1.9748115234375 106.9
   vertex 1.7429879150390626 -1.9486832275390626 106.9
   vertex 1.6908876953125 -1.988215087890625 106.9
  endloop
 endfacet
 facet normal 0.0 -0.0 -1.0
  outer loop
   vertex 1.7317470703125 -1.9420903320312501 106.9
   vertex 1.7429879150390626 -1.9486832275390626 106.9
   vertex 1.68965185546875 -1.9748115234375 106.9
  endloop
 endfacet
 facet normal 0.0 -0.0 -1.0
  outer loop
   vertex 1.6900386962890626 -1.9636778564453126 106.9
   vertex 1.7317470703125 -1.9420903320312501 106.9
   vertex 1.68965185546875 -1.9748115234375 106.9
  endloop
 endfacet
 facet normal 0.0 -0.0 -1.0
  outer loop
   vertex 1.7244323730468751 -1.9390987548828125 106.9
   vertex 1.7317470703125 -1.9420903320312501 106.9
   vertex 1.6900386962890626 -1.9636778564453126 106.9
  endloop
 endfacet
 facet normal 0.0 -0.0 -1.0
  outer loop
   vertex 1.69139453125 -1.9563741455078125 106.9
   vertex 1.7244323730468751 -1.9390987548828125 106.9
   vertex 1.6900386962890626 -1.9636778564453126 106.9
  endloop
 endfacet
 facet normal 0.0 -0.0 -1.0
  outer loop
   vertex 1.716568359375 -1.937537109375 106.9
   vertex 1.7244323730468751 -1.9390987548828125 106.9
   vertex 1.69139453125 -1.9563741455078125 106.9
  endloop
 endfacet
 facet normal 0.0 0.0 -1.0
  outer loop
   vertex 1.716568359375 -1.937537109375 106.9
   vertex 1.69139453125 -1.9563741455078125 106.9
   vertex 1.69339111328125 -1.9510086669921876 106.9
  endloop
 endfacet
 facet normal 0.0 -0.0 -1.0
  outer loop
   vertex 1.6959610595703125 -1.9465672607421876 106.9
   vertex 1.716568359375 -1.937537109375 106.9
   vertex 1.69339111328125 -1.9510086669921876 106.9
  endloop
 endfacet
 facet normal 0.0 -0.0 -1.0
  outer loop
   vertex 1.709564208984375 -1.9378111572265626 106.9
   vertex 1.716568359375 -1.937537109375 106.9
   vertex 1.6959610595703125 -1.9465672607421876 106.9
  endloop
 endfacet
 facet normal 0.0 -0.0 -1.0
  outer loop
   vertex 1.6983687744140625 -1.9436325683593751 106.9
   vertex 1.709564208984375 -1.9378111572265626 106.9
   vertex 1.6959610595703125 -1.9465672607421876 106.9
  endloop
 endfacet
 facet normal 0.0 -0.0 -1.0
  outer loop
   vertex 1.7047620849609375 -1.9391796875 106.9
   vertex 1.709564208984375 -1.9378111572265626 106.9
   vertex 1.6983687744140625 -1.9436325683593751 106.9
  endloop
 endfacet
 facet normal 0.0 -0.0 -1.0
  outer loop
   vertex 1.7011796875 -1.9411826171875 106.9
   vertex 1.7047620849609375 -1.9391796875 106.9
   vertex 1.6983687744140625 -1.9436325683593751 106.9
  endloop
 endfacet
 facet normal 0.49999940395355225 -0.8660257458686829 0.0
  outer loop
   vertex 1.822695068359375 -2.1480485839843753 106.93
   vertex 1.777979248046875 -2.173865234375 106.9
   vertex 1.822695068359375 -2.1480485839843753 106.9
  endloop
 endfacet
 facet normal 0.4999999403953552 -0.8660253882408142 -2.76532404086538e-07
  outer loop
   vertex 1.777979248046875 -2.173865234375 106.9
   vertex 0.563058837890625 -2.8752998046875002 106.93
   vertex 0.563058837890625 -2.8752998046875002 106.9
  endloop
 endfacet
 facet normal 0.5 -0.866025447845459 -1.0675872772480943e-06
  outer loop
   vertex 1.822695068359375 -2.1480485839843753 106.93
   vertex 0.563058837890625 -2.8752998046875002 106.93
   vertex 1.777979248046875 -2.173865234375 106.9
  endloop
 endfacet
 facet normal -0.0 0.0 -1.0
  outer loop
   vertex 1.907893798828125 -2.176491943359375 106.93
   vertex 1.8791341552734375 -2.18583349609375 106.93
   vertex 1.9046566162109375 -2.170010009765625 106.93
  endloop
 endfacet
 facet normal 0.0 0.0 -1.0
  outer loop
   vertex 1.8791341552734375 -2.18583349609375 106.93
   vertex 1.8771489257812501 -2.182631591796875 106.93
   vertex 1.9046566162109375 -2.170010009765625 106.93
  endloop
 endfacet
 facet normal -0.0 0.0 -1.0
  outer loop
   vertex 1.9046566162109375 -2.170010009765625 106.93
   vertex 1.8771489257812501 -2.182631591796875 106.93
   vertex 1.9006616210937501 -2.1639655761718752 106.93
  endloop
 endfacet
 facet normal 0.0 0.0 -1.0
  outer loop
   vertex 1.907893798828125 -2.176491943359375 106.93
   vertex 1.880702392578125 -2.189259033203125 106.93
   vertex 1.8791341552734375 -2.18583349609375 106.93
  endloop
 endfacet
 facet normal -0.0 0.0 -1.0
  outer loop
   vertex 1.910326171875 -2.18331689453125 106.93
   vertex 1.880702392578125 -2.189259033203125 106.93
   vertex 1.907893798828125 -2.176491943359375 106.93
  endloop
 endfacet
 facet normal 0.0 0.0 -1.0
  outer loop
   vertex 1.8771489257812501 -2.182631591796875 106.93
   vertex 1.8747779541015626 -2.1797038574218752 106.93
   vertex 1.9006616210937501 -2.1639655761718752 106.93
  endloop
 endfacet
 facet normal -0.0 0.0 -1.0
  outer loop
   vertex 1.9006616210937501 -2.1639655761718752 106.93
   vertex 1.8747779541015626 -2.1797038574218752 106.93
   vertex 1.8959671630859376 -2.158446533203125 106.93
  endloop
 endfacet
 facet normal 0.0 0.0 -1.0
  outer loop
   vertex 1.910326171875 -2.18331689453125 106.93
   vertex 1.8818291015625 -2.19285400390625 106.93
   vertex 1.880702392578125 -2.189259033203125 106.93
  endloop
 endfacet
 facet normal -0.0 0.0 -1.0
  outer loop
   vertex 1.9119180908203126 -2.19038525390625 106.93
   vertex 1.8818291015625 -2.19285400390625 106.93
   vertex 1.910326171875 -2.18331689453125 106.93
  endloop
 endfacet
 facet normal -0.0 0.0 -1.0
  outer loop
   vertex 1.8959671630859376 -2.158446533203125 106.93
   vertex 1.8720587158203126 -2.17709619140625 106.93
   vertex 1.8906417236328126 -2.15353369140625 106.93
  endloop
 endfacet
 facet normal 0.0 0.0 -1.0
  outer loop
   vertex 1.8747779541015626 -2.1797038574218752 106.93
   vertex 1.8720587158203126 -2.17709619140625 106.93
   vertex 1.8959671630859376 -2.158446533203125 106.93
  endloop
 endfacet
 facet normal 0.0 0.0 -1.0
  outer loop
   vertex 1.9119180908203126 -2.19038525390625 106.93
   vertex 1.8824962158203125 -2.19656201171875 106.93
   vertex 1.8818291015625 -2.19285400390625 106.93
  endloop
 endfacet
 facet normal 0.0 0.0 -1.0
  outer loop
   vertex 1.9126463623046874 -2.197593994140625 106.93
   vertex 1.8824962158203125 -2.19656201171875 106.93
   vertex 1.9119180908203126 -2.19038525390625 106.93
  endloop
 endfacet
 facet normal -0.0 0.0 -1.0
  outer loop
   vertex 1.8906417236328126 -2.15353369140625 106.93
   vertex 1.8690341796875 -2.174849853515625 106.93
   vertex 1.8847629394531251 -2.149298583984375 106.93
  endloop
 endfacet
 facet normal 0.0 0.0 -1.0
  outer loop
   vertex 1.8720587158203126 -2.17709619140625 106.93
   vertex 1.8690341796875 -2.174849853515625 106.93
   vertex 1.8906417236328126 -2.15353369140625 106.93
  endloop
 endfacet
 facet normal -0.0 0.0 -1.0
  outer loop
   vertex 1.9126463623046874 -2.197593994140625 106.93
   vertex 1.882693359375 -2.20032421875 106.93
   vertex 1.8824962158203125 -2.19656201171875 106.93
  endloop
 endfacet
 facet normal 0.0 0.0 -1.0
  outer loop
   vertex 1.91250048828125 -2.204838134765625 106.93
   vertex 1.882693359375 -2.20032421875 106.93
   vertex 1.9126463623046874 -2.197593994140625 106.93
  endloop
 endfacet
 facet normal -0.0 0.0 -1.0
  outer loop
   vertex 1.8847629394531251 -2.149298583984375 106.93
   vertex 1.865751953125 -2.17300048828125 106.93
   vertex 1.8784166259765624 -2.145802978515625 106.93
  endloop
 endfacet
 facet normal 0.0 0.0 -1.0
  outer loop
   vertex 1.8690341796875 -2.174849853515625 106.93
   vertex 1.865751953125 -2.17300048828125 106.93
   vertex 1.8847629394531251 -2.149298583984375 106.93
  endloop
 endfacet
 facet normal 0.0 0.0 -1.0
  outer loop
   vertex 1.91250048828125 -2.204838134765625 106.93
   vertex 1.8824174804687501 -2.20408154296875 106.93
   vertex 1.882693359375 -2.20032421875 106.93
  endloop
 endfacet
 facet normal 0.0 0.0 -1.0
  outer loop
   vertex 1.911482421875 -2.212011474609375 106.93
   vertex 1.8824174804687501 -2.20408154296875 106.93
   vertex 1.91250048828125 -2.204838134765625 106.93
  endloop
 endfacet
 facet normal 0.0 0.0 -1.0
  outer loop
   vertex 1.865751953125 -2.17300048828125 106.93
   vertex 1.8622637939453126 -2.171576904296875 106.93
   vertex 1.8784166259765624 -2.145802978515625 106.93
  endloop
 endfacet
 facet normal -0.0 0.0 -1.0
  outer loop
   vertex 1.871695068359375 -2.143097900390625 106.93
   vertex 1.8622637939453126 -2.171576904296875 106.93
   vertex 1.8646965332031251 -2.14122265625 106.93
  endloop
 endfacet
 facet normal -0.0 0.0 -1.0
  outer loop
   vertex 1.8784166259765624 -2.145802978515625 106.93
   vertex 1.8622637939453126 -2.171576904296875 106.93
   vertex 1.871695068359375 -2.143097900390625 106.93
  endloop
 endfacet
 facet normal 0.0 0.0 -1.0
  outer loop
   vertex 1.911482421875 -2.212011474609375 106.93
   vertex 1.8816728515625 -2.207774658203125 106.93
   vertex 1.8824174804687501 -2.20408154296875 106.93
  endloop
 endfacet
 facet normal 0.0 0.0 -1.0
  outer loop
   vertex 1.909607177734375 -2.219010009765625 106.93
   vertex 1.8816728515625 -2.207774658203125 106.93
   vertex 1.911482421875 -2.212011474609375 106.93
  endloop
 endfacet
 facet normal -0.0 0.0 -1.0
  outer loop
   vertex 1.8646965332031251 -2.14122265625 106.93
   vertex 1.8586247558593751 -2.170601806640625 106.93
   vertex 1.8575230712890625 -2.14020458984375 106.93
  endloop
 endfacet
 facet normal 0.0 0.0 -1.0
  outer loop
   vertex 1.8622637939453126 -2.171576904296875 106.93
   vertex 1.8586247558593751 -2.170601806640625 106.93
   vertex 1.8646965332031251 -2.14122265625 106.93
  endloop
 endfacet
 facet normal 0.0 0.0 -1.0
  outer loop
   vertex 1.906902099609375 -2.225731689453125 106.93
   vertex 1.88047119140625 -2.21134521484375 106.93
   vertex 1.909607177734375 -2.219010009765625 106.93
  endloop
 endfacet
 facet normal 0.0 0.0 -1.0
  outer loop
   vertex 1.909607177734375 -2.219010009765625 106.93
   vertex 1.88047119140625 -2.21134521484375 106.93
   vertex 1.8816728515625 -2.207774658203125 106.93
  endloop
 endfacet
 facet normal 0.0 0.0 -1.0
  outer loop
   vertex 1.8586247558593751 -2.170601806640625 106.93
   vertex 1.8548922119140625 -2.170090576171875 106.93
   vertex 1.8575230712890625 -2.14020458984375 106.93
  endloop
 endfacet
 facet normal -0.0 0.0 -1.0
  outer loop
   vertex 1.8575230712890625 -2.14020458984375 106.93
   vertex 1.8548922119140625 -2.170090576171875 106.93
   vertex 1.850279052734375 -2.14005859375 106.93
  endloop
 endfacet
 facet normal 0.0 0.0 -1.0
  outer loop
   vertex 1.903406494140625 -2.232077880859375 106.93
   vertex 1.8788314208984376 -2.214737060546875 106.93
   vertex 1.906902099609375 -2.225731689453125 106.93
  endloop
 endfacet
 facet normal 0.0 0.0 -1.0
  outer loop
   vertex 1.906902099609375 -2.225731689453125 106.93
   vertex 1.8788314208984376 -2.214737060546875 106.93
   vertex 1.88047119140625 -2.21134521484375 106.93
  endloop
 endfacet
 facet normal 0.0 -0.0 -1.0
  outer loop
   vertex 1.850279052734375 -2.14005859375 106.93
   vertex 1.8511250000000001 -2.17005126953125 106.93
   vertex 1.8430703125 -2.140787109375 106.93
  endloop
 endfacet
 facet normal 0.0 0.0 -1.0
  outer loop
   vertex 1.8548922119140625 -2.170090576171875 106.93
   vertex 1.8511250000000001 -2.17005126953125 106.93
   vertex 1.850279052734375 -2.14005859375 106.93
  endloop
 endfacet
 facet normal 0.0 0.0 -1.0
  outer loop
   vertex 1.89917138671875 -2.237956787109375 106.93
   vertex 1.876779541015625 -2.2178967285156252 106.93
   vertex 1.903406494140625 -2.232077880859375 106.93
  endloop
 endfacet
 facet normal 0.0 0.0 -1.0
  outer loop
   vertex 1.903406494140625 -2.232077880859375 106.93
   vertex 1.876779541015625 -2.2178967285156252 106.93
   vertex 1.8788314208984376 -2.214737060546875 106.93
  endloop
 endfacet
 facet normal 0.0 -0.0 -1.0
  outer loop
   vertex 1.8430703125 -2.140787109375 106.93
   vertex 1.8473824462890625 -2.170484130859375 106.93
   vertex 1.836001953125 -2.14237890625 106.93
  endloop
 endfacet
 facet normal -0.0 0.0 -1.0
  outer loop
   vertex 1.8511250000000001 -2.17005126953125 106.93
   vertex 1.8473824462890625 -2.170484130859375 106.93
   vertex 1.8430703125 -2.140787109375 106.93
  endloop
 endfacet
 facet normal 0.0 0.0 -1.0
  outer loop
   vertex 1.89917138671875 -2.237956787109375 106.93
   vertex 1.874347900390625 -2.2207744140625 106.93
   vertex 1.876779541015625 -2.2178967285156252 106.93
  endloop
 endfacet
 facet normal 0.0 0.0 -1.0
  outer loop
   vertex 1.894258544921875 -2.2432822265625 106.93
   vertex 1.874347900390625 -2.2207744140625 106.93
   vertex 1.89917138671875 -2.237956787109375 106.93
  endloop
 endfacet
 facet normal 0.0 -0.0 -1.0
  outer loop
   vertex 1.836001953125 -2.14237890625 106.93
   vertex 1.8437237548828125 -2.1713828125 106.93
   vertex 1.829177001953125 -2.144811279296875 106.93
  endloop
 endfacet
 facet normal -0.0 0.0 -1.0
  outer loop
   vertex 1.8473824462890625 -2.170484130859375 106.93
   vertex 1.8437237548828125 -2.1713828125 106.93
   vertex 1.836001953125 -2.14237890625 106.93
  endloop
 endfacet
 facet normal 0.0 0.0 -1.0
  outer loop
   vertex 1.894258544921875 -2.2432822265625 106.93
   vertex 1.87157470703125 -2.2233244628906252 106.93
   vertex 1.874347900390625 -2.2207744140625 106.93
  endloop
 endfacet
 facet normal 0.0 0.0 -1.0
  outer loop
   vertex 1.8887396240234375 -2.2479765625 106.93
   vertex 1.87157470703125 -2.2233244628906252 106.93
   vertex 1.894258544921875 -2.2432822265625 106.93
  endloop
 endfacet
 facet normal -0.0 0.0 -1.0
  outer loop
   vertex 1.8437237548828125 -2.1713828125 106.93
   vertex 1.8402066650390625 -2.1727329101562503 106.93
   vertex 1.829177001953125 -2.144811279296875 106.93
  endloop
 endfacet
 facet normal 0.0 0.0 -1.0
  outer loop
   vertex 1.8887396240234375 -2.2479765625 106.93
   vertex 1.8685036621093751 -2.2255068359375 106.93
   vertex 1.87157470703125 -2.2233244628906252 106.93
  endloop
 endfacet
 facet normal 0.0 0.0 -1.0
  outer loop
   vertex 1.8402066650390625 -2.1727329101562503 106.93
   vertex 1.822695068359375 -2.1480485839843753 106.93
   vertex 1.829177001953125 -2.144811279296875 106.93
  endloop
 endfacet
 facet normal -0.0 0.0 -1.0
  outer loop
   vertex 1.8887396240234375 -2.2479765625 106.93
   vertex 1.882695068359375 -2.2519716796875002 106.93
   vertex 1.8685036621093751 -2.2255068359375 106.93
  endloop
 endfacet
 facet normal -0.0 0.0 -1.0
  outer loop
   vertex 1.8402066650390625 -2.1727329101562503 106.93
   vertex 1.8368863525390626 -2.17451318359375 106.93
   vertex 1.822695068359375 -2.1480485839843753 106.93
  endloop
 endfacet
 facet normal 0.0 0.0 -1.0
  outer loop
   vertex 1.882695068359375 -2.2519716796875002 106.93
   vertex 1.8651834716796876 -2.227287109375 106.93
   vertex 1.8685036621093751 -2.2255068359375 106.93
  endloop
 endfacet
 facet normal -0.0 0.0 -1.0
  outer loop
   vertex 1.8368863525390626 -2.17451318359375 106.93
   vertex 1.8338154296875 -2.176695556640625 106.93
   vertex 1.822695068359375 -2.1480485839843753 106.93
  endloop
 endfacet
 facet normal 0.0 0.0 -1.0
  outer loop
   vertex 1.882695068359375 -2.2519716796875002 106.93
   vertex 1.861666259765625 -2.22863720703125 106.93
   vertex 1.8651834716796876 -2.227287109375 106.93
  endloop
 endfacet
 facet normal -0.0 0.0 -1.0
  outer loop
   vertex 1.8338154296875 -2.176695556640625 106.93
   vertex 1.8310422363281251 -2.179245849609375 106.93
   vertex 1.822695068359375 -2.1480485839843753 106.93
  endloop
 endfacet
 facet normal 0.0 0.0 -1.0
  outer loop
   vertex 1.882695068359375 -2.2519716796875002 106.93
   vertex 1.858007568359375 -2.229535888671875 106.93
   vertex 1.861666259765625 -2.22863720703125 106.93
  endloop
 endfacet
 facet normal -0.0 0.0 -1.0
  outer loop
   vertex 1.8310422363281251 -2.179245849609375 106.93
   vertex 1.8286104736328126 -2.182123291015625 106.93
   vertex 1.822695068359375 -2.1480485839843753 106.93
  endloop
 endfacet
 facet normal 0.0 0.0 -1.0
  outer loop
   vertex 1.882695068359375 -2.2519716796875002 106.93
   vertex 1.85426513671875 -2.229968994140625 106.93
   vertex 1.858007568359375 -2.229535888671875 106.93
  endloop
 endfacet
 facet normal -0.0 0.0 -1.0
  outer loop
   vertex 1.8286104736328126 -2.182123291015625 106.93
   vertex 1.82655859375 -2.185282958984375 106.93
   vertex 1.822695068359375 -2.1480485839843753 106.93
  endloop
 endfacet
 facet normal 0.0 0.0 -1.0
  outer loop
   vertex 1.882695068359375 -2.2519716796875002 106.93
   vertex 1.8504979248046876 -2.2299294433593753 106.93
   vertex 1.85426513671875 -2.229968994140625 106.93
  endloop
 endfacet
 facet normal -0.0 0.0 -1.0
  outer loop
   vertex 1.82655859375 -2.185282958984375 106.93
   vertex 1.8249189453125 -2.1886748046875 106.93
   vertex 1.822695068359375 -2.1480485839843753 106.93
  endloop
 endfacet
 facet normal 0.0 0.0 -1.0
  outer loop
   vertex 1.882695068359375 -2.2519716796875002 106.93
   vertex 1.8467652587890626 -2.229418212890625 106.93
   vertex 1.8504979248046876 -2.2299294433593753 106.93
  endloop
 endfacet
 facet normal -0.0 0.0 -1.0
  outer loop
   vertex 1.8249189453125 -2.1886748046875 106.93
   vertex 1.82371728515625 -2.192245361328125 106.93
   vertex 1.822695068359375 -2.1480485839843753 106.93
  endloop
 endfacet
 facet normal 0.0 0.0 -1.0
  outer loop
   vertex 1.882695068359375 -2.2519716796875002 106.93
   vertex 1.843126220703125 -2.228443115234375 106.93
   vertex 1.8467652587890626 -2.229418212890625 106.93
  endloop
 endfacet
 facet normal -0.0 0.0 -1.0
  outer loop
   vertex 1.82371728515625 -2.192245361328125 106.93
   vertex 1.82297265625 -2.1959384765625 106.93
   vertex 1.822695068359375 -2.1480485839843753 106.93
  endloop
 endfacet
 facet normal 0.0 0.0 -1.0
  outer loop
   vertex 1.882695068359375 -2.2519716796875002 106.93
   vertex 1.8396380615234376 -2.22701953125 106.93
   vertex 1.843126220703125 -2.228443115234375 106.93
  endloop
 endfacet
 facet normal -0.0 0.0 -1.0
  outer loop
   vertex 1.82297265625 -2.1959384765625 106.93
   vertex 1.8226966552734376 -2.19969580078125 106.93
   vertex 1.822695068359375 -2.1480485839843753 106.93
  endloop
 endfacet
 facet normal -0.0 0.0 -1.0
  outer loop
   vertex 1.8282412109375001 -2.217388427734375 106.93
   vertex 0.623058837890625 -2.979222900390625 106.93
   vertex 1.8262559814453125 -2.2141865234375 106.93
  endloop
 endfacet
 facet normal -0.0 0.0 -1.0
  outer loop
   vertex 1.8306121826171875 -2.2203164062500003 106.93
   vertex 0.623058837890625 -2.979222900390625 106.93
   vertex 1.8282412109375001 -2.217388427734375 106.93
  endloop
 endfacet
 facet normal -0.0 0.0 -1.0
  outer loop
   vertex 1.833331298828125 -2.222923828125 106.93
   vertex 0.623058837890625 -2.979222900390625 106.93
   vertex 1.8306121826171875 -2.2203164062500003 106.93
  endloop
 endfacet
 facet normal -0.0 0.0 -1.0
  outer loop
   vertex 1.8363558349609375 -2.225170166015625 106.93
   vertex 0.623058837890625 -2.979222900390625 106.93
   vertex 1.833331298828125 -2.222923828125 106.93
  endloop
 endfacet
 facet normal -0.0 0.0 -1.0
  outer loop
   vertex 1.822893798828125 -2.203458251953125 106.93
   vertex 0.563058837890625 -2.8752998046875002 106.93
   vertex 1.8226966552734376 -2.19969580078125 106.93
  endloop
 endfacet
 facet normal -0.0 0.0 -1.0
  outer loop
   vertex 1.8235610351562501 -2.207166015625 106.93
   vertex 0.563058837890625 -2.8752998046875002 106.93
   vertex 1.822893798828125 -2.203458251953125 106.93
  endloop
 endfacet
 facet normal -0.0 0.0 -1.0
  outer loop
   vertex 1.8246876220703125 -2.210760986328125 106.93
   vertex 0.563058837890625 -2.8752998046875002 106.93
   vertex 1.8235610351562501 -2.207166015625 106.93
  endloop
 endfacet
 facet normal -0.0 0.0 -1.0
  outer loop
   vertex 1.8262559814453125 -2.2141865234375 106.93
   vertex 0.563058837890625 -2.8752998046875002 106.93
   vertex 1.8246876220703125 -2.210760986328125 106.93
  endloop
 endfacet
 facet normal 0.0 0.0 -1.0
  outer loop
   vertex 0.623058837890625 -2.979222900390625 106.93
   vertex 0.563058837890625 -2.8752998046875002 106.93
   vertex 1.8262559814453125 -2.2141865234375 106.93
  endloop
 endfacet
 facet normal 0.0 0.0 -1.0
  outer loop
   vertex 0.623058837890625 -2.979222900390625 106.93
   vertex 0.5268782348632812 -2.96764697265625 106.93
   vertex 0.563058837890625 -2.8752998046875002 106.93
  endloop
 endfacet
 facet normal 0.0 0.0 -1.0
  outer loop
   vertex 0.5268782348632812 -2.96764697265625 106.93
   vertex 0.5229076538085937 -2.9612431640625 106.93
   vertex 0.563058837890625 -2.8752998046875002 106.93
  endloop
 endfacet
 facet normal 0.0 0.0 -1.0
  outer loop
   vertex 0.623058837890625 -2.979222900390625 106.93
   vertex 0.5300148315429688 -2.974497802734375 106.93
   vertex 0.5268782348632812 -2.96764697265625 106.93
  endloop
 endfacet
 facet normal 0.0 0.0 -1.0
  outer loop
   vertex 0.5229076538085937 -2.9612431640625 106.93
   vertex 0.5181658325195313 -2.955387451171875 106.93
   vertex 0.563058837890625 -2.8752998046875002 106.93
  endloop
 endfacet
 facet normal -0.0 0.0 -1.0
  outer loop
   vertex 0.623058837890625 -2.979222900390625 106.93
   vertex 0.53226806640625 -2.98168798828125 106.93
   vertex 0.5300148315429688 -2.974497802734375 106.93
  endloop
 endfacet
 facet normal 0.0 0.0 -1.0
  outer loop
   vertex 0.5181658325195313 -2.955387451171875 106.93
   vertex 0.5127274780273438 -2.950172119140625 106.93
   vertex 0.563058837890625 -2.8752998046875002 106.93
  endloop
 endfacet
 facet normal 0.0 0.0 -1.0
  outer loop
   vertex 0.623058837890625 -2.979222900390625 106.93
   vertex 0.5336023559570313 -2.989103759765625 106.93
   vertex 0.53226806640625 -2.98168798828125 106.93
  endloop
 endfacet
 facet normal 0.0 0.0 -1.0
  outer loop
   vertex 0.6239440307617188 -2.99190185546875 106.93
   vertex 0.5336023559570313 -2.989103759765625 106.93
   vertex 0.623058837890625 -2.979222900390625 106.93
  endloop
 endfacet
 facet normal 0.0 0.0 -1.0
  outer loop
   vertex 0.5127274780273438 -2.950172119140625 106.93
   vertex 0.5066783447265625 -2.9456796875 106.93
   vertex 0.563058837890625 -2.8752998046875002 106.93
  endloop
 endfacet
 facet normal -0.0 0.0 -1.0
  outer loop
   vertex 0.563058837890625 -2.8752998046875002 106.93
   vertex 0.5066783447265625 -2.9456796875 106.93
   vertex 0.5517459106445313 -2.8677207031250003 106.93
  endloop
 endfacet
 facet normal -0.0 0.0 -1.0
  outer loop
   vertex 0.6239440307617188 -2.99190185546875 106.93
   vertex 0.5339967041015625 -2.99662841796875 106.93
   vertex 0.5336023559570313 -2.989103759765625 106.93
  endloop
 endfacet
 facet normal 0.0 0.0 -1.0
  outer loop
   vertex 0.623752685546875 -3.004610107421875 106.93
   vertex 0.5339967041015625 -2.99662841796875 106.93
   vertex 0.6239440307617188 -2.99190185546875 106.93
  endloop
 endfacet
 facet normal 0.0 0.0 -1.0
  outer loop
   vertex 0.5066783447265625 -2.9456796875 106.93
   vertex 0.5001138610839844 -2.94198095703125 106.93
   vertex 0.5517459106445313 -2.8677207031250003 106.93
  endloop
 endfacet
 facet normal -0.0 0.0 -1.0
  outer loop
   vertex 0.5397923583984375 -2.86119873046875 106.93
   vertex 0.5001138610839844 -2.94198095703125 106.93
   vertex 0.5272965698242188 -2.855787841796875 106.93
  endloop
 endfacet
 facet normal -0.0 0.0 -1.0
  outer loop
   vertex 0.5517459106445313 -2.8677207031250003 106.93
   vertex 0.5001138610839844 -2.94198095703125 106.93
   vertex 0.5397923583984375 -2.86119873046875 106.93
  endloop
 endfacet
 facet normal 0.0 0.0 -1.0
  outer loop
   vertex 0.623752685546875 -3.004610107421875 106.93
   vertex 0.5334448852539062 -3.0041428222656252 106.93
   vertex 0.5339967041015625 -2.99662841796875 106.93
  endloop
 endfacet
 facet normal 0.0 0.0 -1.0
  outer loop
   vertex 0.6224862060546875 -3.0172568359375003 106.93
   vertex 0.5334448852539062 -3.0041428222656252 106.93
   vertex 0.623752685546875 -3.004610107421875 106.93
  endloop
 endfacet
 facet normal 0.0 0.0 -1.0
  outer loop
   vertex 0.6201536254882812 -3.029750732421875 106.93
   vertex 0.5334448852539062 -3.0041428222656252 106.93
   vertex 0.6224862060546875 -3.0172568359375003 106.93
  endloop
 endfacet
 facet normal 0.0 0.0 -1.0
  outer loop
   vertex 0.5001138610839844 -2.94198095703125 106.93
   vertex 0.4931375732421875 -2.9391337890625002 106.93
   vertex 0.5272965698242188 -2.855787841796875 106.93
  endloop
 endfacet
 facet normal -0.0 0.0 -1.0
  outer loop
   vertex 0.5272965698242188 -2.855787841796875 106.93
   vertex 0.4931375732421875 -2.9391337890625002 106.93
   vertex 0.514361572265625 -2.8515322265625 106.93
  endloop
 endfacet
 facet normal 0.0 0.0 -1.0
  outer loop
   vertex 0.6167717895507813 -3.0420021972656253 106.93
   vertex 0.53195556640625 -3.011529052734375 106.93
   vertex 0.6201536254882812 -3.029750732421875 106.93
  endloop
 endfacet
 facet normal 0.0 0.0 -1.0
  outer loop
   vertex 0.6201536254882812 -3.029750732421875 106.93
   vertex 0.53195556640625 -3.011529052734375 106.93
   vertex 0.5334448852539062 -3.0041428222656252 106.93
  endloop
 endfacet
 facet normal 0.0 0.0 -1.0
  outer loop
   vertex 0.4931375732421875 -2.9391337890625002 106.93
   vertex 0.48585943603515624 -2.937183837890625 106.93
   vertex 0.514361572265625 -2.8515322265625 106.93
  endloop
 endfacet
 facet normal -0.0 0.0 -1.0
  outer loop
   vertex 0.5010939331054688 -2.84846728515625 106.93
   vertex 0.48585943603515624 -2.937183837890625 106.93
   vertex 0.48760302734375 -2.8466181640625 106.93
  endloop
 endfacet
 facet normal -0.0 0.0 -1.0
  outer loop
   vertex 0.514361572265625 -2.8515322265625 106.93
   vertex 0.48585943603515624 -2.937183837890625 106.93
   vertex 0.5010939331054688 -2.84846728515625 106.93
  endloop
 endfacet
 facet normal 0.0 0.0 -1.0
  outer loop
   vertex 0.6167717895507813 -3.0420021972656253 106.93
   vertex 0.52955224609375 -3.01867041015625 106.93
   vertex 0.53195556640625 -3.011529052734375 106.93
  endloop
 endfacet
 facet normal 0.0 0.0 -1.0
  outer loop
   vertex 0.6123649291992188 -3.0539235839843752 106.93
   vertex 0.52955224609375 -3.01867041015625 106.93
   vertex 0.6167717895507813 -3.0420021972656253 106.93
  endloop
 endfacet
 facet normal 0.0 0.0 -1.0
  outer loop
   vertex 0.606964599609375 -3.06542919921875 106.93
   vertex 0.52955224609375 -3.01867041015625 106.93
   vertex 0.6123649291992188 -3.0539235839843752 106.93
  endloop
 endfacet
 facet normal 0.0 0.0 -1.0
  outer loop
   vertex 0.48585943603515624 -2.937183837890625 106.93
   vertex 0.478394287109375 -2.9361611328125 106.93
   vertex 0.48760302734375 -2.8466181640625 106.93
  endloop
 endfacet
 facet normal -0.0 0.0 -1.0
  outer loop
   vertex 0.48760302734375 -2.8466181640625 106.93
   vertex 0.478394287109375 -2.9361611328125 106.93
   vertex 0.47400000000000003 -2.846 106.93
  endloop
 endfacet
 facet normal 0.0 0.0 -1.0
  outer loop
   vertex 0.606964599609375 -3.06542919921875 106.93
   vertex 0.5262728271484375 -3.025454345703125 106.93
   vertex 0.52955224609375 -3.01867041015625 106.93
  endloop
 endfacet
 facet normal 0.0 0.0 -1.0
  outer loop
   vertex 0.6006097412109375 -3.076436279296875 106.93
   vertex 0.5262728271484375 -3.025454345703125 106.93
   vertex 0.606964599609375 -3.06542919921875 106.93
  endloop
 endfacet
 facet normal 0.0 0.0 -1.0
  outer loop
   vertex 0.478394287109375 -2.9361611328125 106.93
   vertex 0.4708598327636719 -2.9360822753906253 106.93
   vertex 0.47400000000000003 -2.846 106.93
  endloop
 endfacet
 facet normal 0.0 0.0 -1.0
  outer loop
   vertex 0.47400000000000003 -2.846 106.93
   vertex 0.4708598327636719 -2.9360822753906253 106.93
   vertex 0.46039697265625 -2.8466181640625 106.93
  endloop
 endfacet
 facet normal 0.0 0.0 -1.0
  outer loop
   vertex 0.5933458251953125 -3.08686572265625 106.93
   vertex 0.5221690673828125 -3.0317734375 106.93
   vertex 0.6006097412109375 -3.076436279296875 106.93
  endloop
 endfacet
 facet normal 0.0 0.0 -1.0
  outer loop
   vertex 0.58522509765625 -3.096642822265625 106.93
   vertex 0.5221690673828125 -3.0317734375 106.93
   vertex 0.5933458251953125 -3.08686572265625 106.93
  endloop
 endfacet
 facet normal 0.0 0.0 -1.0
  outer loop
   vertex 0.6006097412109375 -3.076436279296875 106.93
   vertex 0.5221690673828125 -3.0317734375 106.93
   vertex 0.5262728271484375 -3.025454345703125 106.93
  endloop
 endfacet
 facet normal -0.0 0.0 -1.0
  outer loop
   vertex 0.4708598327636719 -2.9360822753906253 106.93
   vertex 0.46337490844726564 -2.9369482421875 106.93
   vertex 0.46039697265625 -2.8466181640625 106.93
  endloop
 endfacet
 facet normal 0.0 -0.0 -1.0
  outer loop
   vertex 0.4469060668945313 -2.84846728515625 106.93
   vertex 0.46337490844726564 -2.9369482421875 106.93
   vertex 0.43363845825195313 -2.8515322265625 106.93
  endloop
 endfacet
 facet normal 0.0 -0.0 -1.0
  outer loop
   vertex 0.46039697265625 -2.8466181640625 106.93
   vertex 0.46337490844726564 -2.9369482421875 106.93
   vertex 0.4469060668945313 -2.84846728515625 106.93
  endloop
 endfacet
 facet normal 0.0 0.0 -1.0
  outer loop
   vertex 0.58522509765625 -3.096642822265625 106.93
   vertex 0.5173056030273437 -3.037528564453125 106.93
   vertex 0.5221690673828125 -3.0317734375 106.93
  endloop
 endfacet
 facet normal 0.0 0.0 -1.0
  outer loop
   vertex 0.5763057861328125 -3.105697509765625 106.93
   vertex 0.5173056030273437 -3.037528564453125 106.93
   vertex 0.58522509765625 -3.096642822265625 106.93
  endloop
 endfacet
 facet normal -0.0 0.0 -1.0
  outer loop
   vertex 0.46337490844726564 -2.9369482421875 106.93
   vertex 0.4560575561523438 -2.93874560546875 106.93
   vertex 0.43363845825195313 -2.8515322265625 106.93
  endloop
 endfacet
 facet normal 0.0 -0.0 -1.0
  outer loop
   vertex 0.43363845825195313 -2.8515322265625 106.93
   vertex 0.4560575561523438 -2.93874560546875 106.93
   vertex 0.42070343017578127 -2.855787841796875 106.93
  endloop
 endfacet
 facet normal 0.0 0.0 -1.0
  outer loop
   vertex 0.5763057861328125 -3.105697509765625 106.93
   vertex 0.5117592163085938 -3.042628662109375 106.93
   vertex 0.5173056030273437 -3.037528564453125 106.93
  endloop
 endfacet
 facet normal 0.0 0.0 -1.0
  outer loop
   vertex 0.5666519775390625 -3.11396435546875 106.93
   vertex 0.5117592163085938 -3.042628662109375 106.93
   vertex 0.5763057861328125 -3.105697509765625 106.93
  endloop
 endfacet
 facet normal -0.0 0.0 -1.0
  outer loop
   vertex 0.5666519775390625 -3.11396435546875 106.93
   vertex 0.5563330078125001 -3.121384521484375 106.93
   vertex 0.5117592163085938 -3.042628662109375 106.93
  endloop
 endfacet
 facet normal -0.0 0.0 -1.0
  outer loop
   vertex 0.4560575561523438 -2.93874560546875 106.93
   vertex 0.4490231628417969 -2.94144580078125 106.93
   vertex 0.42070343017578127 -2.855787841796875 106.93
  endloop
 endfacet
 facet normal 0.0 -0.0 -1.0
  outer loop
   vertex 0.42070343017578127 -2.855787841796875 106.93
   vertex 0.4490231628417969 -2.94144580078125 106.93
   vertex 0.40820764160156253 -2.86119873046875 106.93
  endloop
 endfacet
 facet normal 0.0 0.0 -1.0
  outer loop
   vertex 0.5563330078125001 -3.121384521484375 106.93
   vertex 0.5056173400878906 -3.04699365234375 106.93
   vertex 0.5117592163085938 -3.042628662109375 106.93
  endloop
 endfacet
 facet normal -0.0 0.0 -1.0
  outer loop
   vertex 0.4490231628417969 -2.94144580078125 106.93
   vertex 0.4423826599121094 -2.9450063476562502 106.93
   vertex 0.40820764160156253 -2.86119873046875 106.93
  endloop
 endfacet
 facet normal 0.0 0.0 -1.0
  outer loop
   vertex 0.4423826599121094 -2.9450063476562502 106.93
   vertex 0.3962540588378906 -2.8677207031250003 106.93
   vertex 0.40820764160156253 -2.86119873046875 106.93
  endloop
 endfacet
 facet normal -0.0 0.0 -1.0
  outer loop
   vertex 0.5563330078125001 -3.121384521484375 106.93
   vertex 0.5454229125976563 -3.127904296875 106.93
   vertex 0.5056173400878906 -3.04699365234375 106.93
  endloop
 endfacet
 facet normal 0.0 0.0 -1.0
  outer loop
   vertex 0.5454229125976563 -3.127904296875 106.93
   vertex 0.4989768371582031 -3.05055419921875 106.93
   vertex 0.5056173400878906 -3.04699365234375 106.93
  endloop
 endfacet
 facet normal 0.0 0.0 -1.0
  outer loop
   vertex 0.43069439697265627 -2.954471435546875 106.93
   vertex 0.38494119262695314 -2.8752998046875002 106.93
   vertex 0.4362407836914063 -2.949371337890625 106.93
  endloop
 endfacet
 facet normal 0.0 0.0 -1.0
  outer loop
   vertex 0.4362407836914063 -2.949371337890625 106.93
   vertex 0.38494119262695314 -2.8752998046875002 106.93
   vertex 0.4423826599121094 -2.9450063476562502 106.93
  endloop
 endfacet
 facet normal 0.0 0.0 -1.0
  outer loop
   vertex 0.4423826599121094 -2.9450063476562502 106.93
   vertex 0.38494119262695314 -2.8752998046875002 106.93
   vertex 0.3962540588378906 -2.8677207031250003 106.93
  endloop
 endfacet
 facet normal 0.0 -0.0 -1.0
  outer loop
   vertex 0.4989768371582031 -3.05055419921875 106.93
   vertex 0.534 -3.133477294921875 106.93
   vertex 0.4919424438476563 -3.0532543945312502 106.93
  endloop
 endfacet
 facet normal -0.0 0.0 -1.0
  outer loop
   vertex 0.5454229125976563 -3.127904296875 106.93
   vertex 0.534 -3.133477294921875 106.93
   vertex 0.4989768371582031 -3.05055419921875 106.93
  endloop
 endfacet
 facet normal 0.0 0.0 -1.0
  outer loop
   vertex 0.534 -3.133477294921875 106.93
   vertex 0.48462509155273437 -3.0550517578125 106.93
   vertex 0.4919424438476563 -3.0532543945312502 106.93
  endloop
 endfacet
 facet normal -0.0 0.0 -1.0
  outer loop
   vertex 0.43069439697265627 -2.954471435546875 106.93
   vertex 0.42583096313476565 -2.9602265625 106.93
   vertex 0.38494119262695314 -2.8752998046875002 106.93
  endloop
 endfacet
 facet normal 0.0 0.0 -1.0
  outer loop
   vertex 0.534 -3.133477294921875 106.93
   vertex 0.4771401672363281 -3.055917724609375 106.93
   vertex 0.48462509155273437 -3.0550517578125 106.93
  endloop
 endfacet
 facet normal -0.0 0.0 -1.0
  outer loop
   vertex 0.42583096313476565 -2.9602265625 106.93
   vertex 0.4217271728515625 -2.966545654296875 106.93
   vertex 0.38494119262695314 -2.8752998046875002 106.93
  endloop
 endfacet
 facet normal -0.0 0.0 -1.0
  outer loop
   vertex 0.4217271728515625 -2.966545654296875 106.93
   vertex 0.32494119262695315 -2.979222900390625 106.93
   vertex 0.38494119262695314 -2.8752998046875002 106.93
  endloop
 endfacet
 facet normal 0.0 0.0 -1.0
  outer loop
   vertex 0.4140032958984375 -2.99537158203125 106.93
   vertex 0.32494119262695315 -2.979222900390625 106.93
   vertex 0.41455511474609374 -2.987857177734375 106.93
  endloop
 endfacet
 facet normal 0.0 0.0 -1.0
  outer loop
   vertex 0.41455511474609374 -2.987857177734375 106.93
   vertex 0.32494119262695315 -2.979222900390625 106.93
   vertex 0.4160444641113281 -2.980470947265625 106.93
  endloop
 endfacet
 facet normal 0.0 0.0 -1.0
  outer loop
   vertex 0.4160444641113281 -2.980470947265625 106.93
   vertex 0.32494119262695315 -2.979222900390625 106.93
   vertex 0.41844775390625 -2.97332958984375 106.93
  endloop
 endfacet
 facet normal -0.0 0.0 -1.0
  outer loop
   vertex 0.41844775390625 -2.97332958984375 106.93
   vertex 0.32494119262695315 -2.979222900390625 106.93
   vertex 0.4217271728515625 -2.966545654296875 106.93
  endloop
 endfacet
 facet normal 0.0 0.0 -1.0
  outer loop
   vertex 0.534 -3.133477294921875 106.93
   vertex 0.41400000000000003 -3.133477294921875 106.93
   vertex 0.4771401672363281 -3.055917724609375 106.93
  endloop
 endfacet
 facet normal -0.0 0.0 -1.0
  outer loop
   vertex 0.4771401672363281 -3.055917724609375 106.93
   vertex 0.41400000000000003 -3.133477294921875 106.93
   vertex 0.469605712890625 -3.0558388671875 106.93
  endloop
 endfacet
 facet normal -0.0 0.0 -1.0
  outer loop
   vertex 0.469605712890625 -3.0558388671875 106.93
   vertex 0.41400000000000003 -3.133477294921875 106.93
   vertex 0.46214056396484376 -3.054816162109375 106.93
  endloop
 endfacet
 facet normal -0.0 0.0 -1.0
  outer loop
   vertex 0.46214056396484376 -3.054816162109375 106.93
   vertex 0.41400000000000003 -3.133477294921875 106.93
   vertex 0.4548624267578125 -3.0528662109375 106.93
  endloop
 endfacet
 facet normal -0.0 0.0 -1.0
  outer loop
   vertex 0.4548624267578125 -3.0528662109375 106.93
   vertex 0.41400000000000003 -3.133477294921875 106.93
   vertex 0.44788613891601564 -3.05001904296875 106.93
  endloop
 endfacet
 facet normal 0.0 0.0 -1.0
  outer loop
   vertex 0.4140032958984375 -2.99537158203125 106.93
   vertex 0.32405599975585936 -2.99190185546875 106.93
   vertex 0.32494119262695315 -2.979222900390625 106.93
  endloop
 endfacet
 facet normal -0.0 0.0 -1.0
  outer loop
   vertex 0.44788613891601564 -3.05001904296875 106.93
   vertex 0.4025771179199219 -3.127904296875 106.93
   vertex 0.44132165527343753 -3.0463203125000002 106.93
  endloop
 endfacet
 facet normal 0.0 0.0 -1.0
  outer loop
   vertex 0.41400000000000003 -3.133477294921875 106.93
   vertex 0.4025771179199219 -3.127904296875 106.93
   vertex 0.44788613891601564 -3.05001904296875 106.93
  endloop
 endfacet
 facet normal -0.0 0.0 -1.0
  outer loop
   vertex 0.41439764404296875 -3.002896240234375 106.93
   vertex 0.324247314453125 -3.004610107421875 106.93
   vertex 0.4140032958984375 -2.99537158203125 106.93
  endloop
 endfacet
 facet normal -0.0 0.0 -1.0
  outer loop
   vertex 0.4140032958984375 -2.99537158203125 106.93
   vertex 0.324247314453125 -3.004610107421875 106.93
   vertex 0.32405599975585936 -2.99190185546875 106.93
  endloop
 endfacet
 facet normal 0.0 0.0 -1.0
  outer loop
   vertex 0.4025771179199219 -3.127904296875 106.93
   vertex 0.3916669921875 -3.121384521484375 106.93
   vertex 0.44132165527343753 -3.0463203125000002 106.93
  endloop
 endfacet
 facet normal -0.0 0.0 -1.0
  outer loop
   vertex 0.41573193359375 -3.01031201171875 106.93
   vertex 0.3255137939453125 -3.0172568359375003 106.93
   vertex 0.41439764404296875 -3.002896240234375 106.93
  endloop
 endfacet
 facet normal 0.0 0.0 -1.0
  outer loop
   vertex 0.41439764404296875 -3.002896240234375 106.93
   vertex 0.3255137939453125 -3.0172568359375003 106.93
   vertex 0.324247314453125 -3.004610107421875 106.93
  endloop
 endfacet
 facet normal -0.0 0.0 -1.0
  outer loop
   vertex 0.44132165527343753 -3.0463203125000002 106.93
   vertex 0.3813480224609375 -3.11396435546875 106.93
   vertex 0.4352725524902344 -3.0418278808593753 106.93
  endloop
 endfacet
 facet normal 0.0 0.0 -1.0
  outer loop
   vertex 0.3916669921875 -3.121384521484375 106.93
   vertex 0.3813480224609375 -3.11396435546875 106.93
   vertex 0.44132165527343753 -3.0463203125000002 106.93
  endloop
 endfacet
 facet normal 0.0 0.0 -1.0
  outer loop
   vertex 0.41573193359375 -3.01031201171875 106.93
   vertex 0.32784634399414064 -3.029750732421875 106.93
   vertex 0.3255137939453125 -3.0172568359375003 106.93
  endloop
 endfacet
 facet normal -0.0 0.0 -1.0
  outer loop
   vertex 0.4352725524902344 -3.0418278808593753 106.93
   vertex 0.3716942138671875 -3.105697509765625 106.93
   vertex 0.42983416748046877 -3.036612548828125 106.93
  endloop
 endfacet
 facet normal 0.0 0.0 -1.0
  outer loop
   vertex 0.3813480224609375 -3.11396435546875 106.93
   vertex 0.3716942138671875 -3.105697509765625 106.93
   vertex 0.4352725524902344 -3.0418278808593753 106.93
  endloop
 endfacet
 facet normal 0.0 0.0 -1.0
  outer loop
   vertex 0.3716942138671875 -3.105697509765625 106.93
   vertex 0.3627749328613281 -3.096642822265625 106.93
   vertex 0.42983416748046877 -3.036612548828125 106.93
  endloop
 endfacet
 facet normal -0.0 0.0 -1.0
  outer loop
   vertex 0.41798516845703126 -3.017502197265625 106.93
   vertex 0.33122821044921874 -3.0420021972656253 106.93
   vertex 0.41573193359375 -3.01031201171875 106.93
  endloop
 endfacet
 facet normal 0.0 0.0 -1.0
  outer loop
   vertex 0.41573193359375 -3.01031201171875 106.93
   vertex 0.33122821044921874 -3.0420021972656253 106.93
   vertex 0.32784634399414064 -3.029750732421875 106.93
  endloop
 endfacet
 facet normal -0.0 0.0 -1.0
  outer loop
   vertex 0.42983416748046877 -3.036612548828125 106.93
   vertex 0.3546541748046875 -3.08686572265625 106.93
   vertex 0.42509234619140623 -3.0307568359375 106.93
  endloop
 endfacet
 facet normal 0.0 0.0 -1.0
  outer loop
   vertex 0.3627749328613281 -3.096642822265625 106.93
   vertex 0.3546541748046875 -3.08686572265625 106.93
   vertex 0.42983416748046877 -3.036612548828125 106.93
  endloop
 endfacet
 facet normal -0.0 0.0 -1.0
  outer loop
   vertex 0.42112179565429686 -3.02435302734375 106.93
   vertex 0.3356351013183594 -3.0539235839843752 106.93
   vertex 0.41798516845703126 -3.017502197265625 106.93
  endloop
 endfacet
 facet normal 0.0 0.0 -1.0
  outer loop
   vertex 0.41798516845703126 -3.017502197265625 106.93
   vertex 0.3356351013183594 -3.0539235839843752 106.93
   vertex 0.33122821044921874 -3.0420021972656253 106.93
  endloop
 endfacet
 facet normal 0.0 0.0 -1.0
  outer loop
   vertex 0.42112179565429686 -3.02435302734375 106.93
   vertex 0.3410353698730469 -3.06542919921875 106.93
   vertex 0.3356351013183594 -3.0539235839843752 106.93
  endloop
 endfacet
 facet normal 0.0 0.0 -1.0
  outer loop
   vertex 0.3546541748046875 -3.08686572265625 106.93
   vertex 0.3473902893066406 -3.076436279296875 106.93
   vertex 0.42509234619140623 -3.0307568359375 106.93
  endloop
 endfacet
 facet normal -0.0 0.0 -1.0
  outer loop
   vertex 0.42509234619140623 -3.0307568359375 106.93
   vertex 0.3473902893066406 -3.076436279296875 106.93
   vertex 0.42112179565429686 -3.02435302734375 106.93
  endloop
 endfacet
 facet normal 0.0 0.0 -1.0
  outer loop
   vertex 0.42112179565429686 -3.02435302734375 106.93
   vertex 0.3473902893066406 -3.076436279296875 106.93
   vertex 0.3410353698730469 -3.06542919921875 106.93
  endloop
 endfacet
 facet normal 0.0 0.0 -1.0
  outer loop
   vertex -0.8782559204101563 -2.18583349609375 106.93
   vertex -0.8802412109375001 -2.182631591796875 106.93
   vertex -0.8746950073242188 -2.1480485839843753 106.93
  endloop
 endfacet
 facet normal 0.0 0.0 -1.0
  outer loop
   vertex 0.5004391174316406 -4.57380322265625 106.93
   vertex 0.4984538269042969 -4.5706015625 106.93
   vertex 0.534 -4.58797998046875 106.93
  endloop
 endfacet
 facet normal 0.0 0.0 -1.0
  outer loop
   vertex -0.8746950073242188 -2.1480485839843753 106.93
   vertex -0.8766876220703125 -2.189259033203125 106.93
   vertex -0.8782559204101563 -2.18583349609375 106.93
  endloop
 endfacet
 facet normal 0.0 0.0 -1.0
  outer loop
   vertex 0.534 -4.58797998046875 106.93
   vertex 0.5020074157714843 -4.57722900390625 106.93
   vertex 0.5004391174316406 -4.57380322265625 106.93
  endloop
 endfacet
 facet normal 0.0 0.0 -1.0
  outer loop
   vertex -0.8802412109375001 -2.182631591796875 106.93
   vertex -0.8826121215820313 -2.1797038574218752 106.93
   vertex -0.8746950073242188 -2.1480485839843753 106.93
  endloop
 endfacet
 facet normal 0.0 0.0 -1.0
  outer loop
   vertex 0.4984538269042969 -4.5706015625 106.93
   vertex 0.49608291625976564 -4.567673828125 106.93
   vertex 0.534 -4.58797998046875 106.93
  endloop
 endfacet
 facet normal 0.0 0.0 -1.0
  outer loop
   vertex -0.8746950073242188 -2.1480485839843753 106.93
   vertex -0.8755610351562501 -2.19285400390625 106.93
   vertex -0.8766876220703125 -2.189259033203125 106.93
  endloop
 endfacet
 facet normal 0.0 0.0 -1.0
  outer loop
   vertex 0.534 -4.58797998046875 106.93
   vertex 0.503134033203125 -4.58082373046875 106.93
   vertex 0.5020074157714843 -4.57722900390625 106.93
  endloop
 endfacet
 facet normal 0.0 0.0 -1.0
  outer loop
   vertex -0.8826121215820313 -2.1797038574218752 106.93
   vertex -0.885331298828125 -2.17709619140625 106.93
   vertex -0.8746950073242188 -2.1480485839843753 106.93
  endloop
 endfacet
 facet normal 0.0 0.0 -1.0
  outer loop
   vertex 0.49608291625976564 -4.567673828125 106.93
   vertex 0.49336373901367186 -4.5650659179687505 106.93
   vertex 0.534 -4.58797998046875 106.93
  endloop
 endfacet
 facet normal 0.0 0.0 -1.0
  outer loop
   vertex -0.8746950073242188 -2.1480485839843753 106.93
   vertex -0.8748938598632813 -2.19656201171875 106.93
   vertex -0.8755610351562501 -2.19285400390625 106.93
  endloop
 endfacet
 facet normal 0.0 0.0 -1.0
  outer loop
   vertex 0.534 -4.58797998046875 106.93
   vertex 0.5038011779785156 -4.5845317382812505 106.93
   vertex 0.503134033203125 -4.58082373046875 106.93
  endloop
 endfacet
 facet normal 0.0 0.0 -1.0
  outer loop
   vertex -0.885331298828125 -2.17709619140625 106.93
   vertex -0.8883558349609375 -2.174849853515625 106.93
   vertex -0.8746950073242188 -2.1480485839843753 106.93
  endloop
 endfacet
 facet normal 0.0 0.0 -1.0
  outer loop
   vertex 0.49336373901367186 -4.5650659179687505 106.93
   vertex 0.4903391723632813 -4.56281982421875 106.93
   vertex 0.534 -4.58797998046875 106.93
  endloop
 endfacet
 facet normal 0.0 0.0 -1.0
  outer loop
   vertex -0.8746950073242188 -2.1480485839843753 106.93
   vertex -0.8746966552734375 -2.20032421875 106.93
   vertex -0.8748938598632813 -2.19656201171875 106.93
  endloop
 endfacet
 facet normal 0.0 0.0 -1.0
  outer loop
   vertex 0.53352685546875 -4.5955 106.93
   vertex 0.5039983520507813 -4.5882939453125005 106.93
   vertex 0.534 -4.58797998046875 106.93
  endloop
 endfacet
 facet normal -0.0 0.0 -1.0
  outer loop
   vertex 0.534 -4.58797998046875 106.93
   vertex 0.5039983520507813 -4.5882939453125005 106.93
   vertex 0.5038011779785156 -4.5845317382812505 106.93
  endloop
 endfacet
 facet normal -0.0 0.0 -1.0
  outer loop
   vertex -0.8746950073242188 -2.1480485839843753 106.93
   vertex -0.8916381225585938 -2.17300048828125 106.93
   vertex -0.8811770629882812 -2.144811279296875 106.93
  endloop
 endfacet
 facet normal 0.0 0.0 -1.0
  outer loop
   vertex -0.8883558349609375 -2.174849853515625 106.93
   vertex -0.8916381225585938 -2.17300048828125 106.93
   vertex -0.8746950073242188 -2.1480485839843753 106.93
  endloop
 endfacet
 facet normal 0.0 0.0 -1.0
  outer loop
   vertex 0.4903391723632813 -4.56281982421875 106.93
   vertex 0.48705694580078124 -4.56097021484375 106.93
   vertex 0.534 -3.133477294921875 106.93
  endloop
 endfacet
 facet normal 0.0 0.0 -1.0
  outer loop
   vertex 0.38494119262695314 -2.8752998046875002 106.93
   vertex -0.8749725952148437 -2.20408154296875 106.93
   vertex -0.8746966552734375 -2.20032421875 106.93
  endloop
 endfacet
 facet normal 0.0 0.0 -1.0
  outer loop
   vertex 0.53352685546875 -4.5955 106.93
   vertex 0.5037224426269531 -4.59205126953125 106.93
   vertex 0.5039983520507813 -4.5882939453125005 106.93
  endloop
 endfacet
 facet normal 0.0 0.0 -1.0
  outer loop
   vertex 0.532114990234375 -4.6029013671875 106.93
   vertex 0.5037224426269531 -4.59205126953125 106.93
   vertex 0.53352685546875 -4.5955 106.93
  endloop
 endfacet
 facet normal 0.0 0.0 -1.0
  outer loop
   vertex -0.8916381225585938 -2.17300048828125 106.93
   vertex -0.8951262817382812 -2.171576904296875 106.93
   vertex -0.8811770629882812 -2.144811279296875 106.93
  endloop
 endfacet
 facet normal -0.0 0.0 -1.0
  outer loop
   vertex -0.8811770629882812 -2.144811279296875 106.93
   vertex -0.8951262817382812 -2.171576904296875 106.93
   vertex -0.8880020141601562 -2.14237890625 106.93
  endloop
 endfacet
 facet normal 0.0 0.0 -1.0
  outer loop
   vertex 0.48705694580078124 -4.56097021484375 106.93
   vertex 0.48356878662109376 -4.559546875 106.93
   vertex 0.534 -3.133477294921875 106.93
  endloop
 endfacet
 facet normal 0.0 0.0 -1.0
  outer loop
   vertex 0.38494119262695314 -2.8752998046875002 106.93
   vertex -0.87571728515625 -2.207774658203125 106.93
   vertex -0.8749725952148437 -2.20408154296875 106.93
  endloop
 endfacet
 facet normal 0.0 0.0 -1.0
  outer loop
   vertex 0.5297865600585938 -4.6100673828125 106.93
   vertex 0.502977783203125 -4.5957446289062505 106.93
   vertex 0.532114990234375 -4.6029013671875 106.93
  endloop
 endfacet
 facet normal 0.0 0.0 -1.0
  outer loop
   vertex 0.532114990234375 -4.6029013671875 106.93
   vertex 0.502977783203125 -4.5957446289062505 106.93
   vertex 0.5037224426269531 -4.59205126953125 106.93
  endloop
 endfacet
 facet normal -0.0 0.0 -1.0
  outer loop
   vertex -0.8880020141601562 -2.14237890625 106.93
   vertex -0.8987653198242188 -2.170601806640625 106.93
   vertex -0.8950703735351563 -2.140787109375 106.93
  endloop
 endfacet
 facet normal 0.0 0.0 -1.0
  outer loop
   vertex -0.8951262817382812 -2.171576904296875 106.93
   vertex -0.8987653198242188 -2.170601806640625 106.93
   vertex -0.8880020141601562 -2.14237890625 106.93
  endloop
 endfacet
 facet normal 0.0 0.0 -1.0
  outer loop
   vertex 0.48356878662109376 -4.559546875 106.93
   vertex 0.4799297180175781 -4.55857177734375 106.93
   vertex 0.534 -3.133477294921875 106.93
  endloop
 endfacet
 facet normal 0.0 0.0 -1.0
  outer loop
   vertex 0.38494119262695314 -2.8752998046875002 106.93
   vertex -0.8769189453125 -2.21134521484375 106.93
   vertex -0.87571728515625 -2.207774658203125 106.93
  endloop
 endfacet
 facet normal 0.0 0.0 -1.0
  outer loop
   vertex 0.5265784301757812 -4.61688525390625 106.93
   vertex 0.501776123046875 -4.59931494140625 106.93
   vertex 0.5297865600585938 -4.6100673828125 106.93
  endloop
 endfacet
 facet normal 0.0 0.0 -1.0
  outer loop
   vertex 0.5297865600585938 -4.6100673828125 106.93
   vertex 0.501776123046875 -4.59931494140625 106.93
   vertex 0.502977783203125 -4.5957446289062505 106.93
  endloop
 endfacet
 facet normal -0.0 0.0 -1.0
  outer loop
   vertex -0.8950703735351563 -2.140787109375 106.93
   vertex -0.9024978637695312 -2.170090576171875 106.93
   vertex -0.902279052734375 -2.14005859375 106.93
  endloop
 endfacet
 facet normal 0.0 0.0 -1.0
  outer loop
   vertex -0.8987653198242188 -2.170601806640625 106.93
   vertex -0.9024978637695312 -2.170090576171875 106.93
   vertex -0.8950703735351563 -2.140787109375 106.93
  endloop
 endfacet
 facet normal 0.0 0.0 -1.0
  outer loop
   vertex 0.4799297180175781 -4.55857177734375 106.93
   vertex 0.4761971435546875 -4.558060546875 106.93
   vertex 0.534 -3.133477294921875 106.93
  endloop
 endfacet
 facet normal 0.0 0.0 -1.0
  outer loop
   vertex 0.32494119262695315 -2.979222900390625 106.93
   vertex -0.87855859375 -2.214737060546875 106.93
   vertex 0.38494119262695314 -2.8752998046875002 106.93
  endloop
 endfacet
 facet normal 0.0 0.0 -1.0
  outer loop
   vertex 0.38494119262695314 -2.8752998046875002 106.93
   vertex -0.87855859375 -2.214737060546875 106.93
   vertex -0.8769189453125 -2.21134521484375 106.93
  endloop
 endfacet
 facet normal 0.0 0.0 -1.0
  outer loop
   vertex 0.522541015625 -4.6232470703125 106.93
   vertex 0.5001364135742188 -4.6027070312500005 106.93
   vertex 0.5265784301757812 -4.61688525390625 106.93
  endloop
 endfacet
 facet normal 0.0 0.0 -1.0
  outer loop
   vertex 0.5265784301757812 -4.61688525390625 106.93
   vertex 0.5001364135742188 -4.6027070312500005 106.93
   vertex 0.501776123046875 -4.59931494140625 106.93
  endloop
 endfacet
 facet normal 0.0 0.0 -1.0
  outer loop
   vertex -0.902279052734375 -2.14005859375 106.93
   vertex -0.90626513671875 -2.17005126953125 106.93
   vertex -0.9095230102539062 -2.14020458984375 106.93
  endloop
 endfacet
 facet normal 0.0 0.0 -1.0
  outer loop
   vertex -0.9024978637695312 -2.170090576171875 106.93
   vertex -0.90626513671875 -2.17005126953125 106.93
   vertex -0.902279052734375 -2.14005859375 106.93
  endloop
 endfacet
 facet normal -0.0 0.0 -1.0
  outer loop
   vertex 0.534 -3.133477294921875 106.93
   vertex 0.472429931640625 -4.55802099609375 106.93
   vertex 0.41400000000000003 -3.133477294921875 106.93
  endloop
 endfacet
 facet normal 0.0 0.0 -1.0
  outer loop
   vertex 0.4761971435546875 -4.558060546875 106.93
   vertex 0.472429931640625 -4.55802099609375 106.93
   vertex 0.534 -3.133477294921875 106.93
  endloop
 endfacet
 facet normal 0.0 0.0 -1.0
  outer loop
   vertex 0.32494119262695315 -2.979222900390625 106.93
   vertex -0.8806105346679688 -2.2178967285156252 106.93
   vertex -0.87855859375 -2.214737060546875 106.93
  endloop
 endfacet
 facet normal 0.0 0.0 -1.0
  outer loop
   vertex 0.5177380981445313 -4.6290527343750005 106.93
   vertex 0.49808453369140626 -4.60586669921875 106.93
   vertex 0.522541015625 -4.6232470703125 106.93
  endloop
 endfacet
 facet normal 0.0 0.0 -1.0
  outer loop
   vertex 0.522541015625 -4.6232470703125 106.93
   vertex 0.49808453369140626 -4.60586669921875 106.93
   vertex 0.5001364135742188 -4.6027070312500005 106.93
  endloop
 endfacet
 facet normal 0.0 0.0 -1.0
  outer loop
   vertex -0.9095230102539062 -2.14020458984375 106.93
   vertex -0.910007568359375 -2.170484130859375 106.93
   vertex -0.9166965942382813 -2.14122265625 106.93
  endloop
 endfacet
 facet normal -0.0 0.0 -1.0
  outer loop
   vertex -0.90626513671875 -2.17005126953125 106.93
   vertex -0.910007568359375 -2.170484130859375 106.93
   vertex -0.9095230102539062 -2.14020458984375 106.93
  endloop
 endfacet
 facet normal -0.0 0.0 -1.0
  outer loop
   vertex 0.472429931640625 -4.55802099609375 106.93
   vertex 0.4686874694824219 -4.5584541015625 106.93
   vertex 0.41400000000000003 -3.133477294921875 106.93
  endloop
 endfacet
 facet normal 0.0 0.0 -1.0
  outer loop
   vertex 0.32494119262695315 -2.979222900390625 106.93
   vertex -0.8830422363281251 -2.2207744140625 106.93
   vertex -0.8806105346679688 -2.2178967285156252 106.93
  endloop
 endfacet
 facet normal 0.0 0.0 -1.0
  outer loop
   vertex 0.5122454223632813 -4.6342109375 106.93
   vertex 0.49565280151367186 -4.608744140625 106.93
   vertex 0.5177380981445313 -4.6290527343750005 106.93
  endloop
 endfacet
 facet normal 0.0 0.0 -1.0
  outer loop
   vertex 0.5177380981445313 -4.6290527343750005 106.93
   vertex 0.49565280151367186 -4.608744140625 106.93
   vertex 0.49808453369140626 -4.60586669921875 106.93
  endloop
 endfacet
 facet normal 0.0 -0.0 -1.0
  outer loop
   vertex -0.9166965942382813 -2.14122265625 106.93
   vertex -0.913666259765625 -2.1713828125 106.93
   vertex -0.9236951293945312 -2.143097900390625 106.93
  endloop
 endfacet
 facet normal -0.0 0.0 -1.0
  outer loop
   vertex -0.910007568359375 -2.170484130859375 106.93
   vertex -0.913666259765625 -2.1713828125 106.93
   vertex -0.9166965942382813 -2.14122265625 106.93
  endloop
 endfacet
 facet normal -0.0 0.0 -1.0
  outer loop
   vertex 0.4686874694824219 -4.5584541015625 106.93
   vertex 0.4650287780761719 -4.5593525390625 106.93
   vertex 0.41400000000000003 -3.133477294921875 106.93
  endloop
 endfacet
 facet normal 0.0 0.0 -1.0
  outer loop
   vertex 0.32494119262695315 -2.979222900390625 106.93
   vertex -0.8858154296875 -2.2233244628906252 106.93
   vertex -0.8830422363281251 -2.2207744140625 106.93
  endloop
 endfacet
 facet normal 0.0 0.0 -1.0
  outer loop
   vertex 0.5122454223632813 -4.6342109375 106.93
   vertex 0.4928796081542969 -4.61129443359375 106.93
   vertex 0.49565280151367186 -4.608744140625 106.93
  endloop
 endfacet
 facet normal 0.0 -0.0 -1.0
  outer loop
   vertex -0.9236951293945312 -2.143097900390625 106.93
   vertex -0.9171834716796875 -2.1727329101562503 106.93
   vertex -0.9304165649414062 -2.145802978515625 106.93
  endloop
 endfacet
 facet normal -0.0 0.0 -1.0
  outer loop
   vertex -0.913666259765625 -2.1713828125 106.93
   vertex -0.9171834716796875 -2.1727329101562503 106.93
   vertex -0.9236951293945312 -2.143097900390625 106.93
  endloop
 endfacet
 facet normal -0.0 0.0 -1.0
  outer loop
   vertex 0.4650287780761719 -4.5593525390625 106.93
   vertex 0.46151156616210937 -4.56070263671875 106.93
   vertex 0.41400000000000003 -3.133477294921875 106.93
  endloop
 endfacet
 facet normal -0.0 0.0 -1.0
  outer loop
   vertex 0.5122454223632813 -4.6342109375 106.93
   vertex 0.5061495971679688 -4.6386396484375005 106.93
   vertex 0.4928796081542969 -4.61129443359375 106.93
  endloop
 endfacet
 facet normal 0.0 0.0 -1.0
  outer loop
   vertex 0.32494119262695315 -2.979222900390625 106.93
   vertex -0.8888863525390626 -2.2255068359375 106.93
   vertex -0.8858154296875 -2.2233244628906252 106.93
  endloop
 endfacet
 facet normal 0.0 0.0 -1.0
  outer loop
   vertex 0.5061495971679688 -4.6386396484375005 106.93
   vertex 0.48980868530273436 -4.6134765625 106.93
   vertex 0.4928796081542969 -4.61129443359375 106.93
  endloop
 endfacet
 facet normal -0.0 0.0 -1.0
  outer loop
   vertex -0.9171834716796875 -2.1727329101562503 106.93
   vertex -0.9205037231445312 -2.17451318359375 106.93
   vertex -0.9304165649414062 -2.145802978515625 106.93
  endloop
 endfacet
 facet normal -0.0 0.0 -1.0
  outer loop
   vertex 0.46151156616210937 -4.56070263671875 106.93
   vertex 0.45819131469726565 -4.56248291015625 106.93
   vertex 0.41400000000000003 -3.133477294921875 106.93
  endloop
 endfacet
 facet normal 0.0 0.0 -1.0
  outer loop
   vertex -0.9205037231445312 -2.17451318359375 106.93
   vertex -0.9367630004882813 -2.149298583984375 106.93
   vertex -0.9304165649414062 -2.145802978515625 106.93
  endloop
 endfacet
 facet normal -0.0 0.0 -1.0
  outer loop
   vertex -0.9205037231445312 -2.17451318359375 106.93
   vertex -0.9235746459960937 -2.176695556640625 106.93
   vertex -0.9367630004882813 -2.149298583984375 106.93
  endloop
 endfacet
 facet normal 0.0 -0.0 -1.0
  outer loop
   vertex 0.48980868530273436 -4.6134765625 106.93
   vertex 0.49954675292968753 -4.64226953125 106.93
   vertex 0.48648843383789064 -4.6152568359375 106.93
  endloop
 endfacet
 facet normal -0.0 0.0 -1.0
  outer loop
   vertex 0.5061495971679688 -4.6386396484375005 106.93
   vertex 0.49954675292968753 -4.64226953125 106.93
   vertex 0.48980868530273436 -4.6134765625 106.93
  endloop
 endfacet
 facet normal 0.0 0.0 -1.0
  outer loop
   vertex -0.9235746459960937 -2.176695556640625 106.93
   vertex -0.9426417846679688 -2.15353369140625 106.93
   vertex -0.9367630004882813 -2.149298583984375 106.93
  endloop
 endfacet
 facet normal 0.0 0.0 -1.0
  outer loop
   vertex -0.9263478393554687 -2.179245849609375 106.93
   vertex -0.9426417846679688 -2.15353369140625 106.93
   vertex -0.9235746459960937 -2.176695556640625 106.93
  endloop
 endfacet
 facet normal 0.0 -0.0 -1.0
  outer loop
   vertex 0.48648843383789064 -4.6152568359375 106.93
   vertex 0.492541015625 -4.64504345703125 106.93
   vertex 0.48297122192382813 -4.61660693359375 106.93
  endloop
 endfacet
 facet normal -0.0 0.0 -1.0
  outer loop
   vertex 0.49954675292968753 -4.64226953125 106.93
   vertex 0.492541015625 -4.64504345703125 106.93
   vertex 0.48648843383789064 -4.6152568359375 106.93
  endloop
 endfacet
 facet normal 0.0 0.0 -1.0
  outer loop
   vertex -0.9263478393554687 -2.179245849609375 106.93
   vertex -0.9479671630859375 -2.158446533203125 106.93
   vertex -0.9426417846679688 -2.15353369140625 106.93
  endloop
 endfacet
 facet normal 0.0 -0.0 -1.0
  outer loop
   vertex 0.48297122192382813 -4.61660693359375 106.93
   vertex 0.4852428894042969 -4.6469169921875 106.93
   vertex 0.47931253051757816 -4.617505859375 106.93
  endloop
 endfacet
 facet normal -0.0 0.0 -1.0
  outer loop
   vertex 0.492541015625 -4.64504345703125 106.93
   vertex 0.4852428894042969 -4.6469169921875 106.93
   vertex 0.48297122192382813 -4.61660693359375 106.93
  endloop
 endfacet
 facet normal 0.0 0.0 -1.0
  outer loop
   vertex -0.9263478393554687 -2.179245849609375 106.93
   vertex -0.95266162109375 -2.1639655761718752 106.93
   vertex -0.9479671630859375 -2.158446533203125 106.93
  endloop
 endfacet
 facet normal 0.0 0.0 -1.0
  outer loop
   vertex -0.928779541015625 -2.182123291015625 106.93
   vertex -0.95266162109375 -2.1639655761718752 106.93
   vertex -0.9263478393554687 -2.179245849609375 106.93
  endloop
 endfacet
 facet normal 0.0 0.0 -1.0
  outer loop
   vertex 0.47931253051757816 -4.617505859375 106.93
   vertex 0.4777674255371094 -4.647861328125 106.93
   vertex 0.475570068359375 -4.61793896484375 106.93
  endloop
 endfacet
 facet normal -0.0 0.0 -1.0
  outer loop
   vertex 0.4852428894042969 -4.6469169921875 106.93
   vertex 0.4777674255371094 -4.647861328125 106.93
   vertex 0.47931253051757816 -4.617505859375 106.93
  endloop
 endfacet
 facet normal 0.0 0.0 -1.0
  outer loop
   vertex -0.928779541015625 -2.182123291015625 106.93
   vertex -0.9566565551757813 -2.170010009765625 106.93
   vertex -0.95266162109375 -2.1639655761718752 106.93
  endloop
 endfacet
 facet normal 0.0 0.0 -1.0
  outer loop
   vertex -0.9308314208984375 -2.185282958984375 106.93
   vertex -0.9566565551757813 -2.170010009765625 106.93
   vertex -0.928779541015625 -2.182123291015625 106.93
  endloop
 endfacet
 facet normal -0.0 0.0 -1.0
  outer loop
   vertex 0.475570068359375 -4.61793896484375 106.93
   vertex 0.47023257446289063 -4.647861328125 106.93
   vertex 0.4718028564453125 -4.6178994140625 106.93
  endloop
 endfacet
 facet normal 0.0 0.0 -1.0
  outer loop
   vertex 0.4777674255371094 -4.647861328125 106.93
   vertex 0.47023257446289063 -4.647861328125 106.93
   vertex 0.475570068359375 -4.61793896484375 106.93
  endloop
 endfacet
 facet normal 0.0 0.0 -1.0
  outer loop
   vertex -0.9324711303710937 -2.1886748046875 106.93
   vertex -0.959893798828125 -2.176491943359375 106.93
   vertex -0.9308314208984375 -2.185282958984375 106.93
  endloop
 endfacet
 facet normal 0.0 0.0 -1.0
  outer loop
   vertex -0.9308314208984375 -2.185282958984375 106.93
   vertex -0.959893798828125 -2.176491943359375 106.93
   vertex -0.9566565551757813 -2.170010009765625 106.93
  endloop
 endfacet
 facet normal -0.0 0.0 -1.0
  outer loop
   vertex 0.4718028564453125 -4.6178994140625 106.93
   vertex 0.4627571105957031 -4.6469169921875 106.93
   vertex 0.4680702819824219 -4.61738818359375 106.93
  endloop
 endfacet
 facet normal 0.0 0.0 -1.0
  outer loop
   vertex 0.47023257446289063 -4.647861328125 106.93
   vertex 0.4627571105957031 -4.6469169921875 106.93
   vertex 0.4718028564453125 -4.6178994140625 106.93
  endloop
 endfacet
 facet normal 0.0 0.0 -1.0
  outer loop
   vertex -0.9324711303710937 -2.1886748046875 106.93
   vertex -0.9623261108398438 -2.18331689453125 106.93
   vertex -0.959893798828125 -2.176491943359375 106.93
  endloop
 endfacet
 facet normal 0.0 0.0 -1.0
  outer loop
   vertex -0.9336727905273438 -2.192245361328125 106.93
   vertex -0.9623261108398438 -2.18331689453125 106.93
   vertex -0.9324711303710937 -2.1886748046875 106.93
  endloop
 endfacet
 facet normal 0.0 0.0 -1.0
  outer loop
   vertex 0.4627571105957031 -4.6469169921875 106.93
   vertex 0.455458984375 -4.64504345703125 106.93
   vertex 0.4680702819824219 -4.61738818359375 106.93
  endloop
 endfacet
 facet normal -0.0 0.0 -1.0
  outer loop
   vertex 0.4680702819824219 -4.61738818359375 106.93
   vertex 0.455458984375 -4.64504345703125 106.93
   vertex 0.46443121337890625 -4.6164130859375 106.93
  endloop
 endfacet
 facet normal 0.0 0.0 -1.0
  outer loop
   vertex -0.9336727905273438 -2.192245361328125 106.93
   vertex -0.9639180297851563 -2.19038525390625 106.93
   vertex -0.9623261108398438 -2.18331689453125 106.93
  endloop
 endfacet
 facet normal 0.0 0.0 -1.0
  outer loop
   vertex -0.9344174804687501 -2.1959384765625 106.93
   vertex -0.9639180297851563 -2.19038525390625 106.93
   vertex -0.9336727905273438 -2.192245361328125 106.93
  endloop
 endfacet
 facet normal -0.0 0.0 -1.0
  outer loop
   vertex 0.46443121337890625 -4.6164130859375 106.93
   vertex 0.44845324707031253 -4.64226953125 106.93
   vertex 0.46094305419921877 -4.6149892578125 106.93
  endloop
 endfacet
 facet normal 0.0 0.0 -1.0
  outer loop
   vertex 0.455458984375 -4.64504345703125 106.93
   vertex 0.44845324707031253 -4.64226953125 106.93
   vertex 0.46443121337890625 -4.6164130859375 106.93
  endloop
 endfacet
 facet normal -0.0 0.0 -1.0
  outer loop
   vertex -0.9344174804687501 -2.1959384765625 106.93
   vertex -0.9646463623046875 -2.197593994140625 106.93
   vertex -0.9639180297851563 -2.19038525390625 106.93
  endloop
 endfacet
 facet normal 0.0 0.0 -1.0
  outer loop
   vertex -0.9346934204101562 -2.19969580078125 106.93
   vertex -0.9646463623046875 -2.197593994140625 106.93
   vertex -0.9344174804687501 -2.1959384765625 106.93
  endloop
 endfacet
 facet normal -0.0 0.0 -1.0
  outer loop
   vertex 0.44502221679687504 -4.58021533203125 106.93
   vertex 0.41400000000000003 -4.58797998046875 106.93
   vertex 0.446223876953125 -4.57664453125 106.93
  endloop
 endfacet
 facet normal -0.0 0.0 -1.0
  outer loop
   vertex 0.44427755737304686 -4.5839082031250005 106.93
   vertex 0.41400000000000003 -4.58797998046875 106.93
   vertex 0.44502221679687504 -4.58021533203125 106.93
  endloop
 endfacet
 facet normal -0.0 0.0 -1.0
  outer loop
   vertex 0.44400164794921876 -4.58766552734375 106.93
   vertex 0.41400000000000003 -4.58797998046875 106.93
   vertex 0.44427755737304686 -4.5839082031250005 106.93
  endloop
 endfacet
 facet normal 0.0 0.0 -1.0
  outer loop
   vertex 0.44419882202148436 -4.59142822265625 106.93
   vertex 0.41400000000000003 -4.58797998046875 106.93
   vertex 0.44400164794921876 -4.58766552734375 106.93
  endloop
 endfacet
 facet normal -0.0 0.0 -1.0
  outer loop
   vertex 0.45512039184570313 -4.56466552734375 106.93
   vertex 0.41400000000000003 -4.58797998046875 106.93
   vertex 0.45819131469726565 -4.56248291015625 106.93
  endloop
 endfacet
 facet normal -0.0 0.0 -1.0
  outer loop
   vertex 0.45234719848632815 -4.5672158203125 106.93
   vertex 0.41400000000000003 -4.58797998046875 106.93
   vertex 0.45512039184570313 -4.56466552734375 106.93
  endloop
 endfacet
 facet normal -0.0 0.0 -1.0
  outer loop
   vertex 0.44991546630859375 -4.57009326171875 106.93
   vertex 0.41400000000000003 -4.58797998046875 106.93
   vertex 0.45234719848632815 -4.5672158203125 106.93
  endloop
 endfacet
 facet normal -0.0 0.0 -1.0
  outer loop
   vertex 0.4478635864257813 -4.5732529296875 106.93
   vertex 0.41400000000000003 -4.58797998046875 106.93
   vertex 0.44991546630859375 -4.57009326171875 106.93
  endloop
 endfacet
 facet normal -0.0 0.0 -1.0
  outer loop
   vertex 0.446223876953125 -4.57664453125 106.93
   vertex 0.41400000000000003 -4.58797998046875 106.93
   vertex 0.4478635864257813 -4.5732529296875 106.93
  endloop
 endfacet
 facet normal -0.0 0.0 -1.0
  outer loop
   vertex -0.917751953125 -2.22701953125 106.93
   vertex -0.9346950073242187 -2.2519716796875002 106.93
   vertex -0.9210341796875 -2.225170166015625 106.93
  endloop
 endfacet
 facet normal -0.0 0.0 -1.0
  outer loop
   vertex -0.9142637939453125 -2.228443115234375 106.93
   vertex -0.9346950073242187 -2.2519716796875002 106.93
   vertex -0.917751953125 -2.22701953125 106.93
  endloop
 endfacet
 facet normal -0.0 0.0 -1.0
  outer loop
   vertex -0.910624755859375 -2.229418212890625 106.93
   vertex -0.9346950073242187 -2.2519716796875002 106.93
   vertex -0.9142637939453125 -2.228443115234375 106.93
  endloop
 endfacet
 facet normal -0.0 0.0 -1.0
  outer loop
   vertex -0.9068921508789063 -2.2299294433593753 106.93
   vertex -0.9346950073242187 -2.2519716796875002 106.93
   vertex -0.910624755859375 -2.229418212890625 106.93
  endloop
 endfacet
 facet normal -0.0 0.0 -1.0
  outer loop
   vertex -0.9031249389648438 -2.229968994140625 106.93
   vertex -0.9346950073242187 -2.2519716796875002 106.93
   vertex -0.9068921508789063 -2.2299294433593753 106.93
  endloop
 endfacet
 facet normal 0.0 0.0 -1.0
  outer loop
   vertex -0.8993825073242188 -2.229535888671875 106.93
   vertex -0.9346950073242187 -2.2519716796875002 106.93
   vertex -0.9031249389648438 -2.229968994140625 106.93
  endloop
 endfacet
 facet normal 0.0 0.0 -1.0
  outer loop
   vertex -0.8957238159179688 -2.22863720703125 106.93
   vertex -0.9346950073242187 -2.2519716796875002 106.93
   vertex -0.8993825073242188 -2.229535888671875 106.93
  endloop
 endfacet
 facet normal 0.0 0.0 -1.0
  outer loop
   vertex -0.8922066040039063 -2.227287109375 106.93
   vertex -0.9346950073242187 -2.2519716796875002 106.93
   vertex -0.8957238159179688 -2.22863720703125 106.93
  endloop
 endfacet
 facet normal 0.0 0.0 -1.0
  outer loop
   vertex -0.8888863525390626 -2.2255068359375 106.93
   vertex -0.9346950073242187 -2.2519716796875002 106.93
   vertex -0.8922066040039063 -2.227287109375 106.93
  endloop
 endfacet
 facet normal -0.0 0.0 -1.0
  outer loop
   vertex 0.46094305419921877 -4.6149892578125 106.93
   vertex 0.44185040283203125 -4.6386396484375005 106.93
   vertex 0.4576608276367188 -4.61314013671875 106.93
  endloop
 endfacet
 facet normal 0.0 0.0 -1.0
  outer loop
   vertex 0.44845324707031253 -4.64226953125 106.93
   vertex 0.44185040283203125 -4.6386396484375005 106.93
   vertex 0.46094305419921877 -4.6149892578125 106.93
  endloop
 endfacet
 facet normal -0.0 0.0 -1.0
  outer loop
   vertex -0.9346934204101562 -2.19969580078125 106.93
   vertex -0.96450048828125 -2.204838134765625 106.93
   vertex -0.9646463623046875 -2.197593994140625 106.93
  endloop
 endfacet
 facet normal -0.0 0.0 -1.0
  outer loop
   vertex -0.9344962158203125 -2.203458251953125 106.93
   vertex -0.96450048828125 -2.204838134765625 106.93
   vertex -0.9346934204101562 -2.19969580078125 106.93
  endloop
 endfacet
 facet normal 0.0 0.0 -1.0
  outer loop
   vertex -0.9346950073242187 -2.2519716796875002 106.93
   vertex -0.9407395629882813 -2.2479765625 106.93
   vertex -0.9210341796875 -2.225170166015625 106.93
  endloop
 endfacet
 facet normal -0.0 0.0 -1.0
  outer loop
   vertex -0.9210341796875 -2.225170166015625 106.93
   vertex -0.9407395629882813 -2.2479765625 106.93
   vertex -0.9240587768554688 -2.222923828125 106.93
  endloop
 endfacet
 facet normal -0.0 0.0 -1.0
  outer loop
   vertex 0.444865966796875 -4.5951357421875 106.93
   vertex 0.4144731140136719 -4.5955 106.93
   vertex 0.44419882202148436 -4.59142822265625 106.93
  endloop
 endfacet
 facet normal -0.0 0.0 -1.0
  outer loop
   vertex 0.44419882202148436 -4.59142822265625 106.93
   vertex 0.4144731140136719 -4.5955 106.93
   vertex 0.41400000000000003 -4.58797998046875 106.93
  endloop
 endfacet
 facet normal -0.0 0.0 -1.0
  outer loop
   vertex 0.4576608276367188 -4.61314013671875 106.93
   vertex 0.43575454711914063 -4.6342109375 106.93
   vertex 0.45463626098632814 -4.6108935546875 106.93
  endloop
 endfacet
 facet normal 0.0 0.0 -1.0
  outer loop
   vertex 0.44185040283203125 -4.6386396484375005 106.93
   vertex 0.43575454711914063 -4.6342109375 106.93
   vertex 0.4576608276367188 -4.61314013671875 106.93
  endloop
 endfacet
 facet normal -0.0 0.0 -1.0
  outer loop
   vertex -0.9338290405273437 -2.207166015625 106.93
   vertex -0.9634824829101563 -2.212011474609375 106.93
   vertex -0.9344962158203125 -2.203458251953125 106.93
  endloop
 endfacet
 facet normal 0.0 0.0 -1.0
  outer loop
   vertex -0.9344962158203125 -2.203458251953125 106.93
   vertex -0.9634824829101563 -2.212011474609375 106.93
   vertex -0.96450048828125 -2.204838134765625 106.93
  endloop
 endfacet
 facet normal 0.0 0.0 -1.0
  outer loop
   vertex -0.9407395629882813 -2.2479765625 106.93
   vertex -0.9462584838867187 -2.2432822265625 106.93
   vertex -0.9240587768554688 -2.222923828125 106.93
  endloop
 endfacet
 facet normal -0.0 0.0 -1.0
  outer loop
   vertex -0.9240587768554688 -2.222923828125 106.93
   vertex -0.9462584838867187 -2.2432822265625 106.93
   vertex -0.9267779541015625 -2.2203164062500003 106.93
  endloop
 endfacet
 facet normal -0.0 0.0 -1.0
  outer loop
   vertex 0.4459925842285156 -4.5987309570312505 106.93
   vertex 0.41588500976562504 -4.6029013671875 106.93
   vertex 0.444865966796875 -4.5951357421875 106.93
  endloop
 endfacet
 facet normal 0.0 0.0 -1.0
  outer loop
   vertex 0.444865966796875 -4.5951357421875 106.93
   vertex 0.41588500976562504 -4.6029013671875 106.93
   vertex 0.4144731140136719 -4.5955 106.93
  endloop
 endfacet
 facet normal -0.0 0.0 -1.0
  outer loop
   vertex 0.45463626098632814 -4.6108935546875 106.93
   vertex 0.4302618713378906 -4.6290527343750005 106.93
   vertex 0.45191708374023437 -4.6082861328125 106.93
  endloop
 endfacet
 facet normal 0.0 0.0 -1.0
  outer loop
   vertex 0.43575454711914063 -4.6342109375 106.93
   vertex 0.4302618713378906 -4.6290527343750005 106.93
   vertex 0.45463626098632814 -4.6108935546875 106.93
  endloop
 endfacet
 facet normal -0.0 0.0 -1.0
  outer loop
   vertex -0.9327024536132813 -2.210760986328125 106.93
   vertex -0.9616072387695312 -2.219010009765625 106.93
   vertex -0.9338290405273437 -2.207166015625 106.93
  endloop
 endfacet
 facet normal 0.0 0.0 -1.0
  outer loop
   vertex -0.9338290405273437 -2.207166015625 106.93
   vertex -0.9616072387695312 -2.219010009765625 106.93
   vertex -0.9634824829101563 -2.212011474609375 106.93
  endloop
 endfacet
 facet normal -0.0 0.0 -1.0
  outer loop
   vertex -0.9267779541015625 -2.2203164062500003 106.93
   vertex -0.9511713256835937 -2.237956787109375 106.93
   vertex -0.9291488647460938 -2.217388427734375 106.93
  endloop
 endfacet
 facet normal 0.0 0.0 -1.0
  outer loop
   vertex -0.9462584838867187 -2.2432822265625 106.93
   vertex -0.9511713256835937 -2.237956787109375 106.93
   vertex -0.9267779541015625 -2.2203164062500003 106.93
  endloop
 endfacet
 facet normal -0.0 0.0 -1.0
  outer loop
   vertex 0.4475608825683594 -4.60215625 106.93
   vertex 0.4182134094238281 -4.6100673828125 106.93
   vertex 0.4459925842285156 -4.5987309570312505 106.93
  endloop
 endfacet
 facet normal 0.0 0.0 -1.0
  outer loop
   vertex 0.4459925842285156 -4.5987309570312505 106.93
   vertex 0.4182134094238281 -4.6100673828125 106.93
   vertex 0.41588500976562504 -4.6029013671875 106.93
  endloop
 endfacet
 facet normal -0.0 0.0 -1.0
  outer loop
   vertex 0.45191708374023437 -4.6082861328125 106.93
   vertex 0.425458984375 -4.6232470703125 106.93
   vertex 0.44954617309570316 -4.6053583984375 106.93
  endloop
 endfacet
 facet normal 0.0 0.0 -1.0
  outer loop
   vertex 0.4302618713378906 -4.6290527343750005 106.93
   vertex 0.425458984375 -4.6232470703125 106.93
   vertex 0.45191708374023437 -4.6082861328125 106.93
  endloop
 endfacet
 facet normal -0.0 0.0 -1.0
  outer loop
   vertex -0.9311341552734376 -2.2141865234375 106.93
   vertex -0.9589020385742187 -2.225731689453125 106.93
   vertex -0.9327024536132813 -2.210760986328125 106.93
  endloop
 endfacet
 facet normal 0.0 0.0 -1.0
  outer loop
   vertex -0.9327024536132813 -2.210760986328125 106.93
   vertex -0.9589020385742187 -2.225731689453125 106.93
   vertex -0.9616072387695312 -2.219010009765625 106.93
  endloop
 endfacet
 facet normal 0.0 0.0 -1.0
  outer loop
   vertex -0.9511713256835937 -2.237956787109375 106.93
   vertex -0.9554064331054688 -2.232077880859375 106.93
   vertex -0.9291488647460938 -2.217388427734375 106.93
  endloop
 endfacet
 facet normal -0.0 0.0 -1.0
  outer loop
   vertex -0.9291488647460938 -2.217388427734375 106.93
   vertex -0.9554064331054688 -2.232077880859375 106.93
   vertex -0.9311341552734376 -2.2141865234375 106.93
  endloop
 endfacet
 facet normal 0.0 0.0 -1.0
  outer loop
   vertex -0.9311341552734376 -2.2141865234375 106.93
   vertex -0.9554064331054688 -2.232077880859375 106.93
   vertex -0.9589020385742187 -2.225731689453125 106.93
  endloop
 endfacet
 facet normal -0.0 0.0 -1.0
  outer loop
   vertex 0.44954617309570316 -4.6053583984375 106.93
   vertex 0.4214216003417969 -4.61688525390625 106.93
   vertex 0.4475608825683594 -4.60215625 106.93
  endloop
 endfacet
 facet normal 0.0 0.0 -1.0
  outer loop
   vertex 0.4475608825683594 -4.60215625 106.93
   vertex 0.4214216003417969 -4.61688525390625 106.93
   vertex 0.4182134094238281 -4.6100673828125 106.93
  endloop
 endfacet
 facet normal 0.0 0.0 -1.0
  outer loop
   vertex 0.425458984375 -4.6232470703125 106.93
   vertex 0.4214216003417969 -4.61688525390625 106.93
   vertex 0.44954617309570316 -4.6053583984375 106.93
  endloop
 endfacet
 facet normal 0.0 0.0 -1.0
  outer loop
   vertex 0.41400000000000003 -4.58797998046875 106.93
   vertex 0.41400000000000003 -3.133477294921875 106.93
   vertex 0.45819131469726565 -4.56248291015625 106.93
  endloop
 endfacet
 facet normal 0.0 -0.0 -1.0
  outer loop
   vertex 0.534 -3.133477294921875 106.93
   vertex 0.534 -4.58797998046875 106.93
   vertex 0.4903391723632813 -4.56281982421875 106.93
  endloop
 endfacet
 facet normal -0.0 0.0 -1.0
  outer loop
   vertex 1.882695068359375 -2.2519716796875002 106.93
   vertex 0.623058837890625 -2.979222900390625 106.93
   vertex 1.8396380615234376 -2.22701953125 106.93
  endloop
 endfacet
 facet normal -0.0 0.0 -1.0
  outer loop
   vertex 1.8396380615234376 -2.22701953125 106.93
   vertex 0.623058837890625 -2.979222900390625 106.93
   vertex 1.8363558349609375 -2.225170166015625 106.93
  endloop
 endfacet
 facet normal 0.0 0.0 -1.0
  outer loop
   vertex 0.563058837890625 -2.8752998046875002 106.93
   vertex 1.822695068359375 -2.1480485839843753 106.93
   vertex 1.8226966552734376 -2.19969580078125 106.93
  endloop
 endfacet
 facet normal 0.0 -0.0 -1.0
  outer loop
   vertex -0.8746950073242188 -2.1480485839843753 106.93
   vertex 0.38494119262695314 -2.8752998046875002 106.93
   vertex -0.8746966552734375 -2.20032421875 106.93
  endloop
 endfacet
 facet normal 0.0 0.0 -1.0
  outer loop
   vertex 0.32494119262695315 -2.979222900390625 106.93
   vertex -0.9346950073242187 -2.2519716796875002 106.93
   vertex -0.8888863525390626 -2.2255068359375 106.93
  endloop
 endfacet
 facet normal 0.0 0.0 1.0
  outer loop
   vertex 1.88819677734375 -2.165307861328125 106.9
   vertex 1.8839858398437501 -2.1488154296875 106.9
   vertex 1.8791649169921876 -2.14616455078125 106.9
  endloop
 endfacet
 facet normal 0.0 -0.0 1.0
  outer loop
   vertex 1.88819677734375 -2.165307861328125 106.9
   vertex 1.888543701171875 -2.15189697265625 106.9
   vertex 1.8839858398437501 -2.1488154296875 106.9
  endloop
 endfacet
 facet normal 0.0 0.0 1.0
  outer loop
   vertex 1.88819677734375 -2.165307861328125 106.9
   vertex 1.8928001708984374 -2.155383056640625 106.9
   vertex 1.888543701171875 -2.15189697265625 106.9
  endloop
 endfacet
 facet normal 0.0 0.0 1.0
  outer loop
   vertex 1.88819677734375 -2.165307861328125 106.9
   vertex 1.8967193603515626 -2.1592441406250003 106.9
   vertex 1.8928001708984374 -2.155383056640625 106.9
  endloop
 endfacet
 facet normal 0.0 0.0 1.0
  outer loop
   vertex 1.88819677734375 -2.165307861328125 106.9
   vertex 1.9002684326171875 -2.1634482421875 106.9
   vertex 1.8967193603515626 -2.1592441406250003 106.9
  endloop
 endfacet
 facet normal -0.0 0.0 1.0
  outer loop
   vertex 1.88819677734375 -2.165307861328125 106.9
   vertex 1.90341748046875 -2.167959716796875 106.9
   vertex 1.9002684326171875 -2.1634482421875 106.9
  endloop
 endfacet
 facet normal 0.0 0.0 1.0
  outer loop
   vertex 1.896995849609375 -2.184558837890625 106.9
   vertex 1.90614013671875 -2.172740478515625 106.9
   vertex 1.90341748046875 -2.167959716796875 106.9
  endloop
 endfacet
 facet normal 0.0 0.0 1.0
  outer loop
   vertex 1.896995849609375 -2.184558837890625 106.9
   vertex 1.908413330078125 -2.1777507324218752 106.9
   vertex 1.90614013671875 -2.172740478515625 106.9
  endloop
 endfacet
 facet normal 0.0 0.0 1.0
  outer loop
   vertex 1.896995849609375 -2.184558837890625 106.9
   vertex 1.9102180175781251 -2.182947998046875 106.9
   vertex 1.908413330078125 -2.1777507324218752 106.9
  endloop
 endfacet
 facet normal -0.0 0.0 1.0
  outer loop
   vertex 1.896995849609375 -2.184558837890625 106.9
   vertex 1.9115390625 -2.188288818359375 106.9
   vertex 1.9102180175781251 -2.182947998046875 106.9
  endloop
 endfacet
 facet normal 0.0 0.0 1.0
  outer loop
   vertex 1.896995849609375 -2.184558837890625 106.9
   vertex 1.912365234375 -2.193728271484375 106.9
   vertex 1.9115390625 -2.188288818359375 106.9
  endloop
 endfacet
 facet normal 0.0 0.0 1.0
  outer loop
   vertex 1.896995849609375 -2.184558837890625 106.9
   vertex 1.9126898193359376 -2.199220458984375 106.9
   vertex 1.912365234375 -2.193728271484375 106.9
  endloop
 endfacet
 facet normal 0.0 0.0 1.0
  outer loop
   vertex 1.896995849609375 -2.184558837890625 106.9
   vertex 1.9125098876953126 -2.20471923828125 106.9
   vertex 1.9126898193359376 -2.199220458984375 106.9
  endloop
 endfacet
 facet normal 0.0 0.0 1.0
  outer loop
   vertex 1.896995849609375 -2.184558837890625 106.9
   vertex 1.9118271484375 -2.210178466796875 106.9
   vertex 1.9125098876953126 -2.20471923828125 106.9
  endloop
 endfacet
 facet normal 0.0 -0.0 1.0
  outer loop
   vertex 1.896995849609375 -2.184558837890625 106.9
   vertex 1.90341748046875 -2.167959716796875 106.9
   vertex 1.88819677734375 -2.165307861328125 106.9
  endloop
 endfacet
 facet normal 0.0 -0.0 1.0
  outer loop
   vertex 1.9106470947265626 -2.21555224609375 106.9
   vertex 1.9118271484375 -2.210178466796875 106.9
   vertex 1.896995849609375 -2.184558837890625 106.9
  endloop
 endfacet
 facet normal -0.9975717663764954 -0.06964638829231262 0.0
  outer loop
   vertex 0.623058837890625 -2.979222900390625 106.9
   vertex 0.6239440307617188 -2.99190185546875 106.9
   vertex 0.623058837890625 -2.979222900390625 106.93
  endloop
 endfacet
 facet normal -0.9975717663764954 -0.06964638829231262 8.20689405323094e-10
  outer loop
   vertex 0.623058837890625 -2.979222900390625 106.93
   vertex 0.6239440307617188 -2.99190185546875 106.9
   vertex 0.6239440307617188 -2.99190185546875 106.93
  endloop
 endfacet
 facet normal -0.999886691570282 0.015055062249302864 0.0
  outer loop
   vertex 0.6239440307617188 -2.99190185546875 106.93
   vertex 0.6239440307617188 -2.99190185546875 106.9
   vertex 0.623752685546875 -3.004610107421875 106.93
  endloop
 endfacet
 facet normal -0.999886691570282 0.015055062249302864 -1.9540416507091152e-10
  outer loop
   vertex 0.6239440307617188 -2.99190185546875 106.9
   vertex 0.623752685546875 -3.004610107421875 106.9
   vertex 0.623752685546875 -3.004610107421875 106.93
  endloop
 endfacet
 facet normal -0.9950230717658997 0.09964445233345032 -1.328717691428949e-09
  outer loop
   vertex 0.623752685546875 -3.004610107421875 106.93
   vertex 0.6224862060546875 -3.0172568359375003 106.9
   vertex 0.6224862060546875 -3.0172568359375003 106.93
  endloop
 endfacet
 facet normal -0.9830147624015808 0.18352650105953217 0.0
  outer loop
   vertex 0.6224862060546875 -3.0172568359375003 106.93
   vertex 0.6224862060546875 -3.0172568359375003 106.9
   vertex 0.6201536254882812 -3.029750732421875 106.93
  endloop
 endfacet
 facet normal -0.9950230717658997 0.09964445233345032 0.0
  outer loop
   vertex 0.623752685546875 -3.004610107421875 106.9
   vertex 0.6224862060546875 -3.0172568359375003 106.9
   vertex 0.623752685546875 -3.004610107421875 106.93
  endloop
 endfacet
 facet normal -0.9830147624015808 0.18352650105953217 -1.2896591572442162e-09
  outer loop
   vertex 0.6224862060546875 -3.0172568359375003 106.9
   vertex 0.6201536254882812 -3.029750732421875 106.9
   vertex 0.6201536254882812 -3.029750732421875 106.93
  endloop
 endfacet
 facet normal -0.9639497995376587 0.26608410477638245 -3.751772226223693e-09
  outer loop
   vertex 0.6201536254882812 -3.029750732421875 106.93
   vertex 0.6167717895507813 -3.0420021972656253 106.9
   vertex 0.6167717895507813 -3.0420021972656253 106.93
  endloop
 endfacet
 facet normal -0.9639497995376587 0.26608410477638245 0.0
  outer loop
   vertex 0.6201536254882812 -3.029750732421875 106.9
   vertex 0.6167717895507813 -3.0420021972656253 106.9
   vertex 0.6201536254882812 -3.029750732421875 106.93
  endloop
 endfacet
 facet normal -0.9379655718803406 0.3467284142971039 4.220682914279905e-09
  outer loop
   vertex 0.6167717895507813 -3.0420021972656253 106.93
   vertex 0.6123649291992188 -3.0539235839843752 106.9
   vertex 0.6123649291992188 -3.0539235839843752 106.93
  endloop
 endfacet
 facet normal -0.9052449464797974 0.42489004135131836 0.0
  outer loop
   vertex 0.6123649291992188 -3.0539235839843752 106.93
   vertex 0.6123649291992188 -3.0539235839843752 106.9
   vertex 0.606964599609375 -3.06542919921875 106.93
  endloop
 endfacet
 facet normal -0.9379655718803406 0.3467284142971039 0.0
  outer loop
   vertex 0.6167717895507813 -3.0420021972656253 106.9
   vertex 0.6123649291992188 -3.0539235839843752 106.9
   vertex 0.6167717895507813 -3.0420021972656253 106.93
  endloop
 endfacet
 facet normal -0.9052449464797974 0.42489004135131836 2.8528437390207273e-09
  outer loop
   vertex 0.6123649291992188 -3.0539235839843752 106.9
   vertex 0.606964599609375 -3.06542919921875 106.9
   vertex 0.606964599609375 -3.06542919921875 106.93
  endloop
 endfacet
 facet normal -0.8660282492637634 0.4999951720237732 6.1746998625267224e-09
  outer loop
   vertex 0.606964599609375 -3.06542919921875 106.93
   vertex 0.6006097412109375 -3.076436279296875 106.9
   vertex 0.6006097412109375 -3.076436279296875 106.93
  endloop
 endfacet
 facet normal -0.8660282492637634 0.4999951720237732 0.0
  outer loop
   vertex 0.606964599609375 -3.06542919921875 106.9
   vertex 0.6006097412109375 -3.076436279296875 106.9
   vertex 0.606964599609375 -3.06542919921875 106.93
  endloop
 endfacet
 facet normal -0.8205860257148743 0.571523129940033 6.096582350068047e-09
  outer loop
   vertex 0.6006097412109375 -3.076436279296875 106.93
   vertex 0.5933458251953125 -3.08686572265625 106.9
   vertex 0.5933458251953125 -3.08686572265625 106.93
  endloop
 endfacet
 facet normal -0.7692593932151794 0.6389365196228027 0.0
  outer loop
   vertex 0.5933458251953125 -3.08686572265625 106.93
   vertex 0.5933458251953125 -3.08686572265625 106.9
   vertex 0.58522509765625 -3.096642822265625 106.93
  endloop
 endfacet
 facet normal -0.8205860257148743 0.571523129940033 0.0
  outer loop
   vertex 0.6006097412109375 -3.076436279296875 106.9
   vertex 0.5933458251953125 -3.08686572265625 106.9
   vertex 0.6006097412109375 -3.076436279296875 106.93
  endloop
 endfacet
 facet normal -0.7692593932151794 0.6389365196228027 -3.517257374241467e-09
  outer loop
   vertex 0.5933458251953125 -3.08686572265625 106.9
   vertex 0.58522509765625 -3.096642822265625 106.9
   vertex 0.58522509765625 -3.096642822265625 106.93
  endloop
 endfacet
 facet normal -0.7124123573303223 0.7017611265182495 -7.503399679364975e-09
  outer loop
   vertex 0.58522509765625 -3.096642822265625 106.93
   vertex 0.5763057861328125 -3.105697509765625 106.9
   vertex 0.5763057861328125 -3.105697509765625 106.93
  endloop
 endfacet
 facet normal -0.7124123573303223 0.7017611265182495 0.0
  outer loop
   vertex 0.58522509765625 -3.096642822265625 106.9
   vertex 0.5763057861328125 -3.105697509765625 106.9
   vertex 0.58522509765625 -3.096642822265625 106.93
  endloop
 endfacet
 facet normal -0.6504353284835815 0.7595615983009338 -7.8161548344724e-09
  outer loop
   vertex 0.5763057861328125 -3.105697509765625 106.93
   vertex 0.5666519775390625 -3.11396435546875 106.9
   vertex 0.5666519775390625 -3.11396435546875 106.93
  endloop
 endfacet
 facet normal -0.5838127732276917 0.8118883371353149 0.0
  outer loop
   vertex 0.5666519775390625 -3.11396435546875 106.93
   vertex 0.5666519775390625 -3.11396435546875 106.9
   vertex 0.5563330078125001 -3.121384521484375 106.93
  endloop
 endfacet
 facet normal -0.6504353284835815 0.7595615983009338 0.0
  outer loop
   vertex 0.5763057861328125 -3.105697509765625 106.9
   vertex 0.5666519775390625 -3.11396435546875 106.9
   vertex 0.5763057861328125 -3.105697509765625 106.93
  endloop
 endfacet
 facet normal -0.5838127732276917 0.8118883371353149 6.018379128391871e-09
  outer loop
   vertex 0.5666519775390625 -3.11396435546875 106.9
   vertex 0.5563330078125001 -3.121384521484375 106.9
   vertex 0.5563330078125001 -3.121384521484375 106.93
  endloop
 endfacet
 facet normal -0.5129745006561279 0.8584038615226746 -6.643713357235015e-10
  outer loop
   vertex 0.5563330078125001 -3.121384521484375 106.93
   vertex 0.5454229125976563 -3.127904296875 106.9
   vertex 0.5454229125976563 -3.127904296875 106.93
  endloop
 endfacet
 facet normal -0.5129745006561279 0.8584038615226746 0.0
  outer loop
   vertex 0.5563330078125001 -3.121384521484375 106.9
   vertex 0.5454229125976563 -3.127904296875 106.9
   vertex 0.5563330078125001 -3.121384521484375 106.93
  endloop
 endfacet
 facet normal -0.43847736716270447 0.8987421989440918 -1.445968678126519e-09
  outer loop
   vertex 0.5454229125976563 -3.127904296875 106.93
   vertex 0.534 -3.133477294921875 106.9
   vertex 0.534 -3.133477294921875 106.93
  endloop
 endfacet
 facet normal -0.43847736716270447 0.8987421989440918 0.0
  outer loop
   vertex 0.5454229125976563 -3.127904296875 106.9
   vertex 0.534 -3.133477294921875 106.9
   vertex 0.5454229125976563 -3.127904296875 106.93
  endloop
 endfacet
 facet normal 0.0 0.0 1.0
  outer loop
   vertex 0.623058837890625 -2.979222900390625 106.9
   vertex 1.7961009521484375 -2.200777587890625 106.9
   vertex 1.777979248046875 -2.173865234375 106.9
  endloop
 endfacet
 facet normal 0.0 0.0 1.0
  outer loop
   vertex 0.623058837890625 -2.979222900390625 106.9
   vertex 1.8147669677734375 -2.227314208984375 106.9
   vertex 1.7961009521484375 -2.200777587890625 106.9
  endloop
 endfacet
 facet normal 0.0 0.0 1.0
  outer loop
   vertex 0.623058837890625 -2.979222900390625 106.9
   vertex 1.831139892578125 -2.249822021484375 106.9
   vertex 1.8147669677734375 -2.227314208984375 106.9
  endloop
 endfacet
 facet normal 0.0 0.0 1.0
  outer loop
   vertex 0.623058837890625 -2.979222900390625 106.9
   vertex 1.847799560546875 -2.272118408203125 106.9
   vertex 1.831139892578125 -2.249822021484375 106.9
  endloop
 endfacet
 facet normal -0.0 0.0 1.0
  outer loop
   vertex 0.563058837890625 -2.8752998046875002 106.9
   vertex 0.623058837890625 -2.979222900390625 106.9
   vertex 1.777979248046875 -2.173865234375 106.9
  endloop
 endfacet
 facet normal -0.0 0.0 1.0
  outer loop
   vertex 0.5268782348632812 -2.96764697265625 106.9
   vertex 0.623058837890625 -2.979222900390625 106.9
   vertex 0.563058837890625 -2.8752998046875002 106.9
  endloop
 endfacet
 facet normal -0.0 0.0 1.0
  outer loop
   vertex 0.5229076538085937 -2.9612431640625 106.9
   vertex 0.5268782348632812 -2.96764697265625 106.9
   vertex 0.563058837890625 -2.8752998046875002 106.9
  endloop
 endfacet
 facet normal -0.0 -0.0 1.0
  outer loop
   vertex 0.5300148315429688 -2.974497802734375 106.9
   vertex 0.623058837890625 -2.979222900390625 106.9
   vertex 0.5268782348632812 -2.96764697265625 106.9
  endloop
 endfacet
 facet normal -0.0 0.0 1.0
  outer loop
   vertex 0.5181658325195313 -2.955387451171875 106.9
   vertex 0.5229076538085937 -2.9612431640625 106.9
   vertex 0.563058837890625 -2.8752998046875002 106.9
  endloop
 endfacet
 facet normal 0.0 -0.0 1.0
  outer loop
   vertex 0.53226806640625 -2.98168798828125 106.9
   vertex 0.623058837890625 -2.979222900390625 106.9
   vertex 0.5300148315429688 -2.974497802734375 106.9
  endloop
 endfacet
 facet normal -0.0 0.0 1.0
  outer loop
   vertex 0.5127274780273438 -2.950172119140625 106.9
   vertex 0.5181658325195313 -2.955387451171875 106.9
   vertex 0.563058837890625 -2.8752998046875002 106.9
  endloop
 endfacet
 facet normal -0.0 0.0 1.0
  outer loop
   vertex 0.5336023559570313 -2.989103759765625 106.9
   vertex 0.6239440307617188 -2.99190185546875 106.9
   vertex 0.623058837890625 -2.979222900390625 106.9
  endloop
 endfacet
 facet normal 0.0 -0.0 1.0
  outer loop
   vertex 0.5336023559570313 -2.989103759765625 106.9
   vertex 0.623058837890625 -2.979222900390625 106.9
   vertex 0.53226806640625 -2.98168798828125 106.9
  endloop
 endfacet
 facet normal 0.0 0.0 1.0
  outer loop
   vertex 0.5066783447265625 -2.9456796875 106.9
   vertex 0.563058837890625 -2.8752998046875002 106.9
   vertex 0.5517459106445313 -2.8677207031250003 106.9
  endloop
 endfacet
 facet normal -0.0 0.0 1.0
  outer loop
   vertex 0.5066783447265625 -2.9456796875 106.9
   vertex 0.5127274780273438 -2.950172119140625 106.9
   vertex 0.563058837890625 -2.8752998046875002 106.9
  endloop
 endfacet
 facet normal -0.0 0.0 1.0
  outer loop
   vertex 0.5339967041015625 -2.99662841796875 106.9
   vertex 0.623752685546875 -3.004610107421875 106.9
   vertex 0.6239440307617188 -2.99190185546875 106.9
  endloop
 endfacet
 facet normal 0.0 -0.0 1.0
  outer loop
   vertex 0.5339967041015625 -2.99662841796875 106.9
   vertex 0.6239440307617188 -2.99190185546875 106.9
   vertex 0.5336023559570313 -2.989103759765625 106.9
  endloop
 endfacet
 facet normal 0.0 0.0 1.0
  outer loop
   vertex 0.5001138610839844 -2.94198095703125 106.9
   vertex 0.5397923583984375 -2.86119873046875 106.9
   vertex 0.5272965698242188 -2.855787841796875 106.9
  endloop
 endfacet
 facet normal 0.0 0.0 1.0
  outer loop
   vertex 0.5001138610839844 -2.94198095703125 106.9
   vertex 0.5517459106445313 -2.8677207031250003 106.9
   vertex 0.5397923583984375 -2.86119873046875 106.9
  endloop
 endfacet
 facet normal -0.0 0.0 1.0
  outer loop
   vertex 0.5001138610839844 -2.94198095703125 106.9
   vertex 0.5066783447265625 -2.9456796875 106.9
   vertex 0.5517459106445313 -2.8677207031250003 106.9
  endloop
 endfacet
 facet normal 0.0 0.0 1.0
  outer loop
   vertex 0.5334448852539062 -3.0041428222656252 106.9
   vertex 0.6224862060546875 -3.0172568359375003 106.9
   vertex 0.623752685546875 -3.004610107421875 106.9
  endloop
 endfacet
 facet normal 0.0 0.0 1.0
  outer loop
   vertex 0.5334448852539062 -3.0041428222656252 106.9
   vertex 0.6201536254882812 -3.029750732421875 106.9
   vertex 0.6224862060546875 -3.0172568359375003 106.9
  endloop
 endfacet
 facet normal -0.0 0.0 1.0
  outer loop
   vertex 0.5334448852539062 -3.0041428222656252 106.9
   vertex 0.623752685546875 -3.004610107421875 106.9
   vertex 0.5339967041015625 -2.99662841796875 106.9
  endloop
 endfacet
 facet normal 0.0 0.0 1.0
  outer loop
   vertex 0.4931375732421875 -2.9391337890625002 106.9
   vertex 0.5272965698242188 -2.855787841796875 106.9
   vertex 0.514361572265625 -2.8515322265625 106.9
  endloop
 endfacet
 facet normal -0.0 0.0 1.0
  outer loop
   vertex 0.4931375732421875 -2.9391337890625002 106.9
   vertex 0.5001138610839844 -2.94198095703125 106.9
   vertex 0.5272965698242188 -2.855787841796875 106.9
  endloop
 endfacet
 facet normal -0.0 0.0 1.0
  outer loop
   vertex 0.53195556640625 -3.011529052734375 106.9
   vertex 0.6201536254882812 -3.029750732421875 106.9
   vertex 0.5334448852539062 -3.0041428222656252 106.9
  endloop
 endfacet
 facet normal 0.0 0.0 1.0
  outer loop
   vertex 0.53195556640625 -3.011529052734375 106.9
   vertex 0.6167717895507813 -3.0420021972656253 106.9
   vertex 0.6201536254882812 -3.029750732421875 106.9
  endloop
 endfacet
 facet normal 0.0 0.0 1.0
  outer loop
   vertex 0.48585943603515624 -2.937183837890625 106.9
   vertex 0.5010939331054688 -2.84846728515625 106.9
   vertex 0.48760302734375 -2.8466181640625 106.9
  endloop
 endfacet
 facet normal 0.0 0.0 1.0
  outer loop
   vertex 0.48585943603515624 -2.937183837890625 106.9
   vertex 0.514361572265625 -2.8515322265625 106.9
   vertex 0.5010939331054688 -2.84846728515625 106.9
  endloop
 endfacet
 facet normal -0.0 0.0 1.0
  outer loop
   vertex 0.48585943603515624 -2.937183837890625 106.9
   vertex 0.4931375732421875 -2.9391337890625002 106.9
   vertex 0.514361572265625 -2.8515322265625 106.9
  endloop
 endfacet
 facet normal 0.0 0.0 1.0
  outer loop
   vertex 0.52955224609375 -3.01867041015625 106.9
   vertex 0.6123649291992188 -3.0539235839843752 106.9
   vertex 0.6167717895507813 -3.0420021972656253 106.9
  endloop
 endfacet
 facet normal 0.0 0.0 1.0
  outer loop
   vertex 0.52955224609375 -3.01867041015625 106.9
   vertex 0.606964599609375 -3.06542919921875 106.9
   vertex 0.6123649291992188 -3.0539235839843752 106.9
  endloop
 endfacet
 facet normal -0.0 0.0 1.0
  outer loop
   vertex 0.52955224609375 -3.01867041015625 106.9
   vertex 0.6167717895507813 -3.0420021972656253 106.9
   vertex 0.53195556640625 -3.011529052734375 106.9
  endloop
 endfacet
 facet normal 0.0 -0.0 1.0
  outer loop
   vertex 0.478394287109375 -2.9361611328125 106.9
   vertex 0.48760302734375 -2.8466181640625 106.9
   vertex 0.47400000000000003 -2.846 106.9
  endloop
 endfacet
 facet normal -0.0 0.0 1.0
  outer loop
   vertex 0.478394287109375 -2.9361611328125 106.9
   vertex 0.48585943603515624 -2.937183837890625 106.9
   vertex 0.48760302734375 -2.8466181640625 106.9
  endloop
 endfacet
 facet normal 0.0 0.0 1.0
  outer loop
   vertex 0.5262728271484375 -3.025454345703125 106.9
   vertex 0.6006097412109375 -3.076436279296875 106.9
   vertex 0.606964599609375 -3.06542919921875 106.9
  endloop
 endfacet
 facet normal -0.0 0.0 1.0
  outer loop
   vertex 0.5262728271484375 -3.025454345703125 106.9
   vertex 0.606964599609375 -3.06542919921875 106.9
   vertex 0.52955224609375 -3.01867041015625 106.9
  endloop
 endfacet
 facet normal 0.0 -0.0 1.0
  outer loop
   vertex 0.4708598327636719 -2.9360822753906253 106.9
   vertex 0.47400000000000003 -2.846 106.9
   vertex 0.46039697265625 -2.8466181640625 106.9
  endloop
 endfacet
 facet normal -0.0 0.0 1.0
  outer loop
   vertex 0.4708598327636719 -2.9360822753906253 106.9
   vertex 0.478394287109375 -2.9361611328125 106.9
   vertex 0.47400000000000003 -2.846 106.9
  endloop
 endfacet
 facet normal 0.0 0.0 1.0
  outer loop
   vertex 0.5221690673828125 -3.0317734375 106.9
   vertex 0.5933458251953125 -3.08686572265625 106.9
   vertex 0.6006097412109375 -3.076436279296875 106.9
  endloop
 endfacet
 facet normal 0.0 0.0 1.0
  outer loop
   vertex 0.5221690673828125 -3.0317734375 106.9
   vertex 0.58522509765625 -3.096642822265625 106.9
   vertex 0.5933458251953125 -3.08686572265625 106.9
  endloop
 endfacet
 facet normal -0.0 0.0 1.0
  outer loop
   vertex 0.5221690673828125 -3.0317734375 106.9
   vertex 0.6006097412109375 -3.076436279296875 106.9
   vertex 0.5262728271484375 -3.025454345703125 106.9
  endloop
 endfacet
 facet normal 0.0 0.0 1.0
  outer loop
   vertex 0.46337490844726564 -2.9369482421875 106.9
   vertex 0.4469060668945313 -2.84846728515625 106.9
   vertex 0.43363845825195313 -2.8515322265625 106.9
  endloop
 endfacet
 facet normal 0.0 0.0 1.0
  outer loop
   vertex 0.46337490844726564 -2.9369482421875 106.9
   vertex 0.46039697265625 -2.8466181640625 106.9
   vertex 0.4469060668945313 -2.84846728515625 106.9
  endloop
 endfacet
 facet normal 0.0 -0.0 1.0
  outer loop
   vertex 0.46337490844726564 -2.9369482421875 106.9
   vertex 0.4708598327636719 -2.9360822753906253 106.9
   vertex 0.46039697265625 -2.8466181640625 106.9
  endloop
 endfacet
 facet normal -0.0 0.0 1.0
  outer loop
   vertex 0.5173056030273437 -3.037528564453125 106.9
   vertex 0.58522509765625 -3.096642822265625 106.9
   vertex 0.5221690673828125 -3.0317734375 106.9
  endloop
 endfacet
 facet normal 0.0 0.0 1.0
  outer loop
   vertex 0.5173056030273437 -3.037528564453125 106.9
   vertex 0.5763057861328125 -3.105697509765625 106.9
   vertex 0.58522509765625 -3.096642822265625 106.9
  endloop
 endfacet
 facet normal 0.0 0.0 1.0
  outer loop
   vertex 0.4560575561523438 -2.93874560546875 106.9
   vertex 0.43363845825195313 -2.8515322265625 106.9
   vertex 0.42070343017578127 -2.855787841796875 106.9
  endloop
 endfacet
 facet normal 0.0 -0.0 1.0
  outer loop
   vertex 0.4560575561523438 -2.93874560546875 106.9
   vertex 0.46337490844726564 -2.9369482421875 106.9
   vertex 0.43363845825195313 -2.8515322265625 106.9
  endloop
 endfacet
 facet normal -0.0 0.0 1.0
  outer loop
   vertex 0.5117592163085938 -3.042628662109375 106.9
   vertex 0.5763057861328125 -3.105697509765625 106.9
   vertex 0.5173056030273437 -3.037528564453125 106.9
  endloop
 endfacet
 facet normal 0.0 0.0 1.0
  outer loop
   vertex 0.5117592163085938 -3.042628662109375 106.9
   vertex 0.5666519775390625 -3.11396435546875 106.9
   vertex 0.5763057861328125 -3.105697509765625 106.9
  endloop
 endfacet
 facet normal 0.0 -0.0 1.0
  outer loop
   vertex 0.5563330078125001 -3.121384521484375 106.9
   vertex 0.5666519775390625 -3.11396435546875 106.9
   vertex 0.5117592163085938 -3.042628662109375 106.9
  endloop
 endfacet
 facet normal 0.0 0.0 1.0
  outer loop
   vertex 0.4490231628417969 -2.94144580078125 106.9
   vertex 0.42070343017578127 -2.855787841796875 106.9
   vertex 0.40820764160156253 -2.86119873046875 106.9
  endloop
 endfacet
 facet normal 0.0 -0.0 1.0
  outer loop
   vertex 0.4490231628417969 -2.94144580078125 106.9
   vertex 0.4560575561523438 -2.93874560546875 106.9
   vertex 0.42070343017578127 -2.855787841796875 106.9
  endloop
 endfacet
 facet normal -0.0 0.0 1.0
  outer loop
   vertex 0.5056173400878906 -3.04699365234375 106.9
   vertex 0.5563330078125001 -3.121384521484375 106.9
   vertex 0.5117592163085938 -3.042628662109375 106.9
  endloop
 endfacet
 facet normal 0.0 -0.0 1.0
  outer loop
   vertex 0.4423826599121094 -2.9450063476562502 106.9
   vertex 0.4490231628417969 -2.94144580078125 106.9
   vertex 0.40820764160156253 -2.86119873046875 106.9
  endloop
 endfacet
 facet normal -0.0 0.0 1.0
  outer loop
   vertex 0.3962540588378906 -2.8677207031250003 106.9
   vertex 0.4423826599121094 -2.9450063476562502 106.9
   vertex 0.40820764160156253 -2.86119873046875 106.9
  endloop
 endfacet
 facet normal 0.0 -0.0 1.0
  outer loop
   vertex 0.5454229125976563 -3.127904296875 106.9
   vertex 0.5563330078125001 -3.121384521484375 106.9
   vertex 0.5056173400878906 -3.04699365234375 106.9
  endloop
 endfacet
 facet normal -0.0 0.0 1.0
  outer loop
   vertex 0.4989768371582031 -3.05055419921875 106.9
   vertex 0.5454229125976563 -3.127904296875 106.9
   vertex 0.5056173400878906 -3.04699365234375 106.9
  endloop
 endfacet
 facet normal -0.0 0.0 1.0
  outer loop
   vertex 0.38494119262695314 -2.8752998046875002 106.9
   vertex 0.4423826599121094 -2.9450063476562502 106.9
   vertex 0.3962540588378906 -2.8677207031250003 106.9
  endloop
 endfacet
 facet normal 0.0 0.0 1.0
  outer loop
   vertex 0.38494119262695314 -2.8752998046875002 106.9
   vertex 0.43069439697265627 -2.954471435546875 106.9
   vertex 0.4362407836914063 -2.949371337890625 106.9
  endloop
 endfacet
 facet normal 0.0 0.0 1.0
  outer loop
   vertex 0.38494119262695314 -2.8752998046875002 106.9
   vertex 0.4362407836914063 -2.949371337890625 106.9
   vertex 0.4423826599121094 -2.9450063476562502 106.9
  endloop
 endfacet
 facet normal 0.0 -0.0 1.0
  outer loop
   vertex 0.534 -3.133477294921875 106.9
   vertex 0.5454229125976563 -3.127904296875 106.9
   vertex 0.4989768371582031 -3.05055419921875 106.9
  endloop
 endfacet
 facet normal 0.0 0.0 1.0
  outer loop
   vertex 0.534 -3.133477294921875 106.9
   vertex 0.4989768371582031 -3.05055419921875 106.9
   vertex 0.4919424438476563 -3.0532543945312502 106.9
  endloop
 endfacet
 facet normal -0.0 0.0 1.0
  outer loop
   vertex 0.48462509155273437 -3.0550517578125 106.9
   vertex 0.534 -3.133477294921875 106.9
   vertex 0.4919424438476563 -3.0532543945312502 106.9
  endloop
 endfacet
 facet normal 0.0 -0.0 1.0
  outer loop
   vertex 0.42583096313476565 -2.9602265625 106.9
   vertex 0.43069439697265627 -2.954471435546875 106.9
   vertex 0.38494119262695314 -2.8752998046875002 106.9
  endloop
 endfacet
 facet normal -0.0 0.0 1.0
  outer loop
   vertex 0.4771401672363281 -3.055917724609375 106.9
   vertex 0.534 -3.133477294921875 106.9
   vertex 0.48462509155273437 -3.0550517578125 106.9
  endloop
 endfacet
 facet normal 0.0 -0.0 1.0
  outer loop
   vertex 0.4217271728515625 -2.966545654296875 106.9
   vertex 0.42583096313476565 -2.9602265625 106.9
   vertex 0.38494119262695314 -2.8752998046875002 106.9
  endloop
 endfacet
 facet normal 0.0 0.0 1.0
  outer loop
   vertex 0.32494119262695315 -2.979222900390625 106.9
   vertex 0.4140032958984375 -2.99537158203125 106.9
   vertex 0.41455511474609374 -2.987857177734375 106.9
  endloop
 endfacet
 facet normal 0.0 0.0 1.0
  outer loop
   vertex 0.32494119262695315 -2.979222900390625 106.9
   vertex 0.41455511474609374 -2.987857177734375 106.9
   vertex 0.4160444641113281 -2.980470947265625 106.9
  endloop
 endfacet
 facet normal 0.0 0.0 1.0
  outer loop
   vertex 0.32494119262695315 -2.979222900390625 106.9
   vertex 0.4217271728515625 -2.966545654296875 106.9
   vertex 0.38494119262695314 -2.8752998046875002 106.9
  endloop
 endfacet
 facet normal -0.0 0.0 1.0
  outer loop
   vertex 0.32494119262695315 -2.979222900390625 106.9
   vertex 0.4160444641113281 -2.980470947265625 106.9
   vertex 0.41844775390625 -2.97332958984375 106.9
  endloop
 endfacet
 facet normal 0.0 0.0 1.0
  outer loop
   vertex 0.32494119262695315 -2.979222900390625 106.9
   vertex 0.41844775390625 -2.97332958984375 106.9
   vertex 0.4217271728515625 -2.966545654296875 106.9
  endloop
 endfacet
 facet normal 0.0 0.0 1.0
  outer loop
   vertex 0.41400000000000003 -3.133477294921875 106.9
   vertex 0.4548624267578125 -3.0528662109375 106.9
   vertex 0.44788613891601564 -3.05001904296875 106.9
  endloop
 endfacet
 facet normal 0.0 0.0 1.0
  outer loop
   vertex 0.41400000000000003 -3.133477294921875 106.9
   vertex 0.534 -3.133477294921875 106.9
   vertex 0.4771401672363281 -3.055917724609375 106.9
  endloop
 endfacet
 facet normal 0.0 0.0 1.0
  outer loop
   vertex 0.41400000000000003 -3.133477294921875 106.9
   vertex 0.4771401672363281 -3.055917724609375 106.9
   vertex 0.469605712890625 -3.0558388671875 106.9
  endloop
 endfacet
 facet normal 0.0 0.0 1.0
  outer loop
   vertex 0.41400000000000003 -3.133477294921875 106.9
   vertex 0.469605712890625 -3.0558388671875 106.9
   vertex 0.46214056396484376 -3.054816162109375 106.9
  endloop
 endfacet
 facet normal 0.0 0.0 1.0
  outer loop
   vertex 0.41400000000000003 -3.133477294921875 106.9
   vertex 0.46214056396484376 -3.054816162109375 106.9
   vertex 0.4548624267578125 -3.0528662109375 106.9
  endloop
 endfacet
 facet normal 0.0 0.0 1.0
  outer loop
   vertex 0.4025771179199219 -3.127904296875 106.9
   vertex 0.44788613891601564 -3.05001904296875 106.9
   vertex 0.44132165527343753 -3.0463203125000002 106.9
  endloop
 endfacet
 facet normal -0.0 0.0 1.0
  outer loop
   vertex 0.4025771179199219 -3.127904296875 106.9
   vertex 0.41400000000000003 -3.133477294921875 106.9
   vertex 0.44788613891601564 -3.05001904296875 106.9
  endloop
 endfacet
 facet normal -0.0 0.0 1.0
  outer loop
   vertex 0.32405599975585936 -2.99190185546875 106.9
   vertex 0.4140032958984375 -2.99537158203125 106.9
   vertex 0.32494119262695315 -2.979222900390625 106.9
  endloop
 endfacet
 facet normal 0.0 0.0 1.0
  outer loop
   vertex 0.324247314453125 -3.004610107421875 106.9
   vertex 0.41439764404296875 -3.002896240234375 106.9
   vertex 0.4140032958984375 -2.99537158203125 106.9
  endloop
 endfacet
 facet normal 0.0 -0.0 1.0
  outer loop
   vertex 0.324247314453125 -3.004610107421875 106.9
   vertex 0.4140032958984375 -2.99537158203125 106.9
   vertex 0.32405599975585936 -2.99190185546875 106.9
  endloop
 endfacet
 facet normal -0.0 0.0 1.0
  outer loop
   vertex 0.3916669921875 -3.121384521484375 106.9
   vertex 0.4025771179199219 -3.127904296875 106.9
   vertex 0.44132165527343753 -3.0463203125000002 106.9
  endloop
 endfacet
 facet normal 0.0 0.0 1.0
  outer loop
   vertex 0.3813480224609375 -3.11396435546875 106.9
   vertex 0.44132165527343753 -3.0463203125000002 106.9
   vertex 0.4352725524902344 -3.0418278808593753 106.9
  endloop
 endfacet
 facet normal -0.0 0.0 1.0
  outer loop
   vertex 0.3813480224609375 -3.11396435546875 106.9
   vertex 0.3916669921875 -3.121384521484375 106.9
   vertex 0.44132165527343753 -3.0463203125000002 106.9
  endloop
 endfacet
 facet normal 0.0 0.0 1.0
  outer loop
   vertex 0.3255137939453125 -3.0172568359375003 106.9
   vertex 0.41573193359375 -3.01031201171875 106.9
   vertex 0.41439764404296875 -3.002896240234375 106.9
  endloop
 endfacet
 facet normal 0.0 -0.0 1.0
  outer loop
   vertex 0.3255137939453125 -3.0172568359375003 106.9
   vertex 0.41439764404296875 -3.002896240234375 106.9
   vertex 0.324247314453125 -3.004610107421875 106.9
  endloop
 endfacet
 facet normal 0.0 0.0 1.0
  outer loop
   vertex 0.3716942138671875 -3.105697509765625 106.9
   vertex 0.4352725524902344 -3.0418278808593753 106.9
   vertex 0.42983416748046877 -3.036612548828125 106.9
  endloop
 endfacet
 facet normal -0.0 0.0 1.0
  outer loop
   vertex 0.3716942138671875 -3.105697509765625 106.9
   vertex 0.3813480224609375 -3.11396435546875 106.9
   vertex 0.4352725524902344 -3.0418278808593753 106.9
  endloop
 endfacet
 facet normal 0.0 -0.0 1.0
  outer loop
   vertex 0.32784634399414064 -3.029750732421875 106.9
   vertex 0.41573193359375 -3.01031201171875 106.9
   vertex 0.3255137939453125 -3.0172568359375003 106.9
  endloop
 endfacet
 facet normal -0.0 0.0 1.0
  outer loop
   vertex 0.3627749328613281 -3.096642822265625 106.9
   vertex 0.3716942138671875 -3.105697509765625 106.9
   vertex 0.42983416748046877 -3.036612548828125 106.9
  endloop
 endfacet
 facet normal 0.0 0.0 1.0
  outer loop
   vertex 0.33122821044921874 -3.0420021972656253 106.9
   vertex 0.41798516845703126 -3.017502197265625 106.9
   vertex 0.41573193359375 -3.01031201171875 106.9
  endloop
 endfacet
 facet normal 0.0 -0.0 1.0
  outer loop
   vertex 0.33122821044921874 -3.0420021972656253 106.9
   vertex 0.41573193359375 -3.01031201171875 106.9
   vertex 0.32784634399414064 -3.029750732421875 106.9
  endloop
 endfacet
 facet normal 0.0 0.0 1.0
  outer loop
   vertex 0.3356351013183594 -3.0539235839843752 106.9
   vertex 0.42112179565429686 -3.02435302734375 106.9
   vertex 0.41798516845703126 -3.017502197265625 106.9
  endloop
 endfacet
 facet normal 0.0 -0.0 1.0
  outer loop
   vertex 0.3356351013183594 -3.0539235839843752 106.9
   vertex 0.41798516845703126 -3.017502197265625 106.9
   vertex 0.33122821044921874 -3.0420021972656253 106.9
  endloop
 endfacet
 facet normal 0.0 0.0 1.0
  outer loop
   vertex 0.3546541748046875 -3.08686572265625 106.9
   vertex 0.42983416748046877 -3.036612548828125 106.9
   vertex 0.42509234619140623 -3.0307568359375 106.9
  endloop
 endfacet
 facet normal -0.0 0.0 1.0
  outer loop
   vertex 0.3546541748046875 -3.08686572265625 106.9
   vertex 0.3627749328613281 -3.096642822265625 106.9
   vertex 0.42983416748046877 -3.036612548828125 106.9
  endloop
 endfacet
 facet normal 0.0 -0.0 1.0
  outer loop
   vertex 0.3410353698730469 -3.06542919921875 106.9
   vertex 0.42112179565429686 -3.02435302734375 106.9
   vertex 0.3356351013183594 -3.0539235839843752 106.9
  endloop
 endfacet
 facet normal 0.0 -0.0 1.0
  outer loop
   vertex 0.3473902893066406 -3.076436279296875 106.9
   vertex 0.42112179565429686 -3.02435302734375 106.9
   vertex 0.3410353698730469 -3.06542919921875 106.9
  endloop
 endfacet
 facet normal 0.0 0.0 1.0
  outer loop
   vertex 0.3473902893066406 -3.076436279296875 106.9
   vertex 0.42509234619140623 -3.0307568359375 106.9
   vertex 0.42112179565429686 -3.02435302734375 106.9
  endloop
 endfacet
 facet normal -0.0 0.0 1.0
  outer loop
   vertex 0.3473902893066406 -3.076436279296875 106.9
   vertex 0.3546541748046875 -3.08686572265625 106.9
   vertex 0.42509234619140623 -3.0307568359375 106.9
  endloop
 endfacet
 facet normal 0.0 -0.0 1.0
  outer loop
   vertex 0.534 -4.5363466796875 106.9
   vertex 0.534 -3.133477294921875 106.9
   vertex 0.41400000000000003 -3.133477294921875 106.9
  endloop
 endfacet
 facet normal -0.0 0.0 1.0
  outer loop
   vertex -0.8500518798828125 -2.192103759765625 106.9
   vertex 0.38494119262695314 -2.8752998046875002 106.9
   vertex -0.839799560546875 -2.168195556640625 106.9
  endloop
 endfacet
 facet normal 0.0 -0.0 1.0
  outer loop
   vertex 0.49823553466796877 -4.5388598632812505 106.9
   vertex 0.534 -4.5363466796875 106.9
   vertex 0.41400000000000003 -3.133477294921875 106.9
  endloop
 endfacet
 facet normal -0.0 0.0 1.0
  outer loop
   vertex -0.8605867919921876 -2.215888671875 106.9
   vertex 0.38494119262695314 -2.8752998046875002 106.9
   vertex -0.8500518798828125 -2.192103759765625 106.9
  endloop
 endfacet
 facet normal 0.0 -0.0 1.0
  outer loop
   vertex 0.4625361328125 -4.542162109375 106.9
   vertex 0.49823553466796877 -4.5388598632812505 106.9
   vertex 0.41400000000000003 -3.133477294921875 106.9
  endloop
 endfacet
 facet normal -0.0 0.0 1.0
  outer loop
   vertex -0.874953125 -2.24699462890625 106.9
   vertex 0.38494119262695314 -2.8752998046875002 106.9
   vertex -0.8605867919921876 -2.215888671875 106.9
  endloop
 endfacet
 facet normal 0.0 -0.0 1.0
  outer loop
   vertex 0.4382528381347656 -4.5447900390625 106.9
   vertex 0.4625361328125 -4.542162109375 106.9
   vertex 0.41400000000000003 -3.133477294921875 106.9
  endloop
 endfacet
 facet normal 0.0 0.0 1.0
  outer loop
   vertex -0.889979248046875 -2.277788330078125 106.9
   vertex 0.32494119262695315 -2.979222900390625 106.9
   vertex 0.38494119262695314 -2.8752998046875002 106.9
  endloop
 endfacet
 facet normal -0.0 0.0 1.0
  outer loop
   vertex -0.889979248046875 -2.277788330078125 106.9
   vertex 0.38494119262695314 -2.8752998046875002 106.9
   vertex -0.874953125 -2.24699462890625 106.9
  endloop
 endfacet
 facet normal 0.0 0.0 1.0
  outer loop
   vertex 0.41400000000000003 -4.54768603515625 106.9
   vertex 0.4382528381347656 -4.5447900390625 106.9
   vertex 0.41400000000000003 -3.133477294921875 106.9
  endloop
 endfacet
 facet normal 0.0 0.0 1.0
  outer loop
   vertex 2.0009503173828125 -2.45454833984375 103.0
   vertex 1.9990040283203125 -2.455672119140625 103.0
   vertex 2.002695068359375 -2.459817626953125 103.0
  endloop
 endfacet
 facet normal 0.0 0.0 1.0
  outer loop
   vertex 2.0009503173828125 -2.45454833984375 103.0
   vertex 1.960428466796875 -2.4116679687500002 103.0
   vertex 1.9990040283203125 -2.455672119140625 103.0
  endloop
 endfacet
 facet normal 0.0 0.0 1.0
  outer loop
   vertex 2.0009503173828125 -2.45454833984375 103.0
   vertex 1.9786307373046876 -2.3892568359375 103.0
   vertex 1.960428466796875 -2.4116679687500002 103.0
  endloop
 endfacet
 facet normal 0.0 0.0 1.0
  outer loop
   vertex 1.9786307373046876 -2.3892568359375 103.0
   vertex 1.9227698974609375 -2.366875244140625 103.0
   vertex 1.960428466796875 -2.4116679687500002 103.0
  endloop
 endfacet
 facet normal 0.0 0.0 1.0
  outer loop
   vertex 1.9786307373046876 -2.3892568359375 103.0
   vertex 1.954761474609375 -2.324514404296875 103.0
   vertex 1.9227698974609375 -2.366875244140625 103.0
  endloop
 endfacet
 facet normal 0.0 0.0 1.0
  outer loop
   vertex 1.954761474609375 -2.324514404296875 103.0
   vertex 1.8847935791015626 -2.319885498046875 103.0
   vertex 1.9227698974609375 -2.366875244140625 103.0
  endloop
 endfacet
 facet normal 0.0 0.0 1.0
  outer loop
   vertex 1.954761474609375 -2.324514404296875 103.0
   vertex 1.933277587890625 -2.26980126953125 103.0
   vertex 1.8847935791015626 -2.319885498046875 103.0
  endloop
 endfacet
 facet normal 0.0 0.0 1.0
  outer loop
   vertex 1.933277587890625 -2.26980126953125 103.0
   vertex 1.882695068359375 -2.2519716796875002 103.0
   vertex 1.8847935791015626 -2.319885498046875 103.0
  endloop
 endfacet
 facet normal 0.0 0.0 1.0
  outer loop
   vertex 1.882695068359375 -2.2519716796875002 103.0
   vertex 1.847799560546875 -2.272118408203125 103.0
   vertex 1.8847935791015626 -2.319885498046875 103.0
  endloop
 endfacet
 facet normal 0.0 0.0 1.0
  outer loop
   vertex 1.933277587890625 -2.26980126953125 103.0
   vertex 1.8860283203125001 -2.24989892578125 103.0
   vertex 1.882695068359375 -2.2519716796875002 103.0
  endloop
 endfacet
 facet normal 0.0 0.0 1.0
  outer loop
   vertex 1.933277587890625 -2.26980126953125 103.0
   vertex 1.8892188720703125 -2.247612548828125 103.0
   vertex 1.8860283203125001 -2.24989892578125 103.0
  endloop
 endfacet
 facet normal 0.0 0.0 1.0
  outer loop
   vertex 1.933277587890625 -2.26980126953125 103.0
   vertex 1.8922532958984375 -2.24512255859375 103.0
   vertex 1.8892188720703125 -2.247612548828125 103.0
  endloop
 endfacet
 facet normal 0.0 0.0 1.0
  outer loop
   vertex 1.933277587890625 -2.26980126953125 103.0
   vertex 1.8951182861328126 -2.242439697265625 103.0
   vertex 1.8922532958984375 -2.24512255859375 103.0
  endloop
 endfacet
 facet normal 0.0 0.0 1.0
  outer loop
   vertex 1.933277587890625 -2.26980126953125 103.0
   vertex 1.8978017578125 -2.239574951171875 103.0
   vertex 1.8951182861328126 -2.242439697265625 103.0
  endloop
 endfacet
 facet normal 0.0 0.0 1.0
  outer loop
   vertex 1.933277587890625 -2.26980126953125 103.0
   vertex 1.9002921142578126 -2.236541015625 103.0
   vertex 1.8978017578125 -2.239574951171875 103.0
  endloop
 endfacet
 facet normal 0.0 0.0 1.0
  outer loop
   vertex 1.933277587890625 -2.26980126953125 103.0
   vertex 1.902578857421875 -2.233350830078125 103.0
   vertex 1.9002921142578126 -2.236541015625 103.0
  endloop
 endfacet
 facet normal 0.0 0.0 1.0
  outer loop
   vertex 1.933277587890625 -2.26980126953125 103.0
   vertex 1.904652099609375 -2.230017822265625 103.0
   vertex 1.902578857421875 -2.233350830078125 103.0
  endloop
 endfacet
 facet normal 0.0 0.0 1.0
  outer loop
   vertex 1.933277587890625 -2.26980126953125 103.0
   vertex 1.9065029296875 -2.226556396484375 103.0
   vertex 1.904652099609375 -2.230017822265625 103.0
  endloop
 endfacet
 facet normal 0.0 0.0 1.0
  outer loop
   vertex 1.933277587890625 -2.26980126953125 103.0
   vertex 1.90812353515625 -2.2229814453125 103.0
   vertex 1.9065029296875 -2.226556396484375 103.0
  endloop
 endfacet
 facet normal 0.0 0.0 1.0
  outer loop
   vertex 1.933277587890625 -2.26980126953125 103.0
   vertex 1.9095068359375 -2.21930810546875 103.0
   vertex 1.90812353515625 -2.2229814453125 103.0
  endloop
 endfacet
 facet normal 0.0 0.0 1.0
  outer loop
   vertex 1.933277587890625 -2.26980126953125 103.0
   vertex 1.9106470947265626 -2.21555224609375 103.0
   vertex 1.9095068359375 -2.21930810546875 103.0
  endloop
 endfacet
 facet normal 0.0 0.0 -1.0
  outer loop
   vertex 0.41400000000000003 -3.133477294921875 103.0
   vertex 0.534 -3.133477294921875 103.0
   vertex 0.534 -4.5363466796875 103.0
  endloop
 endfacet
 facet normal 0.0 0.0 -1.0
  outer loop
   vertex 0.41400000000000003 -3.133477294921875 103.0
   vertex 0.534 -4.5363466796875 103.0
   vertex 0.49823553466796877 -4.5388598632812505 103.0
  endloop
 endfacet
 facet normal 0.0 0.0 -1.0
  outer loop
   vertex 0.41400000000000003 -3.133477294921875 103.0
   vertex 0.49823553466796877 -4.5388598632812505 103.0
   vertex 0.4625361328125 -4.542162109375 103.0
  endloop
 endfacet
 facet normal 0.0 0.0 -1.0
  outer loop
   vertex 0.41400000000000003 -3.133477294921875 103.0
   vertex 0.4625361328125 -4.542162109375 103.0
   vertex 0.4382528381347656 -4.5447900390625 103.0
  endloop
 endfacet
 facet normal 0.0 0.0 -1.0
  outer loop
   vertex 0.41400000000000003 -3.133477294921875 103.0
   vertex 0.4382528381347656 -4.5447900390625 103.0
   vertex 0.41400000000000003 -4.54768603515625 103.0
  endloop
 endfacet
 facet normal 0.0 0.0 -1.0
  outer loop
   vertex 0.5056173400878906 -3.04699365234375 103.0
   vertex 0.5563330078125001 -3.121384521484375 103.0
   vertex 0.5454229125976563 -3.127904296875 103.0
  endloop
 endfacet
 facet normal 0.0 0.0 -1.0
  outer loop
   vertex 0.4989768371582031 -3.05055419921875 103.0
   vertex 0.5056173400878906 -3.04699365234375 103.0
   vertex 0.5454229125976563 -3.127904296875 103.0
  endloop
 endfacet
 facet normal 0.0 0.0 -1.0
  outer loop
   vertex 0.4989768371582031 -3.05055419921875 103.0
   vertex 0.5454229125976563 -3.127904296875 103.0
   vertex 0.534 -3.133477294921875 103.0
  endloop
 endfacet
 facet normal 0.0 -0.0 -1.0
  outer loop
   vertex 0.5117592163085938 -3.042628662109375 103.0
   vertex 0.5563330078125001 -3.121384521484375 103.0
   vertex 0.5056173400878906 -3.04699365234375 103.0
  endloop
 endfacet
 facet normal 0.0 0.0 -1.0
  outer loop
   vertex 0.5117592163085938 -3.042628662109375 103.0
   vertex 0.5763057861328125 -3.105697509765625 103.0
   vertex 0.5666519775390625 -3.11396435546875 103.0
  endloop
 endfacet
 facet normal 0.0 0.0 -1.0
  outer loop
   vertex 0.5117592163085938 -3.042628662109375 103.0
   vertex 0.5666519775390625 -3.11396435546875 103.0
   vertex 0.5563330078125001 -3.121384521484375 103.0
  endloop
 endfacet
 facet normal 0.0 0.0 -1.0
  outer loop
   vertex 0.4919424438476563 -3.0532543945312502 103.0
   vertex 0.4989768371582031 -3.05055419921875 103.0
   vertex 0.534 -3.133477294921875 103.0
  endloop
 endfacet
 facet normal 0.0 0.0 -1.0
  outer loop
   vertex 0.5173056030273437 -3.037528564453125 103.0
   vertex 0.58522509765625 -3.096642822265625 103.0
   vertex 0.5763057861328125 -3.105697509765625 103.0
  endloop
 endfacet
 facet normal 0.0 -0.0 -1.0
  outer loop
   vertex 0.5173056030273437 -3.037528564453125 103.0
   vertex 0.5763057861328125 -3.105697509765625 103.0
   vertex 0.5117592163085938 -3.042628662109375 103.0
  endloop
 endfacet
 facet normal 0.0 0.0 -1.0
  outer loop
   vertex 0.48462509155273437 -3.0550517578125 103.0
   vertex 0.4919424438476563 -3.0532543945312502 103.0
   vertex 0.534 -3.133477294921875 103.0
  endloop
 endfacet
 facet normal 0.0 0.0 -1.0
  outer loop
   vertex 0.5221690673828125 -3.0317734375 103.0
   vertex 0.6006097412109375 -3.076436279296875 103.0
   vertex 0.5933458251953125 -3.08686572265625 103.0
  endloop
 endfacet
 facet normal 0.0 0.0 -1.0
  outer loop
   vertex 0.5221690673828125 -3.0317734375 103.0
   vertex 0.5933458251953125 -3.08686572265625 103.0
   vertex 0.58522509765625 -3.096642822265625 103.0
  endloop
 endfacet
 facet normal 0.0 -0.0 -1.0
  outer loop
   vertex 0.5221690673828125 -3.0317734375 103.0
   vertex 0.58522509765625 -3.096642822265625 103.0
   vertex 0.5173056030273437 -3.037528564453125 103.0
  endloop
 endfacet
 facet normal 0.0 -0.0 -1.0
  outer loop
   vertex 0.4771401672363281 -3.055917724609375 103.0
   vertex 0.534 -3.133477294921875 103.0
   vertex 0.41400000000000003 -3.133477294921875 103.0
  endloop
 endfacet
 facet normal 0.0 0.0 -1.0
  outer loop
   vertex 0.4771401672363281 -3.055917724609375 103.0
   vertex 0.48462509155273437 -3.0550517578125 103.0
   vertex 0.534 -3.133477294921875 103.0
  endloop
 endfacet
 facet normal 0.0 0.0 -1.0
  outer loop
   vertex 0.5262728271484375 -3.025454345703125 103.0
   vertex 0.606964599609375 -3.06542919921875 103.0
   vertex 0.6006097412109375 -3.076436279296875 103.0
  endloop
 endfacet
 facet normal 0.0 -0.0 -1.0
  outer loop
   vertex 0.5262728271484375 -3.025454345703125 103.0
   vertex 0.6006097412109375 -3.076436279296875 103.0
   vertex 0.5221690673828125 -3.0317734375 103.0
  endloop
 endfacet
 facet normal 0.0 -0.0 -1.0
  outer loop
   vertex 0.469605712890625 -3.0558388671875 103.0
   vertex 0.4771401672363281 -3.055917724609375 103.0
   vertex 0.41400000000000003 -3.133477294921875 103.0
  endloop
 endfacet
 facet normal 0.0 0.0 -1.0
  outer loop
   vertex 0.52955224609375 -3.01867041015625 103.0
   vertex 0.6167717895507813 -3.0420021972656253 103.0
   vertex 0.6123649291992188 -3.0539235839843752 103.0
  endloop
 endfacet
 facet normal 0.0 0.0 -1.0
  outer loop
   vertex 0.52955224609375 -3.01867041015625 103.0
   vertex 0.6123649291992188 -3.0539235839843752 103.0
   vertex 0.606964599609375 -3.06542919921875 103.0
  endloop
 endfacet
 facet normal 0.0 -0.0 -1.0
  outer loop
   vertex 0.52955224609375 -3.01867041015625 103.0
   vertex 0.606964599609375 -3.06542919921875 103.0
   vertex 0.5262728271484375 -3.025454345703125 103.0
  endloop
 endfacet
 facet normal 0.0 -0.0 -1.0
  outer loop
   vertex 0.46214056396484376 -3.054816162109375 103.0
   vertex 0.469605712890625 -3.0558388671875 103.0
   vertex 0.41400000000000003 -3.133477294921875 103.0
  endloop
 endfacet
 facet normal 0.0 0.0 -1.0
  outer loop
   vertex 0.53195556640625 -3.011529052734375 103.0
   vertex 0.6201536254882812 -3.029750732421875 103.0
   vertex 0.6167717895507813 -3.0420021972656253 103.0
  endloop
 endfacet
 facet normal 0.0 -0.0 -1.0
  outer loop
   vertex 0.53195556640625 -3.011529052734375 103.0
   vertex 0.6167717895507813 -3.0420021972656253 103.0
   vertex 0.52955224609375 -3.01867041015625 103.0
  endloop
 endfacet
 facet normal 0.0 -0.0 -1.0
  outer loop
   vertex 0.4548624267578125 -3.0528662109375 103.0
   vertex 0.46214056396484376 -3.054816162109375 103.0
   vertex 0.41400000000000003 -3.133477294921875 103.0
  endloop
 endfacet
 facet normal 0.0 0.0 -1.0
  outer loop
   vertex 0.5334448852539062 -3.0041428222656252 103.0
   vertex 0.623752685546875 -3.004610107421875 103.0
   vertex 0.6224862060546875 -3.0172568359375003 103.0
  endloop
 endfacet
 facet normal 0.0 0.0 -1.0
  outer loop
   vertex 0.5334448852539062 -3.0041428222656252 103.0
   vertex 0.6224862060546875 -3.0172568359375003 103.0
   vertex 0.6201536254882812 -3.029750732421875 103.0
  endloop
 endfacet
 facet normal 0.0 -0.0 -1.0
  outer loop
   vertex 0.5334448852539062 -3.0041428222656252 103.0
   vertex 0.6201536254882812 -3.029750732421875 103.0
   vertex 0.53195556640625 -3.011529052734375 103.0
  endloop
 endfacet
 facet normal 0.0 0.0 -1.0
  outer loop
   vertex 0.44788613891601564 -3.05001904296875 103.0
   vertex 0.41400000000000003 -3.133477294921875 103.0
   vertex 0.4025771179199219 -3.127904296875 103.0
  endloop
 endfacet
 facet normal 0.0 -0.0 -1.0
  outer loop
   vertex 0.44788613891601564 -3.05001904296875 103.0
   vertex 0.4548624267578125 -3.0528662109375 103.0
   vertex 0.41400000000000003 -3.133477294921875 103.0
  endloop
 endfacet
 facet normal 0.0 -0.0 -1.0
  outer loop
   vertex 1.831139892578125 -2.249822021484375 103.0
   vertex 1.847799560546875 -2.272118408203125 103.0
   vertex 0.623058837890625 -2.979222900390625 103.0
  endloop
 endfacet
 facet normal 0.0 0.0 -1.0
  outer loop
   vertex 0.5339967041015625 -2.99662841796875 103.0
   vertex 0.6239440307617188 -2.99190185546875 103.0
   vertex 0.623752685546875 -3.004610107421875 103.0
  endloop
 endfacet
 facet normal 0.0 -0.0 -1.0
  outer loop
   vertex 0.5339967041015625 -2.99662841796875 103.0
   vertex 0.623752685546875 -3.004610107421875 103.0
   vertex 0.5334448852539062 -3.0041428222656252 103.0
  endloop
 endfacet
 facet normal 0.0 -0.0 -1.0
  outer loop
   vertex 0.44132165527343753 -3.0463203125000002 103.0
   vertex 0.44788613891601564 -3.05001904296875 103.0
   vertex 0.4025771179199219 -3.127904296875 103.0
  endloop
 endfacet
 facet normal 0.0 0.0 -1.0
  outer loop
   vertex 0.44132165527343753 -3.0463203125000002 103.0
   vertex 0.4025771179199219 -3.127904296875 103.0
   vertex 0.3916669921875 -3.121384521484375 103.0
  endloop
 endfacet
 facet normal 0.0 0.0 -1.0
  outer loop
   vertex 0.44132165527343753 -3.0463203125000002 103.0
   vertex 0.3916669921875 -3.121384521484375 103.0
   vertex 0.3813480224609375 -3.11396435546875 103.0
  endloop
 endfacet
 facet normal 0.0 0.0 -1.0
  outer loop
   vertex 0.5336023559570313 -2.989103759765625 103.0
   vertex 0.623058837890625 -2.979222900390625 103.0
   vertex 0.6239440307617188 -2.99190185546875 103.0
  endloop
 endfacet
 facet normal 0.0 0.0 -1.0
  outer loop
   vertex 0.5336023559570313 -2.989103759765625 103.0
   vertex 0.6239440307617188 -2.99190185546875 103.0
   vertex 0.5339967041015625 -2.99662841796875 103.0
  endloop
 endfacet
 facet normal 0.0 -0.0 -1.0
  outer loop
   vertex 0.4352725524902344 -3.0418278808593753 103.0
   vertex 0.44132165527343753 -3.0463203125000002 103.0
   vertex 0.3813480224609375 -3.11396435546875 103.0
  endloop
 endfacet
 facet normal 0.0 0.0 -1.0
  outer loop
   vertex 0.4352725524902344 -3.0418278808593753 103.0
   vertex 0.3813480224609375 -3.11396435546875 103.0
   vertex 0.3716942138671875 -3.105697509765625 103.0
  endloop
 endfacet
 facet normal 0.0 0.0 -1.0
  outer loop
   vertex 0.53226806640625 -2.98168798828125 103.0
   vertex 0.623058837890625 -2.979222900390625 103.0
   vertex 0.5336023559570313 -2.989103759765625 103.0
  endloop
 endfacet
 facet normal 0.0 0.0 -1.0
  outer loop
   vertex 0.42983416748046877 -3.036612548828125 103.0
   vertex 0.3716942138671875 -3.105697509765625 103.0
   vertex 0.3627749328613281 -3.096642822265625 103.0
  endloop
 endfacet
 facet normal 0.0 0.0 -1.0
  outer loop
   vertex 0.42983416748046877 -3.036612548828125 103.0
   vertex 0.3627749328613281 -3.096642822265625 103.0
   vertex 0.3546541748046875 -3.08686572265625 103.0
  endloop
 endfacet
 facet normal 0.0 -0.0 -1.0
  outer loop
   vertex 0.42983416748046877 -3.036612548828125 103.0
   vertex 0.4352725524902344 -3.0418278808593753 103.0
   vertex 0.3716942138671875 -3.105697509765625 103.0
  endloop
 endfacet
 facet normal 0.0 0.0 -1.0
  outer loop
   vertex 0.5300148315429688 -2.974497802734375 103.0
   vertex 0.623058837890625 -2.979222900390625 103.0
   vertex 0.53226806640625 -2.98168798828125 103.0
  endloop
 endfacet
 facet normal 0.0 -0.0 -1.0
  outer loop
   vertex 0.42509234619140623 -3.0307568359375 103.0
   vertex 0.42983416748046877 -3.036612548828125 103.0
   vertex 0.3546541748046875 -3.08686572265625 103.0
  endloop
 endfacet
 facet normal 0.0 0.0 -1.0
  outer loop
   vertex 0.42509234619140623 -3.0307568359375 103.0
   vertex 0.3546541748046875 -3.08686572265625 103.0
   vertex 0.3473902893066406 -3.076436279296875 103.0
  endloop
 endfacet
 facet normal 0.0 -0.0 -1.0
  outer loop
   vertex 1.8147669677734375 -2.227314208984375 103.0
   vertex 1.831139892578125 -2.249822021484375 103.0
   vertex 0.623058837890625 -2.979222900390625 103.0
  endloop
 endfacet
 facet normal 0.0 0.0 -1.0
  outer loop
   vertex 0.5268782348632812 -2.96764697265625 103.0
   vertex 0.623058837890625 -2.979222900390625 103.0
   vertex 0.5300148315429688 -2.974497802734375 103.0
  endloop
 endfacet
 facet normal 0.0 -0.0 -1.0
  outer loop
   vertex 0.42112179565429686 -3.02435302734375 103.0
   vertex 0.42509234619140623 -3.0307568359375 103.0
   vertex 0.3473902893066406 -3.076436279296875 103.0
  endloop
 endfacet
 facet normal 0.0 0.0 -1.0
  outer loop
   vertex 0.3410353698730469 -3.06542919921875 103.0
   vertex 0.42112179565429686 -3.02435302734375 103.0
   vertex 0.3473902893066406 -3.076436279296875 103.0
  endloop
 endfacet
 facet normal 0.0 0.0 -1.0
  outer loop
   vertex 0.3356351013183594 -3.0539235839843752 103.0
   vertex 0.41798516845703126 -3.017502197265625 103.0
   vertex 0.42112179565429686 -3.02435302734375 103.0
  endloop
 endfacet
 facet normal 0.0 0.0 -1.0
  outer loop
   vertex 0.3356351013183594 -3.0539235839843752 103.0
   vertex 0.42112179565429686 -3.02435302734375 103.0
   vertex 0.3410353698730469 -3.06542919921875 103.0
  endloop
 endfacet
 facet normal 0.0 -0.0 -1.0
  outer loop
   vertex 1.7961009521484375 -2.200777587890625 103.0
   vertex 1.8147669677734375 -2.227314208984375 103.0
   vertex 0.623058837890625 -2.979222900390625 103.0
  endloop
 endfacet
 facet normal 0.0 0.0 -1.0
  outer loop
   vertex 0.33122821044921874 -3.0420021972656253 103.0
   vertex 0.41573193359375 -3.01031201171875 103.0
   vertex 0.41798516845703126 -3.017502197265625 103.0
  endloop
 endfacet
 facet normal 0.0 0.0 -1.0
  outer loop
   vertex 0.33122821044921874 -3.0420021972656253 103.0
   vertex 0.41798516845703126 -3.017502197265625 103.0
   vertex 0.3356351013183594 -3.0539235839843752 103.0
  endloop
 endfacet
 facet normal 0.0 0.0 -1.0
  outer loop
   vertex 0.32784634399414064 -3.029750732421875 103.0
   vertex 0.41573193359375 -3.01031201171875 103.0
   vertex 0.33122821044921874 -3.0420021972656253 103.0
  endloop
 endfacet
 facet normal 0.0 0.0 -1.0
  outer loop
   vertex 0.3255137939453125 -3.0172568359375003 103.0
   vertex 0.41439764404296875 -3.002896240234375 103.0
   vertex 0.41573193359375 -3.01031201171875 103.0
  endloop
 endfacet
 facet normal 0.0 0.0 -1.0
  outer loop
   vertex 0.3255137939453125 -3.0172568359375003 103.0
   vertex 0.41573193359375 -3.01031201171875 103.0
   vertex 0.32784634399414064 -3.029750732421875 103.0
  endloop
 endfacet
 facet normal 0.0 0.0 -1.0
  outer loop
   vertex 0.563058837890625 -2.8752998046875002 103.0
   vertex 0.5127274780273438 -2.950172119140625 103.0
   vertex 0.5066783447265625 -2.9456796875 103.0
  endloop
 endfacet
 facet normal 0.0 0.0 -1.0
  outer loop
   vertex 0.563058837890625 -2.8752998046875002 103.0
   vertex 0.5181658325195313 -2.955387451171875 103.0
   vertex 0.5127274780273438 -2.950172119140625 103.0
  endloop
 endfacet
 facet normal 0.0 0.0 -1.0
  outer loop
   vertex 0.563058837890625 -2.8752998046875002 103.0
   vertex 0.5229076538085937 -2.9612431640625 103.0
   vertex 0.5181658325195313 -2.955387451171875 103.0
  endloop
 endfacet
 facet normal 0.0 0.0 -1.0
  outer loop
   vertex 0.563058837890625 -2.8752998046875002 103.0
   vertex 0.5268782348632812 -2.96764697265625 103.0
   vertex 0.5229076538085937 -2.9612431640625 103.0
  endloop
 endfacet
 facet normal 0.0 -0.0 -1.0
  outer loop
   vertex 0.563058837890625 -2.8752998046875002 103.0
   vertex 0.623058837890625 -2.979222900390625 103.0
   vertex 0.5268782348632812 -2.96764697265625 103.0
  endloop
 endfacet
 facet normal 0.0 -0.0 -1.0
  outer loop
   vertex 1.777979248046875 -2.173865234375 103.0
   vertex 1.7961009521484375 -2.200777587890625 103.0
   vertex 0.623058837890625 -2.979222900390625 103.0
  endloop
 endfacet
 facet normal 0.0 0.0 -1.0
  outer loop
   vertex 1.777979248046875 -2.173865234375 103.0
   vertex 0.623058837890625 -2.979222900390625 103.0
   vertex 0.563058837890625 -2.8752998046875002 103.0
  endloop
 endfacet
 facet normal 0.0 0.0 -1.0
  outer loop
   vertex 0.324247314453125 -3.004610107421875 103.0
   vertex 0.4140032958984375 -2.99537158203125 103.0
   vertex 0.41439764404296875 -3.002896240234375 103.0
  endloop
 endfacet
 facet normal 0.0 0.0 -1.0
  outer loop
   vertex 0.324247314453125 -3.004610107421875 103.0
   vertex 0.41439764404296875 -3.002896240234375 103.0
   vertex 0.3255137939453125 -3.0172568359375003 103.0
  endloop
 endfacet
 facet normal 0.0 -0.0 -1.0
  outer loop
   vertex 0.5517459106445313 -2.8677207031250003 103.0
   vertex 0.563058837890625 -2.8752998046875002 103.0
   vertex 0.5066783447265625 -2.9456796875 103.0
  endloop
 endfacet
 facet normal 0.0 0.0 -1.0
  outer loop
   vertex 0.5517459106445313 -2.8677207031250003 103.0
   vertex 0.5066783447265625 -2.9456796875 103.0
   vertex 0.5001138610839844 -2.94198095703125 103.0
  endloop
 endfacet
 facet normal 0.0 0.0 -1.0
  outer loop
   vertex 0.32405599975585936 -2.99190185546875 103.0
   vertex 0.4140032958984375 -2.99537158203125 103.0
   vertex 0.324247314453125 -3.004610107421875 103.0
  endloop
 endfacet
 facet normal 0.0 -0.0 -1.0
  outer loop
   vertex 0.5397923583984375 -2.86119873046875 103.0
   vertex 0.5517459106445313 -2.8677207031250003 103.0
   vertex 0.5001138610839844 -2.94198095703125 103.0
  endloop
 endfacet
 facet normal 0.0 0.0 -1.0
  outer loop
   vertex 0.32494119262695315 -2.979222900390625 103.0
   vertex 0.41455511474609374 -2.987857177734375 103.0
   vertex 0.4140032958984375 -2.99537158203125 103.0
  endloop
 endfacet
 facet normal 0.0 0.0 -1.0
  outer loop
   vertex 0.32494119262695315 -2.979222900390625 103.0
   vertex 0.4160444641113281 -2.980470947265625 103.0
   vertex 0.41455511474609374 -2.987857177734375 103.0
  endloop
 endfacet
 facet normal 0.0 0.0 -1.0
  outer loop
   vertex 0.32494119262695315 -2.979222900390625 103.0
   vertex 0.41844775390625 -2.97332958984375 103.0
   vertex 0.4160444641113281 -2.980470947265625 103.0
  endloop
 endfacet
 facet normal 0.0 0.0 -1.0
  outer loop
   vertex 0.32494119262695315 -2.979222900390625 103.0
   vertex 0.4217271728515625 -2.966545654296875 103.0
   vertex 0.41844775390625 -2.97332958984375 103.0
  endloop
 endfacet
 facet normal 0.0 -0.0 -1.0
  outer loop
   vertex 0.32494119262695315 -2.979222900390625 103.0
   vertex 0.4140032958984375 -2.99537158203125 103.0
   vertex 0.32405599975585936 -2.99190185546875 103.0
  endloop
 endfacet
 facet normal 0.0 -0.0 -1.0
  outer loop
   vertex 0.5272965698242188 -2.855787841796875 103.0
   vertex 0.5397923583984375 -2.86119873046875 103.0
   vertex 0.5001138610839844 -2.94198095703125 103.0
  endloop
 endfacet
 facet normal 0.0 0.0 -1.0
  outer loop
   vertex 0.5272965698242188 -2.855787841796875 103.0
   vertex 0.5001138610839844 -2.94198095703125 103.0
   vertex 0.4931375732421875 -2.9391337890625002 103.0
  endloop
 endfacet
 facet normal 0.0 -0.0 -1.0
  outer loop
   vertex 0.514361572265625 -2.8515322265625 103.0
   vertex 0.5272965698242188 -2.855787841796875 103.0
   vertex 0.4931375732421875 -2.9391337890625002 103.0
  endloop
 endfacet
 facet normal 0.0 0.0 -1.0
  outer loop
   vertex 0.514361572265625 -2.8515322265625 103.0
   vertex 0.4931375732421875 -2.9391337890625002 103.0
   vertex 0.48585943603515624 -2.937183837890625 103.0
  endloop
 endfacet
 facet normal 0.0 -0.0 -1.0
  outer loop
   vertex 0.5010939331054688 -2.84846728515625 103.0
   vertex 0.514361572265625 -2.8515322265625 103.0
   vertex 0.48585943603515624 -2.937183837890625 103.0
  endloop
 endfacet
 facet normal 0.0 -0.0 -1.0
  outer loop
   vertex 0.48760302734375 -2.8466181640625 103.0
   vertex 0.5010939331054688 -2.84846728515625 103.0
   vertex 0.48585943603515624 -2.937183837890625 103.0
  endloop
 endfacet
 facet normal 0.0 0.0 -1.0
  outer loop
   vertex 0.48760302734375 -2.8466181640625 103.0
   vertex 0.48585943603515624 -2.937183837890625 103.0
   vertex 0.478394287109375 -2.9361611328125 103.0
  endloop
 endfacet
 facet normal 0.0 0.0 -1.0
  outer loop
   vertex 0.47400000000000003 -2.846 103.0
   vertex 0.48760302734375 -2.8466181640625 103.0
   vertex 0.478394287109375 -2.9361611328125 103.0
  endloop
 endfacet
 facet normal 0.0 -0.0 -1.0
  outer loop
   vertex 0.47400000000000003 -2.846 103.0
   vertex 0.478394287109375 -2.9361611328125 103.0
   vertex 0.4708598327636719 -2.9360822753906253 103.0
  endloop
 endfacet
 facet normal 0.0 0.0 -1.0
  outer loop
   vertex 0.46039697265625 -2.8466181640625 103.0
   vertex 0.47400000000000003 -2.846 103.0
   vertex 0.4708598327636719 -2.9360822753906253 103.0
  endloop
 endfacet
 facet normal 0.0 0.0 -1.0
  outer loop
   vertex 0.46039697265625 -2.8466181640625 103.0
   vertex 0.4708598327636719 -2.9360822753906253 103.0
   vertex 0.46337490844726564 -2.9369482421875 103.0
  endloop
 endfacet
 facet normal 0.0 0.0 -1.0
  outer loop
   vertex 0.4469060668945313 -2.84846728515625 103.0
   vertex 0.46039697265625 -2.8466181640625 103.0
   vertex 0.46337490844726564 -2.9369482421875 103.0
  endloop
 endfacet
 facet normal 0.0 0.0 -1.0
  outer loop
   vertex 0.43363845825195313 -2.8515322265625 103.0
   vertex 0.4469060668945313 -2.84846728515625 103.0
   vertex 0.46337490844726564 -2.9369482421875 103.0
  endloop
 endfacet
 facet normal 0.0 0.0 -1.0
  outer loop
   vertex 0.43363845825195313 -2.8515322265625 103.0
   vertex 0.46337490844726564 -2.9369482421875 103.0
   vertex 0.4560575561523438 -2.93874560546875 103.0
  endloop
 endfacet
 facet normal 0.0 0.0 -1.0
  outer loop
   vertex 0.42070343017578127 -2.855787841796875 103.0
   vertex 0.43363845825195313 -2.8515322265625 103.0
   vertex 0.4560575561523438 -2.93874560546875 103.0
  endloop
 endfacet
 facet normal 0.0 0.0 -1.0
  outer loop
   vertex 0.42070343017578127 -2.855787841796875 103.0
   vertex 0.4560575561523438 -2.93874560546875 103.0
   vertex 0.4490231628417969 -2.94144580078125 103.0
  endloop
 endfacet
 facet normal 0.0 -0.0 -1.0
  outer loop
   vertex 0.38494119262695314 -2.8752998046875002 103.0
   vertex 0.4217271728515625 -2.966545654296875 103.0
   vertex 0.32494119262695315 -2.979222900390625 103.0
  endloop
 endfacet
 facet normal 0.0 0.0 -1.0
  outer loop
   vertex 0.38494119262695314 -2.8752998046875002 103.0
   vertex 0.42583096313476565 -2.9602265625 103.0
   vertex 0.4217271728515625 -2.966545654296875 103.0
  endloop
 endfacet
 facet normal 0.0 0.0 -1.0
  outer loop
   vertex 0.38494119262695314 -2.8752998046875002 103.0
   vertex 0.43069439697265627 -2.954471435546875 103.0
   vertex 0.42583096313476565 -2.9602265625 103.0
  endloop
 endfacet
 facet normal 0.0 0.0 -1.0
  outer loop
   vertex 0.38494119262695314 -2.8752998046875002 103.0
   vertex 0.4362407836914063 -2.949371337890625 103.0
   vertex 0.43069439697265627 -2.954471435546875 103.0
  endloop
 endfacet
 facet normal 0.0 0.0 -1.0
  outer loop
   vertex 0.38494119262695314 -2.8752998046875002 103.0
   vertex 0.4423826599121094 -2.9450063476562502 103.0
   vertex 0.4362407836914063 -2.949371337890625 103.0
  endloop
 endfacet
 facet normal 0.0 0.0 -1.0
  outer loop
   vertex 0.40820764160156253 -2.86119873046875 103.0
   vertex 0.42070343017578127 -2.855787841796875 103.0
   vertex 0.4490231628417969 -2.94144580078125 103.0
  endloop
 endfacet
 facet normal 0.0 0.0 -1.0
  outer loop
   vertex 0.40820764160156253 -2.86119873046875 103.0
   vertex 0.4490231628417969 -2.94144580078125 103.0
   vertex 0.4423826599121094 -2.9450063476562502 103.0
  endloop
 endfacet
 facet normal 0.0 0.0 -1.0
  outer loop
   vertex 0.3962540588378906 -2.8677207031250003 103.0
   vertex 0.40820764160156253 -2.86119873046875 103.0
   vertex 0.4423826599121094 -2.9450063476562502 103.0
  endloop
 endfacet
 facet normal 0.0 -0.0 -1.0
  outer loop
   vertex 0.3962540588378906 -2.8677207031250003 103.0
   vertex 0.4423826599121094 -2.9450063476562502 103.0
   vertex 0.38494119262695314 -2.8752998046875002 103.0
  endloop
 endfacet
 facet normal 0.0 0.0 -1.0
  outer loop
   vertex -0.889979248046875 -2.277788330078125 103.0
   vertex 0.38494119262695314 -2.8752998046875002 103.0
   vertex 0.32494119262695315 -2.979222900390625 103.0
  endloop
 endfacet
 facet normal 0.0 -0.0 -1.0
  outer loop
   vertex -0.874953125 -2.24699462890625 103.0
   vertex 0.38494119262695314 -2.8752998046875002 103.0
   vertex -0.889979248046875 -2.277788330078125 103.0
  endloop
 endfacet
 facet normal 0.0 -0.0 -1.0
  outer loop
   vertex -0.8605867919921876 -2.215888671875 103.0
   vertex 0.38494119262695314 -2.8752998046875002 103.0
   vertex -0.874953125 -2.24699462890625 103.0
  endloop
 endfacet
 facet normal 0.0 -0.0 -1.0
  outer loop
   vertex -0.8500518798828125 -2.192103759765625 103.0
   vertex 0.38494119262695314 -2.8752998046875002 103.0
   vertex -0.8605867919921876 -2.215888671875 103.0
  endloop
 endfacet
 facet normal 0.0 -0.0 -1.0
  outer loop
   vertex -0.839799560546875 -2.168195556640625 103.0
   vertex 0.38494119262695314 -2.8752998046875002 103.0
   vertex -0.8500518798828125 -2.192103759765625 103.0
  endloop
 endfacet
 facet normal 0.0 -0.0 1.0
  outer loop
   vertex 1.83620166015625 -2.142321533203125 103.0
   vertex 1.8573634033203126 -2.102680908203125 103.0
   vertex 1.83154833984375 -2.143860107421875 103.0
  endloop
 endfacet
 facet normal 0.0 -0.0 1.0
  outer loop
   vertex 1.840965087890625 -2.141167724609375 103.0
   vertex 1.8573634033203126 -2.102680908203125 103.0
   vertex 1.83620166015625 -2.142321533203125 103.0
  endloop
 endfacet
 facet normal 0.0 -0.0 1.0
  outer loop
   vertex 1.845806640625 -2.14040673828125 103.0
   vertex 1.8573634033203126 -2.102680908203125 103.0
   vertex 1.840965087890625 -2.141167724609375 103.0
  endloop
 endfacet
 facet normal 0.0 -0.0 1.0
  outer loop
   vertex 1.8506943359375 -2.14004345703125 103.0
   vertex 1.8573634033203126 -2.102680908203125 103.0
   vertex 1.845806640625 -2.14040673828125 103.0
  endloop
 endfacet
 facet normal 0.0 -0.0 1.0
  outer loop
   vertex 1.8555953369140625 -2.140080078125 103.0
   vertex 1.8573634033203126 -2.102680908203125 103.0
   vertex 1.8506943359375 -2.14004345703125 103.0
  endloop
 endfacet
 facet normal 0.0 0.0 1.0
  outer loop
   vertex 1.8604769287109375 -2.140516845703125 103.0
   vertex 1.8573634033203126 -2.102680908203125 103.0
   vertex 1.8555953369140625 -2.140080078125 103.0
  endloop
 endfacet
 facet normal 0.0 0.0 1.0
  outer loop
   vertex 1.865306640625 -2.141350341796875 103.0
   vertex 1.8573634033203126 -2.102680908203125 103.0
   vertex 1.8604769287109375 -2.140516845703125 103.0
  endloop
 endfacet
 facet normal 0.0 0.0 1.0
  outer loop
   vertex 1.8700521240234376 -2.142575439453125 103.0
   vertex 1.8573634033203126 -2.102680908203125 103.0
   vertex 1.865306640625 -2.141350341796875 103.0
  endloop
 endfacet
 facet normal 0.0 0.0 1.0
  outer loop
   vertex 1.874681884765625 -2.144183837890625 103.0
   vertex 1.8573634033203126 -2.102680908203125 103.0
   vertex 1.8700521240234376 -2.142575439453125 103.0
  endloop
 endfacet
 facet normal 0.0 0.0 1.0
  outer loop
   vertex 1.8791649169921876 -2.14616455078125 103.0
   vertex 1.8573634033203126 -2.102680908203125 103.0
   vertex 1.874681884765625 -2.144183837890625 103.0
  endloop
 endfacet
 facet normal 0.0 0.0 1.0
  outer loop
   vertex 1.822695068359375 -2.1480485839843753 103.0
   vertex 1.7649716796875001 -2.153643798828125 103.0
   vertex 1.777979248046875 -2.173865234375 103.0
  endloop
 endfacet
 facet normal 0.0 0.0 1.0
  outer loop
   vertex 1.822695068359375 -2.1480485839843753 103.0
   vertex 1.7524006347656251 -2.133149658203125 103.0
   vertex 1.7649716796875001 -2.153643798828125 103.0
  endloop
 endfacet
 facet normal 0.0 -0.0 1.0
  outer loop
   vertex 1.8270360107421875 -2.1457734375 103.0
   vertex 1.838378662109375 -2.06815625 103.0
   vertex 1.822695068359375 -2.1480485839843753 103.0
  endloop
 endfacet
 facet normal 0.0 -0.0 1.0
  outer loop
   vertex 1.83154833984375 -2.143860107421875 103.0
   vertex 1.838378662109375 -2.06815625 103.0
   vertex 1.8270360107421875 -2.1457734375 103.0
  endloop
 endfacet
 facet normal 0.0 0.0 1.0
  outer loop
   vertex 1.8573634033203126 -2.102680908203125 103.0
   vertex 1.838378662109375 -2.06815625 103.0
   vertex 1.83154833984375 -2.143860107421875 103.0
  endloop
 endfacet
 facet normal 0.0 -0.0 1.0
  outer loop
   vertex 1.822695068359375 -2.1480485839843753 103.0
   vertex 1.838378662109375 -2.06815625 103.0
   vertex 1.7524006347656251 -2.133149658203125 103.0
  endloop
 endfacet
 facet normal 0.0 0.0 1.0
  outer loop
   vertex 1.838378662109375 -2.06815625 103.0
   vertex 1.7339677734375 -2.10075 103.0
   vertex 1.7524006347656251 -2.133149658203125 103.0
  endloop
 endfacet
 facet normal 0.0 0.0 1.0
  outer loop
   vertex 1.838378662109375 -2.06815625 103.0
   vertex 1.81915869140625 -2.0365480957031252 103.0
   vertex 1.7339677734375 -2.10075 103.0
  endloop
 endfacet
 facet normal 0.0 0.0 1.0
  outer loop
   vertex 1.81915869140625 -2.0365480957031252 103.0
   vertex 1.7191997070312501 -2.071658203125 103.0
   vertex 1.7339677734375 -2.10075 103.0
  endloop
 endfacet
 facet normal 0.0 0.0 1.0
  outer loop
   vertex 1.81915869140625 -2.0365480957031252 103.0
   vertex 1.8012503662109376 -2.0102720947265627 103.0
   vertex 1.7191997070312501 -2.071658203125 103.0
  endloop
 endfacet
 facet normal 0.0 0.0 1.0
  outer loop
   vertex 1.8012503662109376 -2.0102720947265627 103.0
   vertex 1.7078529052734375 -2.0459281005859373 103.0
   vertex 1.7191997070312501 -2.071658203125 103.0
  endloop
 endfacet
 facet normal 0.0 0.0 1.0
  outer loop
   vertex 1.8012503662109376 -2.0102720947265627 103.0
   vertex 1.7844276123046876 -1.9885123291015625 103.0
   vertex 1.7078529052734375 -2.0459281005859373 103.0
  endloop
 endfacet
 facet normal 0.0 0.0 1.0
  outer loop
   vertex 1.7844276123046876 -1.9885123291015625 103.0
   vertex 1.6996395263671875 -2.0236343994140626 103.0
   vertex 1.7078529052734375 -2.0459281005859373 103.0
  endloop
 endfacet
 facet normal 0.0 0.0 1.0
  outer loop
   vertex 1.7844276123046876 -1.9885123291015625 103.0
   vertex 1.7688428955078126 -1.971072021484375 103.0
   vertex 1.6996395263671875 -2.0236343994140626 103.0
  endloop
 endfacet
 facet normal 0.0 0.0 1.0
  outer loop
   vertex 1.7688428955078126 -1.971072021484375 103.0
   vertex 1.694064697265625 -2.0042548828125 103.0
   vertex 1.6996395263671875 -2.0236343994140626 103.0
  endloop
 endfacet
 facet normal 0.0 0.0 1.0
  outer loop
   vertex 1.7688428955078126 -1.971072021484375 103.0
   vertex 1.7543563232421875 -1.95741357421875 103.0
   vertex 1.694064697265625 -2.0042548828125 103.0
  endloop
 endfacet
 facet normal 0.0 0.0 1.0
  outer loop
   vertex 1.7543563232421875 -1.95741357421875 103.0
   vertex 1.6908876953125 -1.988215087890625 103.0
   vertex 1.694064697265625 -2.0042548828125 103.0
  endloop
 endfacet
 facet normal 0.0 0.0 1.0
  outer loop
   vertex 1.7543563232421875 -1.95741357421875 103.0
   vertex 1.7429879150390626 -1.9486832275390626 103.0
   vertex 1.6908876953125 -1.988215087890625 103.0
  endloop
 endfacet
 facet normal 0.0 0.0 1.0
  outer loop
   vertex 1.7429879150390626 -1.9486832275390626 103.0
   vertex 1.68965185546875 -1.9748115234375 103.0
   vertex 1.6908876953125 -1.988215087890625 103.0
  endloop
 endfacet
 facet normal 0.0 0.0 1.0
  outer loop
   vertex 1.7429879150390626 -1.9486832275390626 103.0
   vertex 1.7317470703125 -1.9420903320312501 103.0
   vertex 1.68965185546875 -1.9748115234375 103.0
  endloop
 endfacet
 facet normal 0.0 0.0 1.0
  outer loop
   vertex 1.7317470703125 -1.9420903320312501 103.0
   vertex 1.6900386962890626 -1.9636778564453126 103.0
   vertex 1.68965185546875 -1.9748115234375 103.0
  endloop
 endfacet
 facet normal 0.0 0.0 1.0
  outer loop
   vertex 1.7317470703125 -1.9420903320312501 103.0
   vertex 1.7244323730468751 -1.9390987548828125 103.0
   vertex 1.6900386962890626 -1.9636778564453126 103.0
  endloop
 endfacet
 facet normal 0.0 0.0 1.0
  outer loop
   vertex 1.7244323730468751 -1.9390987548828125 103.0
   vertex 1.69139453125 -1.9563741455078125 103.0
   vertex 1.6900386962890626 -1.9636778564453126 103.0
  endloop
 endfacet
 facet normal 0.0 0.0 1.0
  outer loop
   vertex 1.7244323730468751 -1.9390987548828125 103.0
   vertex 1.716568359375 -1.937537109375 103.0
   vertex 1.69139453125 -1.9563741455078125 103.0
  endloop
 endfacet
 facet normal 0.0 0.0 1.0
  outer loop
   vertex 1.69139453125 -1.9563741455078125 103.0
   vertex 1.716568359375 -1.937537109375 103.0
   vertex 1.69339111328125 -1.9510086669921876 103.0
  endloop
 endfacet
 facet normal 0.0 0.0 1.0
  outer loop
   vertex 1.716568359375 -1.937537109375 103.0
   vertex 1.6959610595703125 -1.9465672607421876 103.0
   vertex 1.69339111328125 -1.9510086669921876 103.0
  endloop
 endfacet
 facet normal 0.0 0.0 1.0
  outer loop
   vertex 1.716568359375 -1.937537109375 103.0
   vertex 1.709564208984375 -1.9378111572265626 103.0
   vertex 1.6959610595703125 -1.9465672607421876 103.0
  endloop
 endfacet
 facet normal 0.0 0.0 1.0
  outer loop
   vertex 1.709564208984375 -1.9378111572265626 103.0
   vertex 1.6983687744140625 -1.9436325683593751 103.0
   vertex 1.6959610595703125 -1.9465672607421876 103.0
  endloop
 endfacet
 facet normal 0.0 0.0 1.0
  outer loop
   vertex 1.709564208984375 -1.9378111572265626 103.0
   vertex 1.7047620849609375 -1.9391796875 103.0
   vertex 1.6983687744140625 -1.9436325683593751 103.0
  endloop
 endfacet
 facet normal 0.0 0.0 1.0
  outer loop
   vertex 1.7047620849609375 -1.9391796875 103.0
   vertex 1.7011796875 -1.9411826171875 103.0
   vertex 1.6983687744140625 -1.9436325683593751 103.0
  endloop
 endfacet
 facet normal 0.0 0.0 -1.0
  outer loop
   vertex 1.896995849609375 -2.184558837890625 103.0
   vertex 1.9102180175781251 -2.182947998046875 103.0
   vertex 1.9115390625 -2.188288818359375 103.0
  endloop
 endfacet
 facet normal 0.0 0.0 -1.0
  outer loop
   vertex 1.896995849609375 -2.184558837890625 103.0
   vertex 1.9115390625 -2.188288818359375 103.0
   vertex 1.912365234375 -2.193728271484375 103.0
  endloop
 endfacet
 facet normal 0.0 0.0 -1.0
  outer loop
   vertex 1.896995849609375 -2.184558837890625 103.0
   vertex 1.912365234375 -2.193728271484375 103.0
   vertex 1.9126898193359376 -2.199220458984375 103.0
  endloop
 endfacet
 facet normal 0.0 0.0 -1.0
  outer loop
   vertex 1.896995849609375 -2.184558837890625 103.0
   vertex 1.9126898193359376 -2.199220458984375 103.0
   vertex 1.9125098876953126 -2.20471923828125 103.0
  endloop
 endfacet
 facet normal 0.0 0.0 -1.0
  outer loop
   vertex 1.896995849609375 -2.184558837890625 103.0
   vertex 1.9125098876953126 -2.20471923828125 103.0
   vertex 1.9118271484375 -2.210178466796875 103.0
  endloop
 endfacet
 facet normal 0.0 0.0 -1.0
  outer loop
   vertex 1.896995849609375 -2.184558837890625 103.0
   vertex 1.9118271484375 -2.210178466796875 103.0
   vertex 1.9106470947265626 -2.21555224609375 103.0
  endloop
 endfacet
 facet normal 0.0 -0.0 -1.0
  outer loop
   vertex 1.908413330078125 -2.1777507324218752 103.0
   vertex 1.9102180175781251 -2.182947998046875 103.0
   vertex 1.896995849609375 -2.184558837890625 103.0
  endloop
 endfacet
 facet normal 0.0 -0.0 -1.0
  outer loop
   vertex 1.90614013671875 -2.172740478515625 103.0
   vertex 1.908413330078125 -2.1777507324218752 103.0
   vertex 1.896995849609375 -2.184558837890625 103.0
  endloop
 endfacet
 facet normal 0.0 -0.0 -1.0
  outer loop
   vertex 1.90341748046875 -2.167959716796875 103.0
   vertex 1.90614013671875 -2.172740478515625 103.0
   vertex 1.896995849609375 -2.184558837890625 103.0
  endloop
 endfacet
 facet normal 0.0 0.0 -1.0
  outer loop
   vertex 1.88819677734375 -2.165307861328125 103.0
   vertex 1.9002684326171875 -2.1634482421875 103.0
   vertex 1.90341748046875 -2.167959716796875 103.0
  endloop
 endfacet
 facet normal 0.0 0.0 -1.0
  outer loop
   vertex 1.88819677734375 -2.165307861328125 103.0
   vertex 1.90341748046875 -2.167959716796875 103.0
   vertex 1.896995849609375 -2.184558837890625 103.0
  endloop
 endfacet
 facet normal 0.0 -0.0 -1.0
  outer loop
   vertex 1.8967193603515626 -2.1592441406250003 103.0
   vertex 1.9002684326171875 -2.1634482421875 103.0
   vertex 1.88819677734375 -2.165307861328125 103.0
  endloop
 endfacet
 facet normal 0.0 -0.0 -1.0
  outer loop
   vertex 1.8928001708984374 -2.155383056640625 103.0
   vertex 1.8967193603515626 -2.1592441406250003 103.0
   vertex 1.88819677734375 -2.165307861328125 103.0
  endloop
 endfacet
 facet normal 0.0 -0.0 -1.0
  outer loop
   vertex 1.888543701171875 -2.15189697265625 103.0
   vertex 1.8928001708984374 -2.155383056640625 103.0
   vertex 1.88819677734375 -2.165307861328125 103.0
  endloop
 endfacet
 facet normal 0.0 0.0 -1.0
  outer loop
   vertex 1.8839858398437501 -2.1488154296875 103.0
   vertex 1.888543701171875 -2.15189697265625 103.0
   vertex 1.88819677734375 -2.165307861328125 103.0
  endloop
 endfacet
 facet normal 0.0 0.0 -1.0
  outer loop
   vertex 1.8791649169921876 -2.14616455078125 103.0
   vertex 1.8839858398437501 -2.1488154296875 103.0
   vertex 1.88819677734375 -2.165307861328125 103.0
  endloop
 endfacet
 facet normal 0.5565896034240723 -0.8307875990867615 0.0
  outer loop
   vertex 0.38494119262695314 -2.8752998046875002 106.9
   vertex 0.3962540588378906 -2.8677207031250003 106.9
   vertex 0.38494119262695314 -2.8752998046875002 106.93
  endloop
 endfacet
 facet normal 0.5565896034240723 -0.8307875990867615 -3.7935827812418665e-09
  outer loop
   vertex 0.38494119262695314 -2.8752998046875002 106.93
   vertex 0.3962540588378906 -2.8677207031250003 106.9
   vertex 0.3962540588378906 -2.8677207031250003 106.93
  endloop
 endfacet
 facet normal 0.47895607352256775 -0.8778388500213623 0.0
  outer loop
   vertex 0.3962540588378906 -2.8677207031250003 106.93
   vertex 0.3962540588378906 -2.8677207031250003 106.9
   vertex 0.40820764160156253 -2.86119873046875 106.93
  endloop
 endfacet
 facet normal 0.47895607352256775 -0.8778388500213623 5.945702152843069e-09
  outer loop
   vertex 0.3962540588378906 -2.8677207031250003 106.9
   vertex 0.40820764160156253 -2.86119873046875 106.9
   vertex 0.40820764160156253 -2.86119873046875 106.93
  endloop
 endfacet
 facet normal 0.39736300706863403 -0.9176614880561829 3.5382574647968568e-09
  outer loop
   vertex 0.40820764160156253 -2.86119873046875 106.93
   vertex 0.42070343017578127 -2.855787841796875 106.9
   vertex 0.42070343017578127 -2.855787841796875 106.93
  endloop
 endfacet
 facet normal 0.3125200867652893 -0.9499111175537109 0.0
  outer loop
   vertex 0.42070343017578127 -2.855787841796875 106.93
   vertex 0.42070343017578127 -2.855787841796875 106.9
   vertex 0.43363845825195313 -2.8515322265625 106.93
  endloop
 endfacet
 facet normal 0.39736300706863403 -0.9176614880561829 0.0
  outer loop
   vertex 0.40820764160156253 -2.86119873046875 106.9
   vertex 0.42070343017578127 -2.855787841796875 106.9
   vertex 0.40820764160156253 -2.86119873046875 106.93
  endloop
 endfacet
 facet normal 0.3125200867652893 -0.9499111175537109 3.3740863436548807e-09
  outer loop
   vertex 0.42070343017578127 -2.855787841796875 106.9
   vertex 0.43363845825195313 -2.8515322265625 106.9
   vertex 0.43363845825195313 -2.8515322265625 106.93
  endloop
 endfacet
 facet normal 0.22508160769939423 -0.9743399024009705 -2.1521309179206582e-09
  outer loop
   vertex 0.43363845825195313 -2.8515322265625 106.93
   vertex 0.4469060668945313 -2.84846728515625 106.9
   vertex 0.4469060668945313 -2.84846728515625 106.93
  endloop
 endfacet
 facet normal 0.22508160769939423 -0.9743399024009705 0.0
  outer loop
   vertex 0.43363845825195313 -2.8515322265625 106.9
   vertex 0.4469060668945313 -2.84846728515625 106.9
   vertex 0.43363845825195313 -2.8515322265625 106.93
  endloop
 endfacet
 facet normal 0.13579463958740234 -0.9907370209693909 1.8238375254497896e-09
  outer loop
   vertex 0.4469060668945313 -2.84846728515625 106.93
   vertex 0.46039697265625 -2.8466181640625 106.9
   vertex 0.46039697265625 -2.8466181640625 106.93
  endloop
 endfacet
 facet normal 0.13579463958740234 -0.9907370209693909 0.0
  outer loop
   vertex 0.4469060668945313 -2.84846728515625 106.9
   vertex 0.46039697265625 -2.8466181640625 106.9
   vertex 0.4469060668945313 -2.84846728515625 106.93
  endloop
 endfacet
 facet normal 0.04539627209305763 -0.9989690184593201 -1.1672537381102188e-09
  outer loop
   vertex 0.46039697265625 -2.8466181640625 106.93
   vertex 0.47400000000000003 -2.846 106.9
   vertex 0.47400000000000003 -2.846 106.93
  endloop
 endfacet
 facet normal 0.04539627209305763 -0.9989690184593201 0.0
  outer loop
   vertex 0.46039697265625 -2.8466181640625 106.9
   vertex 0.47400000000000003 -2.846 106.9
   vertex 0.46039697265625 -2.8466181640625 106.93
  endloop
 endfacet
 facet normal -0.04539627209305763 -0.9989690184593201 1.1672537381102188e-09
  outer loop
   vertex 0.47400000000000003 -2.846 106.93
   vertex 0.48760302734375 -2.8466181640625 106.9
   vertex 0.48760302734375 -2.8466181640625 106.93
  endloop
 endfacet
 facet normal -0.04539627209305763 -0.9989690184593201 0.0
  outer loop
   vertex 0.47400000000000003 -2.846 106.9
   vertex 0.48760302734375 -2.8466181640625 106.9
   vertex 0.47400000000000003 -2.846 106.93
  endloop
 endfacet
 facet normal -0.13579463958740234 -0.9907370209693909 -1.8238375254497896e-09
  outer loop
   vertex 0.48760302734375 -2.8466181640625 106.93
   vertex 0.5010939331054688 -2.84846728515625 106.9
   vertex 0.5010939331054688 -2.84846728515625 106.93
  endloop
 endfacet
 facet normal -0.13579463958740234 -0.9907370209693909 0.0
  outer loop
   vertex 0.48760302734375 -2.8466181640625 106.9
   vertex 0.5010939331054688 -2.84846728515625 106.9
   vertex 0.48760302734375 -2.8466181640625 106.93
  endloop
 endfacet
 facet normal -0.22508111596107483 -0.97434002161026 -2.699277024120761e-09
  outer loop
   vertex 0.5010939331054688 -2.84846728515625 106.93
   vertex 0.514361572265625 -2.8515322265625 106.9
   vertex 0.514361572265625 -2.8515322265625 106.93
  endloop
 endfacet
 facet normal -0.22508111596107483 -0.97434002161026 0.0
  outer loop
   vertex 0.5010939331054688 -2.84846728515625 106.9
   vertex 0.514361572265625 -2.8515322265625 106.9
   vertex 0.5010939331054688 -2.84846728515625 106.93
  endloop
 endfacet
 facet normal -0.3125207722187042 -0.9499109387397766 -2.9546116664391775e-09
  outer loop
   vertex 0.514361572265625 -2.8515322265625 106.93
   vertex 0.5272965698242188 -2.855787841796875 106.9
   vertex 0.5272965698242188 -2.855787841796875 106.93
  endloop
 endfacet
 facet normal -0.3125207722187042 -0.9499109387397766 0.0
  outer loop
   vertex 0.514361572265625 -2.8515322265625 106.9
   vertex 0.5272965698242188 -2.855787841796875 106.9
   vertex 0.514361572265625 -2.8515322265625 106.93
  endloop
 endfacet
 facet normal -0.39736300706863403 -0.9176614880561829 -3.5382574647968568e-09
  outer loop
   vertex 0.5272965698242188 -2.855787841796875 106.93
   vertex 0.5397923583984375 -2.86119873046875 106.9
   vertex 0.5397923583984375 -2.86119873046875 106.93
  endloop
 endfacet
 facet normal -0.47895702719688416 -0.8778383731842041 -0.0
  outer loop
   vertex 0.5397923583984375 -2.86119873046875 106.93
   vertex 0.5397923583984375 -2.86119873046875 106.9
   vertex 0.5517459106445313 -2.8677207031250003 106.93
  endloop
 endfacet
 facet normal -0.39736300706863403 -0.9176614880561829 0.0
  outer loop
   vertex 0.5272965698242188 -2.855787841796875 106.9
   vertex 0.5397923583984375 -2.86119873046875 106.9
   vertex 0.5272965698242188 -2.855787841796875 106.93
  endloop
 endfacet
 facet normal -0.47895702719688416 -0.8778383731842041 -4.304259615395267e-09
  outer loop
   vertex 0.5397923583984375 -2.86119873046875 106.9
   vertex 0.5517459106445313 -2.8677207031250003 106.9
   vertex 0.5517459106445313 -2.8677207031250003 106.93
  endloop
 endfacet
 facet normal -0.5565875172615051 -0.8307889699935913 -8.024856334998276e-09
  outer loop
   vertex 0.5517459106445313 -2.8677207031250003 106.93
   vertex 0.563058837890625 -2.8752998046875002 106.9
   vertex 0.563058837890625 -2.8752998046875002 106.93
  endloop
 endfacet
 facet normal -0.5565875172615051 -0.8307889699935913 0.0
  outer loop
   vertex 0.5517459106445313 -2.8677207031250003 106.9
   vertex 0.563058837890625 -2.8752998046875002 106.9
   vertex 0.5517459106445313 -2.8677207031250003 106.93
  endloop
 endfacet
 facet normal -0.9802729487419128 0.19764873385429382 7.290638313861564e-05
  outer loop
   vertex 1.8816728515625 -2.207774658203125 106.93
   vertex 1.8823974609375 -2.20422509765625 107.05
   vertex 1.8824174804687501 -2.20408154296875 106.93
  endloop
 endfacet
 facet normal -0.9797927141189575 0.20001545548439026 0.0
  outer loop
   vertex 1.8816728515625 -2.207774658203125 107.05
   vertex 1.8823974609375 -2.20422509765625 107.05
   vertex 1.8816728515625 -2.207774658203125 106.93
  endloop
 endfacet
 facet normal -0.9973152875900269 0.0732271745800972 0.00014046674186829478
  outer loop
   vertex 1.8824174804687501 -2.20408154296875 106.93
   vertex 1.8826889648437501 -2.2006142578125 107.05
   vertex 1.882693359375 -2.20032421875 106.93
  endloop
 endfacet
 facet normal -0.9967571496963501 0.08046843111515045 -7.002492202445865e-05
  outer loop
   vertex 1.8823974609375 -2.20422509765625 107.05
   vertex 1.8826889648437501 -2.2006142578125 107.05
   vertex 1.8824174804687501 -2.20408154296875 106.93
  endloop
 endfacet
 facet normal -0.9986298680305481 -0.05232924222946167 0.00020154178491793573
  outer loop
   vertex 1.882693359375 -2.20032421875 106.93
   vertex 1.8825430908203125 -2.1969943847656253 107.05
   vertex 1.8824962158203125 -2.19656201171875 106.93
  endloop
 endfacet
 facet normal -0.999189019203186 -0.04026542231440544 -0.00013391260290518403
  outer loop
   vertex 1.8826889648437501 -2.2006142578125 107.05
   vertex 1.8825430908203125 -2.1969943847656253 107.05
   vertex 1.882693359375 -2.20032421875 106.93
  endloop
 endfacet
 facet normal -0.9841984510421753 -0.17706888914108276 0.00025602930691093206
  outer loop
   vertex 1.8824962158203125 -2.19656201171875 106.93
   vertex 1.8819619140625001 -2.193418701171875 107.05
   vertex 1.8818291015625 -2.19285400390625 106.93
  endloop
 endfacet
 facet normal -0.9870471358299255 -0.16043055057525635 -0.0001924833923112601
  outer loop
   vertex 1.8825430908203125 -2.1969943847656253 107.05
   vertex 1.8819619140625001 -2.193418701171875 107.05
   vertex 1.8824962158203125 -2.19656201171875 106.93
  endloop
 endfacet
 facet normal -0.9542317390441895 -0.2990682125091553 0.00030702297226525843
  outer loop
   vertex 1.8818291015625 -2.19285400390625 106.93
   vertex 1.8809541015625 -2.18993896484375 107.05
   vertex 1.880702392578125 -2.189259033203125 106.93
  endloop
 endfacet
 facet normal -0.9605258703231812 -0.27819061279296875 -0.00024603030760772526
  outer loop
   vertex 1.8819619140625001 -2.193418701171875 107.05
   vertex 1.8809541015625 -2.18993896484375 107.05
   vertex 1.8818291015625 -2.19285400390625 106.93
  endloop
 endfacet
 facet normal -0.9092456698417664 -0.41625967621803284 0.0003496960271149874
  outer loop
   vertex 1.880702392578125 -2.189259033203125 106.93
   vertex 1.8795340576171875 -2.186606201171875 107.05
   vertex 1.8791341552734375 -2.18583349609375 106.93
  endloop
 endfacet
 facet normal -0.9199708700180054 -0.3919866979122162 -0.00029132692725397646
  outer loop
   vertex 1.8809541015625 -2.18993896484375 107.05
   vertex 1.8795340576171875 -2.186606201171875 107.05
   vertex 1.880702392578125 -2.189259033203125 106.93
  endloop
 endfacet
 facet normal -0.8498968482017517 -0.5269489884376526 0.00038813191349618137
  outer loop
   vertex 1.8791341552734375 -2.18583349609375 106.93
   vertex 1.8777227783203125 -2.18346875 107.05
   vertex 1.8771489257812501 -2.182631591796875 106.93
  endloop
 endfacet
 facet normal -0.866040825843811 -0.4999732971191406 -0.0003333345812279731
  outer loop
   vertex 1.8795340576171875 -2.186606201171875 107.05
   vertex 1.8777227783203125 -2.18346875 107.05
   vertex 1.8791341552734375 -2.18583349609375 106.93
  endloop
 endfacet
 facet normal -0.7771278619766235 -0.6293426752090454 0.00042075361125171185
  outer loop
   vertex 1.8771489257812501 -2.182631591796875 106.93
   vertex 1.87554638671875 -2.180572509765625 107.05
   vertex 1.8747779541015626 -2.1797038574218752 106.93
  endloop
 endfacet
 facet normal -0.7994415760040283 -0.6007436513900757 -0.0003679657238535583
  outer loop
   vertex 1.8777227783203125 -2.18346875 107.05
   vertex 1.87554638671875 -2.180572509765625 107.05
   vertex 1.8771489257812501 -2.182631591796875 106.93
  endloop
 endfacet
 facet normal -0.692144513130188 -0.7217587828636169 0.0004465628007892519
  outer loop
   vertex 1.8747779541015626 -2.1797038574218752 106.93
   vertex 1.873036865234375 -2.1779599609375 107.05
   vertex 1.8720587158203126 -2.17709619140625 106.93
  endloop
 endfacet
 facet normal -0.7211838960647583 -0.6927435994148254 -0.000396434566937387
  outer loop
   vertex 1.87554638671875 -2.180572509765625 107.05
   vertex 1.873036865234375 -2.1779599609375 107.05
   vertex 1.8747779541015626 -2.1797038574218752 106.93
  endloop
 endfacet
 facet normal -0.5962451696395874 -0.8028022646903992 0.0004671202623285353
  outer loop
   vertex 1.8720587158203126 -2.17709619140625 106.93
   vertex 1.870230712890625 -2.175668701171875 107.05
   vertex 1.8690341796875 -2.174849853515625 106.93
  endloop
 endfacet
 facet normal -0.6324630975723267 -0.7745903730392456 -0.00042020122054964304
  outer loop
   vertex 1.873036865234375 -2.1779599609375 107.05
   vertex 1.870230712890625 -2.175668701171875 107.05
   vertex 1.8720587158203126 -2.17709619140625 106.93
  endloop
 endfacet
 facet normal -0.49088871479034424 -0.871222198009491 0.0004820731992367655
  outer loop
   vertex 1.8690341796875 -2.174849853515625 106.93
   vertex 1.8671688232421875 -2.173732421875 107.05
   vertex 1.865751953125 -2.17300048828125 106.93
  endloop
 endfacet
 facet normal -0.5344771146774292 -0.8451828360557556 -0.0004379693418741226
  outer loop
   vertex 1.870230712890625 -2.175668701171875 107.05
   vertex 1.8671688232421875 -2.173732421875 107.05
   vertex 1.8690341796875 -2.174849853515625 106.93
  endloop
 endfacet
 facet normal -0.37786179780960083 -0.9258618354797363 0.0004902734071947634
  outer loop
   vertex 1.865751953125 -2.17300048828125 106.93
   vertex 1.8638958740234375 -2.172179443359375 107.05
   vertex 1.8622637939453126 -2.171576904296875 106.93
  endloop
 endfacet
 facet normal -0.42868009209632874 -0.9034562706947327 -0.00044904978130944073
  outer loop
   vertex 1.8671688232421875 -2.173732421875 107.05
   vertex 1.8638958740234375 -2.172179443359375 107.05
   vertex 1.865751953125 -2.17300048828125 106.93
  endloop
 endfacet
 facet normal -0.25882405042648315 -0.9659243822097778 0.000492894439958036
  outer loop
   vertex 1.8622637939453126 -2.171576904296875 106.93
   vertex 1.8604595947265625 -2.1710322265625 107.05
   vertex 1.8586247558593751 -2.170601806640625 106.93
  endloop
 endfacet
 facet normal -0.3166724741458893 -0.9485348463058472 -0.0004557868523988873
  outer loop
   vertex 1.8638958740234375 -2.172179443359375 107.05
   vertex 1.8604595947265625 -2.1710322265625 107.05
   vertex 1.8622637939453126 -2.171576904296875 106.93
  endloop
 endfacet
 facet normal -0.13569876551628113 -0.9907500147819519 0.0004899929626844823
  outer loop
   vertex 1.8586247558593751 -2.170601806640625 106.93
   vertex 1.85691015625 -2.1703076171875 107.05
   vertex 1.8548922119140625 -2.170090576171875 106.93
  endloop
 endfacet
 facet normal -0.20002204179763794 -0.9797912836074829 -0.00045594549737870693
  outer loop
   vertex 1.8604595947265625 -2.1710322265625 107.05
   vertex 1.85691015625 -2.1703076171875 107.05
   vertex 1.8586247558593751 -2.170601806640625 106.93
  endloop
 endfacet
 facet normal -0.010433311574161053 -0.9999454617500305 0.0004819864989258349
  outer loop
   vertex 1.8548922119140625 -2.170090576171875 106.93
   vertex 1.8532991943359376 -2.17001611328125 107.05
   vertex 1.8511250000000001 -2.17005126953125 106.93
  endloop
 endfacet
 facet normal -0.08046571910381317 -0.9967572689056396 -0.00044968226575292647
  outer loop
   vertex 1.85691015625 -2.1703076171875 107.05
   vertex 1.8532991943359376 -2.17001611328125 107.05
   vertex 1.8548922119140625 -2.170090576171875 106.93
  endloop
 endfacet
 facet normal 0.11489342153072357 -0.9933777451515198 0.0004666095192078501
  outer loop
   vertex 1.8511250000000001 -2.17005126953125 106.93
   vertex 1.8496793212890625 -2.170162109375 107.05
   vertex 1.8473824462890625 -2.170484130859375 106.93
  endloop
 endfacet
 facet normal 0.04029906168580055 -0.9991875886917114 -0.000437419192166999
  outer loop
   vertex 1.8532991943359376 -2.17001611328125 107.05
   vertex 1.8496793212890625 -2.170162109375 107.05
   vertex 1.8511250000000001 -2.17005126953125 106.93
  endloop
 endfacet
 facet normal 0.23853863775730133 -0.9711328148841858 0.0004457467293832451
  outer loop
   vertex 1.8473824462890625 -2.170484130859375 106.93
   vertex 1.8461036376953126 -2.1707431640625 107.05
   vertex 1.8437237548828125 -2.1713828125 106.93
  endloop
 endfacet
 facet normal 0.1603976935148239 -0.987052321434021 -0.00042134488467127085
  outer loop
   vertex 1.8496793212890625 -2.170162109375 107.05
   vertex 1.8461036376953126 -2.1707431640625 107.05
   vertex 1.8473824462890625 -2.170484130859375 106.93
  endloop
 endfacet
 facet normal 0.3583710193634033 -0.9335792064666748 0.00042037764796987176
  outer loop
   vertex 1.8437237548828125 -2.1713828125 106.93
   vertex 1.8426239013671875 -2.1717509765625 107.05
   vertex 1.8402066650390625 -2.1727329101562503 106.93
  endloop
 endfacet
 facet normal 0.27819061279296875 -0.9605258703231812 -0.0003971848636865616
  outer loop
   vertex 1.8461036376953126 -2.1707431640625 107.05
   vertex 1.8426239013671875 -2.1717509765625 107.05
   vertex 1.8437237548828125 -2.1713828125 106.93
  endloop
 endfacet
 facet normal 0.4725378155708313 -0.8813102841377258 0.0003884811303578317
  outer loop
   vertex 1.8402066650390625 -2.1727329101562503 106.93
   vertex 1.8392911376953125 -2.1731708984375 107.05
   vertex 1.8368863525390626 -2.17451318359375 106.93
  endloop
 endfacet
 facet normal 0.3919581472873688 -0.91998291015625 -0.0003674444742500782
  outer loop
   vertex 1.8426239013671875 -2.1717509765625 107.05
   vertex 1.8392911376953125 -2.1731708984375 107.05
   vertex 1.8402066650390625 -2.1727329101562503 106.93
  endloop
 endfacet
 facet normal 0.5792779326438904 -0.8151300549507141 0.00034939206670969725
  outer loop
   vertex 1.8368863525390626 -2.17451318359375 106.93
   vertex 1.8361536865234376 -2.1749824218750002 107.05
   vertex 1.8338154296875 -2.176695556640625 106.93
  endloop
 endfacet
 facet normal 0.5000238418579102 -0.8660116195678711 -0.00033346115378662944
  outer loop
   vertex 1.8392911376953125 -2.1731708984375 107.05
   vertex 1.8361536865234376 -2.1749824218750002 107.05
   vertex 1.8368863525390626 -2.17451318359375 106.93
  endloop
 endfacet
 facet normal 0.6769062876701355 -0.7360691428184509 0.0003060050366912037
  outer loop
   vertex 1.8338154296875 -2.176695556640625 106.93
   vertex 1.833257568359375 -2.17715869140625 107.05
   vertex 1.8310422363281251 -2.179245849609375 106.93
  endloop
 endfacet
 facet normal 0.6007383465766907 -0.7994456887245178 -0.0002926861634477973
  outer loop
   vertex 1.8361536865234376 -2.1749824218750002 107.05
   vertex 1.833257568359375 -2.17715869140625 107.05
   vertex 1.8338154296875 -2.176695556640625 106.93
  endloop
 endfacet
 facet normal 0.7637781500816345 -0.6454787254333496 0.00025710207410156727
  outer loop
   vertex 1.8310422363281251 -2.179245849609375 106.93
   vertex 1.8306448974609375 -2.179668212890625 107.05
   vertex 1.8286104736328126 -2.182123291015625 106.93
  endloop
 endfacet
 facet normal 0.692726731300354 -0.7212000489234924 -0.0002446766011416912
  outer loop
   vertex 1.833257568359375 -2.17715869140625 107.05
   vertex 1.8306448974609375 -2.179668212890625 107.05
   vertex 1.8310422363281251 -2.179245849609375 106.93
  endloop
 endfacet
 facet normal 0.8386744856834412 -0.5446329712867737 0.00020077316730748862
  outer loop
   vertex 1.8286104736328126 -2.182123291015625 106.93
   vertex 1.828353759765625 -2.182474365234375 107.05
   vertex 1.82655859375 -2.185282958984375 106.93
  endloop
 endfacet
 facet normal 0.7746070027351379 -0.6324429512023926 -0.00019318409613333642
  outer loop
   vertex 1.8306448974609375 -2.179668212890625 107.05
   vertex 1.828353759765625 -2.182474365234375 107.05
   vertex 1.8286104736328126 -2.182123291015625 106.93
  endloop
 endfacet
 facet normal 0.8451924920082092 -0.5344619750976562 -0.0001347867219010368
  outer loop
   vertex 1.828353759765625 -2.182474365234375 107.05
   vertex 1.82641748046875 -2.185536376953125 107.05
   vertex 1.82655859375 -2.185282958984375 106.93
  endloop
 endfacet
 facet normal 0.9003223180770874 -0.4352238178253174 0.0001396158040734008
  outer loop
   vertex 1.82655859375 -2.185282958984375 106.93
   vertex 1.82641748046875 -2.185536376953125 107.05
   vertex 1.8249189453125 -2.1886748046875 106.93
  endloop
 endfacet
 facet normal 0.9034563302993774 -0.4286801218986511 -7.0662958023604e-05
  outer loop
   vertex 1.82641748046875 -2.185536376953125 107.05
   vertex 1.824864501953125 -2.188809326171875 107.05
   vertex 1.8249189453125 -2.1886748046875 106.93
  endloop
 endfacet
 facet normal 0.9477656483650208 -0.31896770000457764 7.242948049679399e-05
  outer loop
   vertex 1.8249189453125 -2.1886748046875 106.93
   vertex 1.824864501953125 -2.188809326171875 107.05
   vertex 1.82371728515625 -2.192245361328125 106.93
  endloop
 endfacet
 facet normal 0.9485281705856323 -0.3166927397251129 -2.7423410764448874e-10
  outer loop
   vertex 1.824864501953125 -2.188809326171875 107.05
   vertex 1.82371728515625 -2.192245361328125 107.05
   vertex 1.82371728515625 -2.192245361328125 106.93
  endloop
 endfacet
 facet normal 0.9797927141189575 -0.20001545548439026 0.0
  outer loop
   vertex 1.82371728515625 -2.192245361328125 107.05
   vertex 1.82299267578125 -2.195794921875 107.05
   vertex 1.82371728515625 -2.192245361328125 106.93
  endloop
 endfacet
 facet normal 0.9802729487419128 -0.19764873385429382 7.290638313861564e-05
  outer loop
   vertex 1.82371728515625 -2.192245361328125 106.93
   vertex 1.82299267578125 -2.195794921875 107.05
   vertex 1.82297265625 -2.1959384765625 106.93
  endloop
 endfacet
 facet normal 0.9967575669288635 -0.08046302199363708 -7.00314631103538e-05
  outer loop
   vertex 1.82299267578125 -2.195794921875 107.05
   vertex 1.8227011718750001 -2.199406005859375 107.05
   vertex 1.82297265625 -2.1959384765625 106.93
  endloop
 endfacet
 facet normal 0.9973129034042358 -0.07325940579175949 0.00013938109623268247
  outer loop
   vertex 1.82297265625 -2.1959384765625 106.93
   vertex 1.8227011718750001 -2.199406005859375 107.05
   vertex 1.8226966552734376 -2.19969580078125 106.93
  endloop
 endfacet
 facet normal 0.9991888999938965 0.04026813432574272 -0.0001348536607110873
  outer loop
   vertex 1.8227011718750001 -2.199406005859375 107.05
   vertex 1.8228470458984376 -2.203025634765625 107.05
   vertex 1.8226966552734376 -2.19969580078125 106.93
  endloop
 endfacet
 facet normal 0.9986300468444824 0.05232585594058037 0.00020043172116857022
  outer loop
   vertex 1.8226966552734376 -2.19969580078125 106.93
   vertex 1.8228470458984376 -2.203025634765625 107.05
   vertex 1.822893798828125 -2.203458251953125 106.93
  endloop
 endfacet
 facet normal 0.987054169178009 0.1603870391845703 -0.00019365429761819541
  outer loop
   vertex 1.8228470458984376 -2.203025634765625 107.05
   vertex 1.8234281005859376 -2.2066015625 107.05
   vertex 1.822893798828125 -2.203458251953125 106.93
  endloop
 endfacet
 facet normal 0.9841907024383545 0.17711156606674194 0.00025718178949318826
  outer loop
   vertex 1.822893798828125 -2.203458251953125 106.93
   vertex 1.8234281005859376 -2.2066015625 107.05
   vertex 1.8235610351562501 -2.207166015625 106.93
  endloop
 endfacet
 facet normal 0.9542409777641296 0.29903870820999146 0.00030684718512929976
  outer loop
   vertex 1.8235610351562501 -2.207166015625 106.93
   vertex 1.82443603515625 -2.210081298828125 107.05
   vertex 1.8246876220703125 -2.210760986328125 106.93
  endloop
 endfacet
 facet normal 0.9605168700218201 0.2782216966152191 -0.00024464342277497053
  outer loop
   vertex 1.8234281005859376 -2.2066015625 107.05
   vertex 1.82443603515625 -2.210081298828125 107.05
   vertex 1.8235610351562501 -2.207166015625 106.93
  endloop
 endfacet
 facet normal 0.9092333912849426 0.4162864685058594 0.0003512543917167932
  outer loop
   vertex 1.8246876220703125 -2.210760986328125 106.93
   vertex 1.82585595703125 -2.2134140625 107.05
   vertex 1.8262559814453125 -2.2141865234375 106.93
  endloop
 endfacet
 facet normal 0.9199829697608948 0.39195817708969116 -0.0002912782074417919
  outer loop
   vertex 1.82443603515625 -2.210081298828125 107.05
   vertex 1.82585595703125 -2.2134140625 107.05
   vertex 1.8246876220703125 -2.210760986328125 106.93
  endloop
 endfacet
 facet normal 0.8498968482017517 0.5269489884376526 0.00038813191349618137
  outer loop
   vertex 1.8262559814453125 -2.2141865234375 106.93
   vertex 1.8276673583984375 -2.21655126953125 107.05
   vertex 1.8282412109375001 -2.217388427734375 106.93
  endloop
 endfacet
 facet normal 0.8660093545913696 0.5000277161598206 -0.00033189187524840236
  outer loop
   vertex 1.82585595703125 -2.2134140625 107.05
   vertex 1.8276673583984375 -2.21655126953125 107.05
   vertex 1.8262559814453125 -2.2141865234375 106.93
  endloop
 endfacet
 facet normal 0.7771535515785217 0.6293109655380249 0.0004206575977150351
  outer loop
   vertex 1.8282412109375001 -2.217388427734375 106.93
   vertex 1.8298436279296875 -2.219447509765625 107.05
   vertex 1.8306121826171875 -2.2203164062500003 106.93
  endloop
 endfacet
 facet normal 0.7994577884674072 0.6007221341133118 -0.00036773813189938664
  outer loop
   vertex 1.8276673583984375 -2.21655126953125 107.05
   vertex 1.8298436279296875 -2.219447509765625 107.05
   vertex 1.8282412109375001 -2.217388427734375 106.93
  endloop
 endfacet
 facet normal 0.6921269297599792 0.7217755913734436 0.0004477660986594856
  outer loop
   vertex 1.8306121826171875 -2.2203164062500003 106.93
   vertex 1.8323531494140626 -2.222060302734375 107.05
   vertex 1.833331298828125 -2.222923828125 106.93
  endloop
 endfacet
 facet normal 0.7212162613868713 0.6927099227905273 -0.0003966592194046825
  outer loop
   vertex 1.8298436279296875 -2.219447509765625 107.05
   vertex 1.8323531494140626 -2.222060302734375 107.05
   vertex 1.8306121826171875 -2.2203164062500003 106.93
  endloop
 endfacet
 facet normal 0.5962451696395874 0.8028022646903992 0.000466513738501817
  outer loop
   vertex 1.833331298828125 -2.222923828125 106.93
   vertex 1.835159423828125 -2.224351318359375 107.05
   vertex 1.8363558349609375 -2.225170166015625 106.93
  endloop
 endfacet
 facet normal 0.6324061155319214 0.7746368646621704 -0.0004194242355879396
  outer loop
   vertex 1.8323531494140626 -2.222060302734375 107.05
   vertex 1.835159423828125 -2.224351318359375 107.05
   vertex 1.833331298828125 -2.222923828125 106.93
  endloop
 endfacet
 facet normal 0.49088871479034424 0.871222198009491 0.00048157383571378887
  outer loop
   vertex 1.8363558349609375 -2.225170166015625 106.93
   vertex 1.8382213134765626 -2.22628759765625 107.05
   vertex 1.8396380615234376 -2.22701953125 106.93
  endloop
 endfacet
 facet normal 0.5344771146774292 0.8451828360557556 -0.00043851337977685034
  outer loop
   vertex 1.835159423828125 -2.224351318359375 107.05
   vertex 1.8382213134765626 -2.22628759765625 107.05
   vertex 1.8363558349609375 -2.225170166015625 106.93
  endloop
 endfacet
 facet normal 0.37786179780960083 0.9258618354797363 0.0004902734071947634
  outer loop
   vertex 1.8396380615234376 -2.22701953125 106.93
   vertex 1.841494140625 -2.227840576171875 107.05
   vertex 1.843126220703125 -2.228443115234375 106.93
  endloop
 endfacet
 facet normal 0.42869311571121216 0.903450071811676 -0.0004492939042393118
  outer loop
   vertex 1.8382213134765626 -2.22628759765625 107.05
   vertex 1.841494140625 -2.227840576171875 107.05
   vertex 1.8396380615234376 -2.22701953125 106.93
  endloop
 endfacet
 facet normal 0.25882405042648315 0.9659243822097778 0.000492894439958036
  outer loop
   vertex 1.843126220703125 -2.228443115234375 106.93
   vertex 1.844930419921875 -2.22898779296875 107.05
   vertex 1.8467652587890626 -2.229418212890625 106.93
  endloop
 endfacet
 facet normal 0.3166724741458893 0.9485348463058472 -0.0004557868523988873
  outer loop
   vertex 1.841494140625 -2.227840576171875 107.05
   vertex 1.844930419921875 -2.22898779296875 107.05
   vertex 1.843126220703125 -2.228443115234375 106.93
  endloop
 endfacet
 facet normal 0.13569441437721252 0.9907506704330444 0.0004899185732938349
  outer loop
   vertex 1.8467652587890626 -2.229418212890625 106.93
   vertex 1.84847998046875 -2.22971240234375 107.05
   vertex 1.8504979248046876 -2.2299294433593753 106.93
  endloop
 endfacet
 facet normal 0.20001544058322906 0.9797926545143127 -0.0004560513189062476
  outer loop
   vertex 1.844930419921875 -2.22898779296875 107.05
   vertex 1.84847998046875 -2.22971240234375 107.05
   vertex 1.8467652587890626 -2.229418212890625 106.93
  endloop
 endfacet
 facet normal 0.010498108342289925 0.999944806098938 0.0004811258986592293
  outer loop
   vertex 1.8504979248046876 -2.2299294433593753 106.93
   vertex 1.8520909423828125 -2.23000390625 107.05
   vertex 1.85426513671875 -2.229968994140625 106.93
  endloop
 endfacet
 facet normal 0.08046571910381317 0.9967572689056396 -0.00044968226575292647
  outer loop
   vertex 1.84847998046875 -2.22971240234375 107.05
   vertex 1.8520909423828125 -2.23000390625 107.05
   vertex 1.8504979248046876 -2.2299294433593753 106.93
  endloop
 endfacet
 facet normal -0.11496106535196304 0.9933698773384094 0.0004673147341236472
  outer loop
   vertex 1.85426513671875 -2.229968994140625 106.93
   vertex 1.855710693359375 -2.229858154296875 107.05
   vertex 1.858007568359375 -2.229535888671875 106.93
  endloop
 endfacet
 facet normal -0.04023313522338867 0.9991902112960815 -0.0004382568004075438
  outer loop
   vertex 1.8520909423828125 -2.23000390625 107.05
   vertex 1.855710693359375 -2.229858154296875 107.05
   vertex 1.85426513671875 -2.229968994140625 106.93
  endloop
 endfacet
 facet normal -0.23853863775730133 0.9711328148841858 0.0004459893680177629
  outer loop
   vertex 1.858007568359375 -2.229535888671875 106.93
   vertex 1.8592864990234375 -2.22927685546875 107.05
   vertex 1.861666259765625 -2.22863720703125 106.93
  endloop
 endfacet
 facet normal -0.1604580283164978 0.9870426058769226 -0.0004205176664981991
  outer loop
   vertex 1.855710693359375 -2.229858154296875 107.05
   vertex 1.8592864990234375 -2.22927685546875 107.05
   vertex 1.858007568359375 -2.229535888671875 106.93
  endloop
 endfacet
 facet normal -0.3583601415157318 0.9335832595825195 0.00042026551091112196
  outer loop
   vertex 1.861666259765625 -2.22863720703125 106.93
   vertex 1.86276611328125 -2.22826904296875 107.05
   vertex 1.8651834716796876 -2.227287109375 106.93
  endloop
 endfacet
 facet normal -0.27819961309432983 0.960523247718811 -0.0003970943216700107
  outer loop
   vertex 1.8592864990234375 -2.22927685546875 107.05
   vertex 1.86276611328125 -2.22826904296875 107.05
   vertex 1.861666259765625 -2.22863720703125 106.93
  endloop
 endfacet
 facet normal -0.4725513160228729 0.8813030123710632 0.0003886103513650596
  outer loop
   vertex 1.8651834716796876 -2.227287109375 106.93
   vertex 1.8660989990234376 -2.22684912109375 107.05
   vertex 1.8685036621093751 -2.2255068359375 106.93
  endloop
 endfacet
 facet normal -0.391946017742157 0.9199881553649902 -0.0003675560874398798
  outer loop
   vertex 1.86276611328125 -2.22826904296875 107.05
   vertex 1.8660989990234376 -2.22684912109375 107.05
   vertex 1.8651834716796876 -2.227287109375 106.93
  endloop
 endfacet
 facet normal -0.5792626142501831 0.8151408433914185 0.0003509142843540758
  outer loop
   vertex 1.8685036621093751 -2.2255068359375 106.93
   vertex 1.869236328125 -2.2250378417968752 107.05
   vertex 1.87157470703125 -2.2233244628906252 106.93
  endloop
 endfacet
 facet normal -0.4999878406524658 0.8660323619842529 -0.0003319997922517359
  outer loop
   vertex 1.8660989990234376 -2.22684912109375 107.05
   vertex 1.869236328125 -2.2250378417968752 107.05
   vertex 1.8685036621093751 -2.2255068359375 106.93
  endloop
 endfacet
 facet normal -0.6768711805343628 0.7361014485359192 0.00030502863228321075
  outer loop
   vertex 1.87157470703125 -2.2233244628906252 106.93
   vertex 1.8721324462890625 -2.222861328125 107.05
   vertex 1.874347900390625 -2.2207744140625 106.93
  endloop
 endfacet
 facet normal -0.6007813811302185 0.79941326379776 -0.0002929728361777961
  outer loop
   vertex 1.869236328125 -2.2250378417968752 107.05
   vertex 1.8721324462890625 -2.222861328125 107.05
   vertex 1.87157470703125 -2.2233244628906252 106.93
  endloop
 endfacet
 facet normal -0.7638211250305176 0.6454278826713562 0.0002561100700404495
  outer loop
   vertex 1.874347900390625 -2.2207744140625 106.93
   vertex 1.8747452392578126 -2.220351806640625 107.05
   vertex 1.876779541015625 -2.2178967285156252 106.93
  endloop
 endfacet
 facet normal -0.6927099227905273 0.7212162613868713 -0.0002462560951244086
  outer loop
   vertex 1.8721324462890625 -2.222861328125 107.05
   vertex 1.8747452392578126 -2.220351806640625 107.05
   vertex 1.874347900390625 -2.2207744140625 106.93
  endloop
 endfacet
 facet normal -0.8386744856834412 0.5446329712867737 0.0002016263169934973
  outer loop
   vertex 1.876779541015625 -2.2178967285156252 106.93
   vertex 1.877036376953125 -2.2175456542968752 107.05
   vertex 1.8788314208984376 -2.214737060546875 106.93
  endloop
 endfacet
 facet normal -0.7746070027351379 0.6324429512023926 -0.00019239544053561985
  outer loop
   vertex 1.8747452392578126 -2.220351806640625 107.05
   vertex 1.877036376953125 -2.2175456542968752 107.05
   vertex 1.876779541015625 -2.2178967285156252 106.93
  endloop
 endfacet
 facet normal -0.9003096222877502 0.43525007367134094 0.00014043092960491776
  outer loop
   vertex 1.8788314208984376 -2.214737060546875 106.93
   vertex 1.8789725341796875 -2.21448388671875 107.05
   vertex 1.88047119140625 -2.21134521484375 106.93
  endloop
 endfacet
 facet normal -0.845188558101654 0.5344683527946472 -0.00013371747627388686
  outer loop
   vertex 1.877036376953125 -2.2175456542968752 107.05
   vertex 1.8789725341796875 -2.21448388671875 107.05
   vertex 1.8788314208984376 -2.214737060546875 106.93
  endloop
 endfacet
 facet normal -0.9034432768821716 0.42870762944221497 -6.982653576415032e-05
  outer loop
   vertex 1.8789725341796875 -2.21448388671875 107.05
   vertex 1.880525634765625 -2.2112109375 107.05
   vertex 1.88047119140625 -2.21134521484375 106.93
  endloop
 endfacet
 facet normal -0.9477656483650208 0.31896770000457764 7.3078423156403e-05
  outer loop
   vertex 1.88047119140625 -2.21134521484375 106.93
   vertex 1.880525634765625 -2.2112109375 107.05
   vertex 1.8816728515625 -2.207774658203125 106.93
  endloop
 endfacet
 facet normal -0.9485349059104919 0.31667250394821167 1.3710828306034983e-10
  outer loop
   vertex 1.880525634765625 -2.2112109375 107.05
   vertex 1.8816728515625 -2.207774658203125 107.05
   vertex 1.8816728515625 -2.207774658203125 106.93
  endloop
 endfacet
 facet normal -0.9802739024162292 0.1976439654827118 7.29009771021083e-05
  outer loop
   vertex 0.502977783203125 -4.5957446289062505 106.93
   vertex 0.5037024230957031 -4.59219482421875 107.05
   vertex 0.5037224426269531 -4.59205126953125 106.93
  endloop
 endfacet
 facet normal -0.9797937870025635 0.20001034438610077 0.0
  outer loop
   vertex 0.502977783203125 -4.5957446289062505 107.05
   vertex 0.5037024230957031 -4.59219482421875 107.05
   vertex 0.502977783203125 -4.5957446289062505 106.93
  endloop
 endfacet
 facet normal -0.9973146915435791 0.07323523610830307 0.0001402326306561008
  outer loop
   vertex 0.5037224426269531 -4.59205126953125 106.93
   vertex 0.5039939270019531 -4.588583984375 107.05
   vertex 0.5039983520507813 -4.5882939453125005 106.93
  endloop
 endfacet
 facet normal -0.9967571496963501 0.08046843111515045 -7.002492202445865e-05
  outer loop
   vertex 0.5037024230957031 -4.59219482421875 107.05
   vertex 0.5039939270019531 -4.588583984375 107.05
   vertex 0.5037224426269531 -4.59205126953125 106.93
  endloop
 endfacet
 facet normal -0.9986293911933899 -0.052337318658828735 0.00020140611741226166
  outer loop
   vertex 0.5039983520507813 -4.5882939453125005 106.93
   vertex 0.5038480529785156 -4.58496435546875 107.05
   vertex 0.5038011779785156 -4.5845317382812505 106.93
  endloop
 endfacet
 facet normal -0.9991888999938965 -0.04026813432574272 -0.00013417325681075454
  outer loop
   vertex 0.5039939270019531 -4.588583984375 107.05
   vertex 0.5038480529785156 -4.58496435546875 107.05
   vertex 0.5039983520507813 -4.5882939453125005 106.93
  endloop
 endfacet
 facet normal -0.9841970205307007 -0.17707672715187073 0.00025613154866732657
  outer loop
   vertex 0.5038011779785156 -4.5845317382812505 106.93
   vertex 0.5032669067382812 -4.581388671875 107.05
   vertex 0.503134033203125 -4.58082373046875 106.93
  endloop
 endfacet
 facet normal -0.9870484471321106 -0.16042234003543854 -0.00019277968385722488
  outer loop
   vertex 0.5038480529785156 -4.58496435546875 107.05
   vertex 0.5032669067382812 -4.581388671875 107.05
   vertex 0.5038011779785156 -4.5845317382812505 106.93
  endloop
 endfacet
 facet normal -0.9542328715324402 -0.299064576625824 0.0003069266094826162
  outer loop
   vertex 0.503134033203125 -4.58082373046875 106.93
   vertex 0.502259033203125 -4.57790869140625 107.05
   vertex 0.5020074157714843 -4.57722900390625 106.93
  endloop
 endfacet
 facet normal -0.9605265855789185 -0.27818813920021057 -0.0002460953255649656
  outer loop
   vertex 0.5032669067382812 -4.581388671875 107.05
   vertex 0.502259033203125 -4.57790869140625 107.05
   vertex 0.503134033203125 -4.58082373046875 106.93
  endloop
 endfacet
 facet normal -0.9092507362365723 -0.41624853014945984 0.00034916846198029816
  outer loop
   vertex 0.5020074157714843 -4.57722900390625 106.93
   vertex 0.5008390502929687 -4.574576171875 107.05
   vertex 0.5004391174316406 -4.57380322265625 106.93
  endloop
 endfacet
 facet normal -0.9199665784835815 -0.39199674129486084 -0.00029129721224308014
  outer loop
   vertex 0.502259033203125 -4.57790869140625 107.05
   vertex 0.5008390502929687 -4.574576171875 107.05
   vertex 0.5020074157714843 -4.57722900390625 106.93
  endloop
 endfacet
 facet normal -0.8498715758323669 -0.5269896984100342 0.0003887984494213015
  outer loop
   vertex 0.5004391174316406 -4.57380322265625 106.93
   vertex 0.4990276794433594 -4.5714384765625 107.05
   vertex 0.4984538269042969 -4.5706015625 106.93
  endloop
 endfacet
 facet normal -0.866046667098999 -0.49996304512023926 -0.0003340460534673184
  outer loop
   vertex 0.5008390502929687 -4.574576171875 107.05
   vertex 0.4990276794433594 -4.5714384765625 107.05
   vertex 0.5004391174316406 -4.57380322265625 106.93
  endloop
 endfacet
 facet normal -0.7771357893943787 -0.6293329000473022 0.00042107232729904354
  outer loop
   vertex 0.4984538269042969 -4.5706015625 106.93
   vertex 0.4968513793945313 -4.56854248046875 107.05
   vertex 0.49608291625976564 -4.567673828125 106.93
  endloop
 endfacet
 facet normal -0.7994294166564941 -0.6007598638534546 -0.0003669148136395961
  outer loop
   vertex 0.4990276794433594 -4.5714384765625 107.05
   vertex 0.4968513793945313 -4.56854248046875 107.05
   vertex 0.4984538269042969 -4.5706015625 106.93
  endloop
 endfacet
 facet normal -0.6921863555908203 -0.7217186689376831 0.0004468407132662833
  outer loop
   vertex 0.49608291625976564 -4.567673828125 106.93
   vertex 0.49434182739257815 -4.5659296875 107.05
   vertex 0.49336373901367186 -4.5650659179687505 106.93
  endloop
 endfacet
 facet normal -0.7212120294570923 -0.6927143335342407 -0.0003958586312364787
  outer loop
   vertex 0.4968513793945313 -4.56854248046875 107.05
   vertex 0.49434182739257815 -4.5659296875 107.05
   vertex 0.49608291625976564 -4.567673828125 106.93
  endloop
 endfacet
 facet normal -0.5961995720863342 -0.8028361797332764 0.0004662824503611773
  outer loop
   vertex 0.49336373901367186 -4.5650659179687505 106.93
   vertex 0.4915356750488281 -4.563638671875 107.05
   vertex 0.4903391723632813 -4.56281982421875 106.93
  endloop
 endfacet
 facet normal -0.6324226260185242 -0.7746233940124512 -0.0004210906336084008
  outer loop
   vertex 0.49434182739257815 -4.5659296875 107.05
   vertex 0.4915356750488281 -4.563638671875 107.05
   vertex 0.49336373901367186 -4.5650659179687505 106.93
  endloop
 endfacet
 facet normal -0.4909379184246063 -0.8711944818496704 0.00048269814578816295
  outer loop
   vertex 0.4903391723632813 -4.56281982421875 106.93
   vertex 0.48847378540039066 -4.5617021484375 107.05
   vertex 0.48705694580078124 -4.56097021484375 106.93
  endloop
 endfacet
 facet normal -0.5345252752304077 -0.8451523780822754 -0.00043741779518313706
  outer loop
   vertex 0.4915356750488281 -4.563638671875 107.05
   vertex 0.48847378540039066 -4.5617021484375 107.05
   vertex 0.4903391723632813 -4.56281982421875 106.93
  endloop
 endfacet
 facet normal -0.37780624628067017 -0.9258845448493958 0.0004893078585155308
  outer loop
   vertex 0.48705694580078124 -4.56097021484375 106.93
   vertex 0.4852008361816406 -4.5601494140625 107.05
   vertex 0.48356878662109376 -4.559546875 106.93
  endloop
 endfacet
 facet normal -0.42862507700920105 -0.9034823179244995 -0.00044996768701821566
  outer loop
   vertex 0.48847378540039066 -4.5617021484375 107.05
   vertex 0.4852008361816406 -4.5601494140625 107.05
   vertex 0.48705694580078124 -4.56097021484375 106.93
  endloop
 endfacet
 facet normal -0.2588220238685608 -0.9659249186515808 0.0004948269343003631
  outer loop
   vertex 0.48356878662109376 -4.559546875 106.93
   vertex 0.48176455688476566 -4.559001953125 107.05
   vertex 0.4799297180175781 -4.55857177734375 106.93
  endloop
 endfacet
 facet normal -0.31673312187194824 -0.9485145807266235 -0.00045494132791645825
  outer loop
   vertex 0.4852008361816406 -4.5601494140625 107.05
   vertex 0.48176455688476566 -4.559001953125 107.05
   vertex 0.48356878662109376 -4.559546875 106.93
  endloop
 endfacet
 facet normal -0.13569767773151398 -0.9907501935958862 0.0004919901257380843
  outer loop
   vertex 0.4799297180175781 -4.55857177734375 106.93
   vertex 0.478215087890625 -4.55827734375 107.05
   vertex 0.4761971435546875 -4.558060546875 106.93
  endloop
 endfacet
 facet normal -0.20002040266990662 -0.9797916412353516 -0.0004539785732049495
  outer loop
   vertex 0.48176455688476566 -4.559001953125 107.05
   vertex 0.478215087890625 -4.55827734375 107.05
   vertex 0.4799297180175781 -4.55857177734375 106.93
  endloop
 endfacet
 facet normal -0.010498108342289925 -0.999944806098938 0.0004831602855119854
  outer loop
   vertex 0.4761971435546875 -4.558060546875 106.93
   vertex 0.4746041259765625 -4.5579858398437505 107.05
   vertex 0.472429931640625 -4.55802099609375 106.93
  endloop
 endfacet
 facet normal -0.08046571910381317 -0.9967572689056396 -0.0004476543690543622
  outer loop
   vertex 0.478215087890625 -4.55827734375 107.05
   vertex 0.4746041259765625 -4.5579858398437505 107.05
   vertex 0.4761971435546875 -4.558060546875 106.93
  endloop
 endfacet
 facet normal 0.11496014147996902 -0.993369996547699 0.0004673327202908695
  outer loop
   vertex 0.472429931640625 -4.55802099609375 106.93
   vertex 0.4709843444824219 -4.5581318359375 107.05
   vertex 0.4686874694824219 -4.5584541015625 106.93
  endloop
 endfacet
 facet normal 0.04030007869005203 -0.9991875290870667 -0.0004374376148916781
  outer loop
   vertex 0.4746041259765625 -4.5579858398437505 107.05
   vertex 0.4709843444824219 -4.5581318359375 107.05
   vertex 0.472429931640625 -4.55802099609375 106.93
  endloop
 endfacet
 facet normal 0.23847752809524536 -0.971147894859314 0.0004472814325708896
  outer loop
   vertex 0.4686874694824219 -4.5584541015625 106.93
   vertex 0.46740853881835936 -4.558712890625 107.05
   vertex 0.4650287780761719 -4.5593525390625 106.93
  endloop
 endfacet
 facet normal 0.16039235889911652 -0.9870532751083374 -0.00041923229582607746
  outer loop
   vertex 0.4709843444824219 -4.5581318359375 107.05
   vertex 0.46740853881835936 -4.558712890625 107.05
   vertex 0.4686874694824219 -4.5584541015625 106.93
  endloop
 endfacet
 facet normal 0.3583601415157318 -0.9335832595825195 0.0004204477882012725
  outer loop
   vertex 0.4650287780761719 -4.5593525390625 106.93
   vertex 0.46392886352539064 -4.559720703125 107.05
   vertex 0.46151156616210937 -4.56070263671875 106.93
  endloop
 endfacet
 facet normal 0.2781951129436493 -0.9605244994163513 -0.00039699807530269027
  outer loop
   vertex 0.46740853881835936 -4.558712890625 107.05
   vertex 0.46392886352539064 -4.559720703125 107.05
   vertex 0.4650287780761719 -4.5593525390625 106.93
  endloop
 endfacet
 facet normal 0.4725445806980133 -0.8813067078590393 0.00038854574086144567
  outer loop
   vertex 0.46151156616210937 -4.56070263671875 106.93
   vertex 0.46059603881835937 -4.561140625 107.05
   vertex 0.45819131469726565 -4.56248291015625 106.93
  endloop
 endfacet
 facet normal 0.3919520974159241 -0.9199855923652649 -0.0003675005864351988
  outer loop
   vertex 0.46392886352539064 -4.559720703125 107.05
   vertex 0.46059603881835937 -4.561140625 107.05
   vertex 0.46151156616210937 -4.56070263671875 106.93
  endloop
 endfacet
 facet normal 0.5793209671974182 -0.8150994181632996 0.00034962728386744857
  outer loop
   vertex 0.45819131469726565 -4.56248291015625 106.93
   vertex 0.45745867919921873 -4.5629521484375 107.05
   vertex 0.45512039184570313 -4.56466552734375 106.93
  endloop
 endfacet
 facet normal 0.5000348091125488 -0.8660053014755249 -0.00033349666045978665
  outer loop
   vertex 0.46059603881835937 -4.561140625 107.05
   vertex 0.45745867919921873 -4.5629521484375 107.05
   vertex 0.45819131469726565 -4.56248291015625 106.93
  endloop
 endfacet
 facet normal 0.6769062876701355 -0.7360691428184509 0.0003075026907026768
  outer loop
   vertex 0.45512039184570313 -4.56466552734375 106.93
   vertex 0.4545625305175781 -4.56512841796875 107.05
   vertex 0.45234719848632815 -4.5672158203125 106.93
  endloop
 endfacet
 facet normal 0.600734293460846 -0.7994487285614014 -0.0002910910116042942
  outer loop
   vertex 0.45745867919921873 -4.5629521484375 107.05
   vertex 0.4545625305175781 -4.56512841796875 107.05
   vertex 0.45512039184570313 -4.56466552734375 106.93
  endloop
 endfacet
 facet normal 0.7637822031974792 -0.6454740166664124 0.00025732614449225366
  outer loop
   vertex 0.45234719848632815 -4.5672158203125 106.93
   vertex 0.4519498291015625 -4.5676381835937505 107.05
   vertex 0.44991546630859375 -4.57009326171875 106.93
  endloop
 endfacet
 facet normal 0.6927576065063477 -0.7211704850196838 -0.0002442937402520329
  outer loop
   vertex 0.4545625305175781 -4.56512841796875 107.05
   vertex 0.4519498291015625 -4.5676381835937505 107.05
   vertex 0.45234719848632815 -4.5672158203125 106.93
  endloop
 endfacet
 facet normal 0.8386744856834412 -0.5446329712867737 0.00020141302957199514
  outer loop
   vertex 0.44991546630859375 -4.57009326171875 106.93
   vertex 0.4496586608886719 -4.5704443359375 107.05
   vertex 0.4478635864257813 -4.5732529296875 106.93
  endloop
 endfacet
 facet normal 0.7746028304100037 -0.6324480175971985 -0.00019261694978922606
  outer loop
   vertex 0.4519498291015625 -4.5676381835937505 107.05
   vertex 0.4496586608886719 -4.5704443359375 107.05
   vertex 0.44991546630859375 -4.57009326171875 106.93
  endloop
 endfacet
 facet normal 0.8452001810073853 -0.5344499349594116 -0.00013453731662593782
  outer loop
   vertex 0.4496586608886719 -4.5704443359375 107.05
   vertex 0.44772244262695315 -4.5735063476562505 107.05
   vertex 0.4478635864257813 -4.5732529296875 106.93
  endloop
 endfacet
 facet normal 0.9003036618232727 -0.4352623522281647 0.00013974150351714343
  outer loop
   vertex 0.4478635864257813 -4.5732529296875 106.93
   vertex 0.44772244262695315 -4.5735063476562505 107.05
   vertex 0.446223876953125 -4.57664453125 106.93
  endloop
 endfacet
 facet normal 0.9034531116485596 -0.4286870062351227 -7.154380000429228e-05
  outer loop
   vertex 0.44772244262695315 -4.5735063476562505 107.05
   vertex 0.44616943359375 -4.576779296875 107.05
   vertex 0.446223876953125 -4.57664453125 106.93
  endloop
 endfacet
 facet normal 0.947772204875946 -0.31894809007644653 7.180553075158969e-05
  outer loop
   vertex 0.446223876953125 -4.57664453125 106.93
   vertex 0.44616943359375 -4.576779296875 107.05
   vertex 0.44502221679687504 -4.58021533203125 106.93
  endloop
 endfacet
 facet normal 0.9485281705856323 -0.3166927397251129 -2.7423410764448874e-10
  outer loop
   vertex 0.44616943359375 -4.576779296875 107.05
   vertex 0.44502221679687504 -4.58021533203125 107.05
   vertex 0.44502221679687504 -4.58021533203125 106.93
  endloop
 endfacet
 facet normal 0.9797883629798889 -0.20003676414489746 0.0
  outer loop
   vertex 0.44502221679687504 -4.58021533203125 107.05
   vertex 0.4442975769042969 -4.5837646484375005 107.05
   vertex 0.44502221679687504 -4.58021533203125 106.93
  endloop
 endfacet
 facet normal 0.9802687764167786 -0.19766907393932343 7.293183443835005e-05
  outer loop
   vertex 0.44502221679687504 -4.58021533203125 106.93
   vertex 0.4442975769042969 -4.5837646484375005 107.05
   vertex 0.44427755737304686 -4.5839082031250005 106.93
  endloop
 endfacet
 facet normal 0.996757984161377 -0.08045762032270432 -7.003800419624895e-05
  outer loop
   vertex 0.4442975769042969 -4.5837646484375005 107.05
   vertex 0.4440060729980469 -4.5873759765625 107.05
   vertex 0.44427755737304686 -4.5839082031250005 106.93
  endloop
 endfacet
 facet normal 0.9973146915435791 -0.07323523610830307 0.00013993453467264771
  outer loop
   vertex 0.44427755737304686 -4.5839082031250005 106.93
   vertex 0.4440060729980469 -4.5873759765625 107.05
   vertex 0.44400164794921876 -4.58766552734375 106.93
  endloop
 endfacet
 facet normal 0.9991888999938965 0.04026813432574272 -0.00013400941679719836
  outer loop
   vertex 0.4440060729980469 -4.5873759765625 107.05
   vertex 0.44415194702148436 -4.59099560546875 107.05
   vertex 0.44400164794921876 -4.58766552734375 106.93
  endloop
 endfacet
 facet normal 0.9986297488212585 0.05233054608106613 0.00020143063738942146
  outer loop
   vertex 0.44400164794921876 -4.58766552734375 106.93
   vertex 0.44415194702148436 -4.59099560546875 107.05
   vertex 0.44419882202148436 -4.59142822265625 106.93
  endloop
 endfacet
 facet normal 0.9870484471321106 0.16042234003543854 -0.00019277968385722488
  outer loop
   vertex 0.44415194702148436 -4.59099560546875 107.05
   vertex 0.4447330932617188 -4.5945712890625 107.05
   vertex 0.44419882202148436 -4.59142822265625 106.93
  endloop
 endfacet
 facet normal 0.984192967414856 0.1770993173122406 0.00025674133212305605
  outer loop
   vertex 0.44419882202148436 -4.59142822265625 106.93
   vertex 0.4447330932617188 -4.5945712890625 107.05
   vertex 0.444865966796875 -4.5951357421875 106.93
  endloop
 endfacet
 facet normal 0.9542444944381714 0.29902759194374084 0.0003071602259296924
  outer loop
   vertex 0.444865966796875 -4.5951357421875 106.93
   vertex 0.445740966796875 -4.59805126953125 107.05
   vertex 0.4459925842285156 -4.5987309570312505 106.93
  endloop
 endfacet
 facet normal 0.9605265855789185 0.27818813920021057 -0.00024496339028701186
  outer loop
   vertex 0.4447330932617188 -4.5945712890625 107.05
   vertex 0.445740966796875 -4.59805126953125 107.05
   vertex 0.444865966796875 -4.5951357421875 106.93
  endloop
 endfacet
 facet normal 0.9092283248901367 0.4162976145744324 0.00035047155688516796
  outer loop
   vertex 0.4459925842285156 -4.5987309570312505 106.93
   vertex 0.44716094970703124 -4.6013837890625 107.05
   vertex 0.4475608825683594 -4.60215625 106.93
  endloop
 endfacet
 facet normal 0.9199665784835815 0.39199674129486084 -0.00029129721224308014
  outer loop
   vertex 0.445740966796875 -4.59805126953125 107.05
   vertex 0.44716094970703124 -4.6013837890625 107.05
   vertex 0.4459925842285156 -4.5987309570312505 106.93
  endloop
 endfacet
 facet normal 0.8499075770378113 0.526931643486023 0.00038723129546269774
  outer loop
   vertex 0.4475608825683594 -4.60215625 106.93
   vertex 0.44897232055664066 -4.60452099609375 107.05
   vertex 0.44954617309570316 -4.6053583984375 106.93
  endloop
 endfacet
 facet normal 0.8660129904747009 0.5000213980674744 -0.0003324996505398303
  outer loop
   vertex 0.44716094970703124 -4.6013837890625 107.05
   vertex 0.44897232055664066 -4.60452099609375 107.05
   vertex 0.4475608825683594 -4.60215625 106.93
  endloop
 endfacet
 facet normal 0.7771357893943787 0.6293329000473022 0.00042107232729904354
  outer loop
   vertex 0.44954617309570316 -4.6053583984375 106.93
   vertex 0.4511486206054688 -4.60741748046875 107.05
   vertex 0.45191708374023437 -4.6082861328125 106.93
  endloop
 endfacet
 facet normal 0.7994780540466309 0.6006951332092285 -0.00036867515882477164
  outer loop
   vertex 0.44897232055664066 -4.60452099609375 107.05
   vertex 0.4511486206054688 -4.60741748046875 107.05
   vertex 0.44954617309570316 -4.6053583984375 106.93
  endloop
 endfacet
 facet normal 0.6921188235282898 0.7217833995819092 0.0004487613041419536
  outer loop
   vertex 0.45191708374023437 -4.6082861328125 106.93
   vertex 0.45365817260742186 -4.6100302734375 107.05
   vertex 0.45463626098632814 -4.6108935546875 106.93
  endloop
 endfacet
 facet normal 0.7212120294570923 0.6927143335342407 -0.0003958586312364787
  outer loop
   vertex 0.4511486206054688 -4.60741748046875 107.05
   vertex 0.45365817260742186 -4.6100302734375 107.05
   vertex 0.45191708374023437 -4.6082861328125 106.93
  endloop
 endfacet
 facet normal 0.5962830781936646 0.8027741312980652 0.0004675384552683681
  outer loop
   vertex 0.45463626098632814 -4.6108935546875 106.93
   vertex 0.4564643249511719 -4.6123212890625 107.05
   vertex 0.4576608276367188 -4.61314013671875 106.93
  endloop
 endfacet
 facet normal 0.6324226260185242 0.7746233940124512 -0.00041793868876993656
  outer loop
   vertex 0.45365817260742186 -4.6100302734375 107.05
   vertex 0.4564643249511719 -4.6123212890625 107.05
   vertex 0.45463626098632814 -4.6108935546875 106.93
  endloop
 endfacet
 facet normal 0.49083951115608215 0.8712498545646667 0.00048119851271621883
  outer loop
   vertex 0.4576608276367188 -4.61314013671875 106.93
   vertex 0.4595262145996094 -4.61425732421875 107.05
   vertex 0.46094305419921877 -4.6149892578125 106.93
  endloop
 endfacet
 facet normal 0.5344290137290955 0.8452132940292358 -0.0004387929802760482
  outer loop
   vertex 0.4564643249511719 -4.6123212890625 107.05
   vertex 0.4595262145996094 -4.61425732421875 107.05
   vertex 0.4576608276367188 -4.61314013671875 106.93
  endloop
 endfacet
 facet normal 0.3779173791408539 0.9258392453193665 0.0004910466959699988
  outer loop
   vertex 0.46094305419921877 -4.6149892578125 106.93
   vertex 0.4627991638183594 -4.615810546875 107.05
   vertex 0.46443121337890625 -4.6164130859375 106.93
  endloop
 endfacet
 facet normal 0.42873507738113403 0.903430163860321 -0.0004483501543290913
  outer loop
   vertex 0.4595262145996094 -4.61425732421875 107.05
   vertex 0.4627991638183594 -4.615810546875 107.05
   vertex 0.46094305419921877 -4.6149892578125 106.93
  endloop
 endfacet
 facet normal 0.2588220238685608 0.9659249186515808 0.0004908964619971812
  outer loop
   vertex 0.46443121337890625 -4.6164130859375 106.93
   vertex 0.4662354431152344 -4.61695751953125 107.05
   vertex 0.4680702819824219 -4.61738818359375 106.93
  endloop
 endfacet
 facet normal 0.3166118562221527 0.948555052280426 -0.00045679393224418163
  outer loop
   vertex 0.4627991638183594 -4.615810546875 107.05
   vertex 0.4662354431152344 -4.61695751953125 107.05
   vertex 0.46443121337890625 -4.6164130859375 106.93
  endloop
 endfacet
 facet normal 0.13569767773151398 0.9907501935958862 0.00048795866314321756
  outer loop
   vertex 0.4680702819824219 -4.61738818359375 106.93
   vertex 0.469784912109375 -4.61768212890625 107.05
   vertex 0.4718028564453125 -4.6178994140625 106.93
  endloop
 endfacet
 facet normal 0.20002038776874542 0.9797915816307068 -0.0004579653323162347
  outer loop
   vertex 0.4662354431152344 -4.61695751953125 107.05
   vertex 0.469784912109375 -4.61768212890625 107.05
   vertex 0.4680702819824219 -4.61738818359375 106.93
  endloop
 endfacet
 facet normal 0.010498108342289925 0.999944806098938 0.00047909151180647314
  outer loop
   vertex 0.4718028564453125 -4.6178994140625 106.93
   vertex 0.4733958740234375 -4.6179736328125 107.05
   vertex 0.475570068359375 -4.61793896484375 106.93
  endloop
 endfacet
 facet normal 0.08046571910381317 0.9967572689056396 -0.0004517101915553212
  outer loop
   vertex 0.469784912109375 -4.61768212890625 107.05
   vertex 0.4733958740234375 -4.6179736328125 107.05
   vertex 0.4718028564453125 -4.6178994140625 106.93
  endloop
 endfacet
 facet normal -0.11496014147996902 0.993369996547699 0.0004673327202908695
  outer loop
   vertex 0.475570068359375 -4.61793896484375 106.93
   vertex 0.47701565551757813 -4.617828125 107.05
   vertex 0.47931253051757816 -4.617505859375 106.93
  endloop
 endfacet
 facet normal -0.04016551002860069 0.9991928935050964 -0.0004390636458992958
  outer loop
   vertex 0.4733958740234375 -4.6179736328125 107.05
   vertex 0.47701565551757813 -4.617828125 107.05
   vertex 0.475570068359375 -4.61793896484375 106.93
  endloop
 endfacet
 facet normal -0.2385997623205185 0.9711179137229919 0.0004446973907761276
  outer loop
   vertex 0.47931253051757816 -4.617505859375 106.93
   vertex 0.48059146118164064 -4.6172465820312505 107.05
   vertex 0.48297122192382813 -4.61660693359375 106.93
  endloop
 endfacet
 facet normal -0.1605236828327179 0.9870319366455078 -0.0004218030080664903
  outer loop
   vertex 0.47701565551757813 -4.617828125 107.05
   vertex 0.48059146118164064 -4.6172465820312505 107.05
   vertex 0.47931253051757816 -4.617505859375 106.93
  endloop
 endfacet
 facet normal -0.3583601415157318 0.9335832595825195 0.0004204477882012725
  outer loop
   vertex 0.48297122192382813 -4.61660693359375 106.93
   vertex 0.48407113647460936 -4.61623876953125 107.05
   vertex 0.48648843383789064 -4.6152568359375 106.93
  endloop
 endfacet
 facet normal -0.2781951129436493 0.9605244994163513 -0.00039699807530269027
  outer loop
   vertex 0.48059146118164064 -4.6172465820312505 107.05
   vertex 0.48407113647460936 -4.61623876953125 107.05
   vertex 0.48297122192382813 -4.61660693359375 106.93
  endloop
 endfacet
 facet normal -0.4725445806980133 0.8813067078590393 0.00038854574086144567
  outer loop
   vertex 0.48648843383789064 -4.6152568359375 106.93
   vertex 0.48740396118164064 -4.61481884765625 107.05
   vertex 0.48980868530273436 -4.6134765625 106.93
  endloop
 endfacet
 facet normal -0.3919520974159241 0.9199855923652649 -0.0003675005864351988
  outer loop
   vertex 0.48407113647460936 -4.61623876953125 107.05
   vertex 0.48740396118164064 -4.61481884765625 107.05
   vertex 0.48648843383789064 -4.6152568359375 106.93
  endloop
 endfacet
 facet normal -0.5792348384857178 0.8151606321334839 0.0003521789622027427
  outer loop
   vertex 0.48980868530273436 -4.6134765625 106.93
   vertex 0.4905413208007813 -4.6130078125 107.05
   vertex 0.4928796081542969 -4.61129443359375 106.93
  endloop
 endfacet
 facet normal -0.4999336898326874 0.8660637140274048 -0.000330818525981158
  outer loop
   vertex 0.48740396118164064 -4.61481884765625 107.05
   vertex 0.4905413208007813 -4.6130078125 107.05
   vertex 0.48980868530273436 -4.6134765625 106.93
  endloop
 endfacet
 facet normal -0.6769062876701355 0.7360691428184509 0.0003045076155103743
  outer loop
   vertex 0.4928796081542969 -4.61129443359375 106.93
   vertex 0.4934374694824219 -4.6108310546875 107.05
   vertex 0.49565280151367186 -4.608744140625 106.93
  endloop
 endfacet
 facet normal -0.6008204221725464 0.7993839979171753 -0.0002936931559816003
  outer loop
   vertex 0.4905413208007813 -4.6130078125 107.05
   vertex 0.4934374694824219 -4.6108310546875 107.05
   vertex 0.4928796081542969 -4.61129443359375 106.93
  endloop
 endfacet
 facet normal -0.7637822031974792 0.6454740166664124 0.00025732614449225366
  outer loop
   vertex 0.49565280151367186 -4.608744140625 106.93
   vertex 0.4960501708984375 -4.60832177734375 107.05
   vertex 0.49808453369140626 -4.60586669921875 106.93
  endloop
 endfacet
 facet normal -0.6926875114440918 0.7212377786636353 -0.0002447634469717741
  outer loop
   vertex 0.4934374694824219 -4.6108310546875 107.05
   vertex 0.4960501708984375 -4.60832177734375 107.05
   vertex 0.49565280151367186 -4.608744140625 106.93
  endloop
 endfacet
 facet normal -0.8386744856834412 0.5446329712867737 0.00020141302957199514
  outer loop
   vertex 0.49808453369140626 -4.60586669921875 106.93
   vertex 0.4983413391113281 -4.605515625 107.05
   vertex 0.5001364135742188 -4.6027070312500005 106.93
  endloop
 endfacet
 facet normal -0.7746028304100037 0.6324480175971985 -0.00019261694978922606
  outer loop
   vertex 0.4960501708984375 -4.60832177734375 107.05
   vertex 0.4983413391113281 -4.605515625 107.05
   vertex 0.49808453369140626 -4.60586669921875 106.93
  endloop
 endfacet
 facet normal -0.9003282189369202 0.43521156907081604 0.0001398776366841048
  outer loop
   vertex 0.5001364135742188 -4.6027070312500005 106.93
   vertex 0.5002775573730469 -4.60245361328125 107.05
   vertex 0.501776123046875 -4.59931494140625 106.93
  endloop
 endfacet
 facet normal -0.8452001810073853 0.5344499349594116 -0.00013453731662593782
  outer loop
   vertex 0.4983413391113281 -4.605515625 107.05
   vertex 0.5002775573730469 -4.60245361328125 107.05
   vertex 0.5001364135742188 -4.6027070312500005 106.93
  endloop
 endfacet
 facet normal -0.9034531116485596 0.4286870062351227 -6.979946192586794e-05
  outer loop
   vertex 0.5002775573730469 -4.60245361328125 107.05
   vertex 0.50183056640625 -4.5991806640625 107.05
   vertex 0.501776123046875 -4.59931494140625 106.93
  endloop
 endfacet
 facet normal -0.9477589726448059 0.31898725032806396 7.305350300157443e-05
  outer loop
   vertex 0.501776123046875 -4.59931494140625 106.93
   vertex 0.50183056640625 -4.5991806640625 107.05
   vertex 0.502977783203125 -4.5957446289062505 106.93
  endloop
 endfacet
 facet normal -0.9485281705856323 0.3166927397251129 -2.7423410764448874e-10
  outer loop
   vertex 0.50183056640625 -4.5991806640625 107.05
   vertex 0.502977783203125 -4.5957446289062505 107.05
   vertex 0.502977783203125 -4.5957446289062505 106.93
  endloop
 endfacet
 facet normal -0.980269730091095 0.1976642906665802 7.292588998097926e-05
  outer loop
   vertex -0.87571728515625 -2.207774658203125 106.93
   vertex -0.8749926147460938 -2.20422509765625 107.05
   vertex -0.8749725952148437 -2.20408154296875 106.93
  endloop
 endfacet
 facet normal -0.9797894954681396 0.20003163814544678 0.0
  outer loop
   vertex -0.87571728515625 -2.207774658203125 107.05
   vertex -0.8749926147460938 -2.20422509765625 107.05
   vertex -0.87571728515625 -2.207774658203125 106.93
  endloop
 endfacet
 facet normal -0.9973140358924866 0.07324329018592834 0.00013999853399582207
  outer loop
   vertex -0.8749725952148437 -2.20408154296875 106.93
   vertex -0.8747011108398438 -2.2006142578125 107.05
   vertex -0.8746966552734375 -2.20032421875 106.93
  endloop
 endfacet
 facet normal -0.9967571496963501 0.08046843111515045 -7.002492202445865e-05
  outer loop
   vertex -0.8749926147460938 -2.20422509765625 107.05
   vertex -0.8747011108398438 -2.2006142578125 107.05
   vertex -0.8749725952148437 -2.20408154296875 106.93
  endloop
 endfacet
 facet normal -0.9986289739608765 -0.0523453988134861 0.00020148325711488724
  outer loop
   vertex -0.8746966552734375 -2.20032421875 106.93
   vertex -0.8748469848632813 -2.1969943847656253 107.05
   vertex -0.8748938598632813 -2.19656201171875 106.93
  endloop
 endfacet
 facet normal -0.999189019203186 -0.04026542231440544 -0.00013442082854453474
  outer loop
   vertex -0.8747011108398438 -2.2006142578125 107.05
   vertex -0.8748469848632813 -2.1969943847656253 107.05
   vertex -0.8746966552734375 -2.20032421875 106.93
  endloop
 endfacet
 facet normal -0.9841955900192261 -0.17708458006381989 0.0002569536736700684
  outer loop
   vertex -0.8748938598632813 -2.19656201171875 106.93
   vertex -0.8754281005859376 -2.193418701171875 107.05
   vertex -0.8755610351562501 -2.19285400390625 106.93
  endloop
 endfacet
 facet normal -0.9870497584342957 -0.16041412949562073 -0.00019242320558987558
  outer loop
   vertex -0.8748469848632813 -2.1969943847656253 107.05
   vertex -0.8754281005859376 -2.193418701171875 107.05
   vertex -0.8748938598632813 -2.19656201171875 106.93
  endloop
 endfacet
 facet normal -0.9542409777641296 -0.29903870820999146 0.000306238594930619
  outer loop
   vertex -0.8755610351562501 -2.19285400390625 106.93
   vertex -0.87643603515625 -2.18993896484375 107.05
   vertex -0.8766876220703125 -2.189259033203125 106.93
  endloop
 endfacet
 facet normal -0.9605168700218201 -0.2782216966152191 -0.00024520946317352355
  outer loop
   vertex -0.8754281005859376 -2.193418701171875 107.05
   vertex -0.87643603515625 -2.18993896484375 107.05
   vertex -0.8755610351562501 -2.19285400390625 106.93
  endloop
 endfacet
 facet normal -0.9092395305633545 -0.4162730574607849 0.00034958875039592385
  outer loop
   vertex -0.8766876220703125 -2.189259033203125 106.93
   vertex -0.8778560180664062 -2.186606201171875 107.05
   vertex -0.8782559204101563 -2.18583349609375 106.93
  endloop
 endfacet
 facet normal -0.9199769496917725 -0.39197245240211487 -0.0002921691630035639
  outer loop
   vertex -0.87643603515625 -2.18993896484375 107.05
   vertex -0.8778560180664062 -2.186606201171875 107.05
   vertex -0.8766876220703125 -2.189259033203125 106.93
  endloop
 endfacet
 facet normal -0.8498895764350891 -0.5269606709480286 0.00038801482878625393
  outer loop
   vertex -0.8782559204101563 -2.18583349609375 106.93
   vertex -0.8796673583984376 -2.18346875 107.05
   vertex -0.8802412109375001 -2.182631591796875 106.93
  endloop
 endfacet
 facet normal -0.8660334348678589 -0.4999859035015106 -0.0003334402572363615
  outer loop
   vertex -0.8778560180664062 -2.186606201171875 107.05
   vertex -0.8796673583984376 -2.18346875 107.05
   vertex -0.8782559204101563 -2.18583349609375 106.93
  endloop
 endfacet
 facet normal -0.7771357893943787 -0.6293329000473022 0.0004208747122902423
  outer loop
   vertex -0.8802412109375001 -2.182631591796875 106.93
   vertex -0.8818436889648438 -2.180572509765625 107.05
   vertex -0.8826121215820313 -2.1797038574218752 106.93
  endloop
 endfacet
 facet normal -0.7994496822357178 -0.6007329225540161 -0.00036785195698030293
  outer loop
   vertex -0.8796673583984376 -2.18346875 107.05
   vertex -0.8818436889648438 -2.180572509765625 107.05
   vertex -0.8802412109375001 -2.182631591796875 106.93
  endloop
 endfacet
 facet normal -0.6921526193618774 -0.7217510342597961 0.0004463328223209828
  outer loop
   vertex -0.8826121215820313 -2.1797038574218752 106.93
   vertex -0.8843532104492188 -2.1779599609375 107.05
   vertex -0.885331298828125 -2.17709619140625 106.93
  endloop
 endfacet
 facet normal -0.7211838960647583 -0.6927435994148254 -0.000396434566937387
  outer loop
   vertex -0.8818436889648438 -2.180572509765625 107.05
   vertex -0.8843532104492188 -2.1779599609375 107.05
   vertex -0.8826121215820313 -2.1797038574218752 106.93
  endloop
 endfacet
 facet normal -0.5962451696395874 -0.8028022646903992 0.00046681700041517615
  outer loop
   vertex -0.885331298828125 -2.17709619140625 106.93
   vertex -0.8871593627929688 -2.175668701171875 107.05
   vertex -0.8883558349609375 -2.174849853515625 106.93
  endloop
 endfacet
 facet normal -0.6324630975723267 -0.7745903730392456 -0.00042052316712215543
  outer loop
   vertex -0.8843532104492188 -2.1779599609375 107.05
   vertex -0.8871593627929688 -2.175668701171875 107.05
   vertex -0.885331298828125 -2.17709619140625 106.93
  endloop
 endfacet
 facet normal -0.4908818006515503 -0.8712260723114014 0.00048196755233220756
  outer loop
   vertex -0.8883558349609375 -2.174849853515625 106.93
   vertex -0.8902212524414063 -2.173732421875 107.05
   vertex -0.8916381225585938 -2.17300048828125 106.93
  endloop
 endfacet
 facet normal -0.5344771146774292 -0.8451828360557556 -0.0004382413753774017
  outer loop
   vertex -0.8871593627929688 -2.175668701171875 107.05
   vertex -0.8902212524414063 -2.173732421875 107.05
   vertex -0.8883558349609375 -2.174849853515625 106.93
  endloop
 endfacet
 facet normal -0.37786179780960083 -0.9258618354797363 0.0004902734071947634
  outer loop
   vertex -0.8916381225585938 -2.17300048828125 106.93
   vertex -0.8934942016601563 -2.172179443359375 107.05
   vertex -0.8951262817382812 -2.171576904296875 106.93
  endloop
 endfacet
 facet normal -0.42868009209632874 -0.9034562706947327 -0.00044904978130944073
  outer loop
   vertex -0.8902212524414063 -2.173732421875 107.05
   vertex -0.8934942016601563 -2.172179443359375 107.05
   vertex -0.8916381225585938 -2.17300048828125 106.93
  endloop
 endfacet
 facet normal -0.25882405042648315 -0.9659243822097778 0.000492894439958036
  outer loop
   vertex -0.8951262817382812 -2.171576904296875 106.93
   vertex -0.8969304809570313 -2.1710322265625 107.05
   vertex -0.8987653198242188 -2.170601806640625 106.93
  endloop
 endfacet
 facet normal -0.3166724741458893 -0.9485348463058472 -0.0004557868523988873
  outer loop
   vertex -0.8934942016601563 -2.172179443359375 107.05
   vertex -0.8969304809570313 -2.1710322265625 107.05
   vertex -0.8951262817382812 -2.171576904296875 106.93
  endloop
 endfacet
 facet normal -0.13569876551628113 -0.9907500147819519 0.000489923928398639
  outer loop
   vertex -0.8987653198242188 -2.170601806640625 106.93
   vertex -0.90047998046875 -2.1703076171875 107.05
   vertex -0.9024978637695312 -2.170090576171875 106.93
  endloop
 endfacet
 facet normal -0.2000187486410141 -0.9797919392585754 -0.0004559984081424773
  outer loop
   vertex -0.8969304809570313 -2.1710322265625 107.05
   vertex -0.90047998046875 -2.1703076171875 107.05
   vertex -0.8987653198242188 -2.170601806640625 106.93
  endloop
 endfacet
 facet normal -0.010433143004775047 -0.9999454617500305 0.0004819834721274674
  outer loop
   vertex -0.9024978637695312 -2.170090576171875 106.93
   vertex -0.9040909423828125 -2.17001611328125 107.05
   vertex -0.90626513671875 -2.17005126953125 106.93
  endloop
 endfacet
 facet normal -0.08046571910381317 -0.9967572689056396 -0.00044972327305004
  outer loop
   vertex -0.90047998046875 -2.1703076171875 107.05
   vertex -0.9040909423828125 -2.17001611328125 107.05
   vertex -0.9024978637695312 -2.170090576171875 106.93
  endloop
 endfacet
 facet normal 0.11489712446928024 -0.9933773279190063 0.0004665376036427915
  outer loop
   vertex -0.90626513671875 -2.17005126953125 106.93
   vertex -0.907710693359375 -2.170162109375 107.05
   vertex -0.910007568359375 -2.170484130859375 106.93
  endloop
 endfacet
 facet normal 0.04030041769146919 -0.9991875290870667 -0.00043744375579990447
  outer loop
   vertex -0.9040909423828125 -2.17001611328125 107.05
   vertex -0.907710693359375 -2.170162109375 107.05
   vertex -0.90626513671875 -2.17005126953125 106.93
  endloop
 endfacet
 facet normal 0.23853863775730133 -0.9711328148841858 0.0004459893680177629
  outer loop
   vertex -0.910007568359375 -2.170484130859375 106.93
   vertex -0.9112864990234375 -2.1707431640625 107.05
   vertex -0.913666259765625 -2.1713828125 106.93
  endloop
 endfacet
 facet normal 0.16039235889911652 -0.9870532751083374 -0.0004212404601275921
  outer loop
   vertex -0.907710693359375 -2.170162109375 107.05
   vertex -0.9112864990234375 -2.1707431640625 107.05
   vertex -0.910007568359375 -2.170484130859375 106.93
  endloop
 endfacet
 facet normal 0.3583601415157318 -0.9335832595825195 0.0004204477882012725
  outer loop
   vertex -0.913666259765625 -2.1713828125 106.93
   vertex -0.9147661743164063 -2.1717509765625 107.05
   vertex -0.9171834716796875 -2.1727329101562503 106.93
  endloop
 endfacet
 facet normal 0.2781951129436493 -0.9605244994163513 -0.00039699807530269027
  outer loop
   vertex -0.9112864990234375 -2.1707431640625 107.05
   vertex -0.9147661743164063 -2.1717509765625 107.05
   vertex -0.913666259765625 -2.1713828125 106.93
  endloop
 endfacet
 facet normal 0.4725445806980133 -0.8813067078590393 0.00038854574086144567
  outer loop
   vertex -0.9171834716796875 -2.1727329101562503 106.93
   vertex -0.9180989990234375 -2.1731708984375 107.05
   vertex -0.9205037231445312 -2.17451318359375 106.93
  endloop
 endfacet
 facet normal 0.3919520974159241 -0.9199855923652649 -0.0003675005864351988
  outer loop
   vertex -0.9147661743164063 -2.1717509765625 107.05
   vertex -0.9180989990234375 -2.1731708984375 107.05
   vertex -0.9171834716796875 -2.1727329101562503 106.93
  endloop
 endfacet
 facet normal 0.5792779326438904 -0.8151300549507141 0.00034909744863398373
  outer loop
   vertex -0.9205037231445312 -2.17451318359375 106.93
   vertex -0.921236328125 -2.1749824218750002 107.05
   vertex -0.9235746459960937 -2.176695556640625 106.93
  endloop
 endfacet
 facet normal 0.5000383853912354 -0.866003155708313 -0.00033359331428073347
  outer loop
   vertex -0.9180989990234375 -2.1731708984375 107.05
   vertex -0.921236328125 -2.1749824218750002 107.05
   vertex -0.9205037231445312 -2.17451318359375 106.93
  endloop
 endfacet
 facet normal 0.6769062876701355 -0.7360691428184509 0.0003060050366912037
  outer loop
   vertex -0.9235746459960937 -2.176695556640625 106.93
   vertex -0.9241325073242188 -2.17715869140625 107.05
   vertex -0.9263478393554687 -2.179245849609375 106.93
  endloop
 endfacet
 facet normal 0.600730299949646 -0.7994517683982849 -0.0002927477180492133
  outer loop
   vertex -0.921236328125 -2.1749824218750002 107.05
   vertex -0.9241325073242188 -2.17715869140625 107.05
   vertex -0.9235746459960937 -2.176695556640625 106.93
  endloop
 endfacet
 facet normal 0.7637861371040344 -0.6454693078994751 0.0002571617078501731
  outer loop
   vertex -0.9263478393554687 -2.179245849609375 106.93
   vertex -0.9267451782226562 -2.179668212890625 107.05
   vertex -0.928779541015625 -2.182123291015625 106.93
  endloop
 endfacet
 facet normal 0.692726731300354 -0.7212000489234924 -0.0002446766011416912
  outer loop
   vertex -0.9241325073242188 -2.17715869140625 107.05
   vertex -0.9267451782226562 -2.179668212890625 107.05
   vertex -0.9263478393554687 -2.179245849609375 106.93
  endloop
 endfacet
 facet normal 0.8386744856834412 -0.5446329712867737 0.0002016263169934973
  outer loop
   vertex -0.928779541015625 -2.182123291015625 106.93
   vertex -0.929036376953125 -2.182474365234375 107.05
   vertex -0.9308314208984375 -2.185282958984375 106.93
  endloop
 endfacet
 facet normal 0.7745987176895142 -0.6324530243873596 -0.0001924435782711953
  outer loop
   vertex -0.9267451782226562 -2.179668212890625 107.05
   vertex -0.929036376953125 -2.182474365234375 107.05
   vertex -0.928779541015625 -2.182123291015625 106.93
  endloop
 endfacet
 facet normal 0.8452001810073853 -0.5344499349594116 -0.00013432234118226916
  outer loop
   vertex -0.929036376953125 -2.182474365234375 107.05
   vertex -0.9309725952148438 -2.185536376953125 107.05
   vertex -0.9308314208984375 -2.185282958984375 106.93
  endloop
 endfacet
 facet normal 0.9003159403800964 -0.43523693084716797 0.00014003852265886962
  outer loop
   vertex -0.9308314208984375 -2.185282958984375 106.93
   vertex -0.9309725952148438 -2.185536376953125 107.05
   vertex -0.9324711303710937 -2.1886748046875 106.93
  endloop
 endfacet
 facet normal 0.9034498333930969 -0.42869389057159424 -7.022180943749845e-05
  outer loop
   vertex -0.9309725952148438 -2.185536376953125 107.05
   vertex -0.932525634765625 -2.188809326171875 107.05
   vertex -0.9324711303710937 -2.1886748046875 106.93
  endloop
 endfacet
 facet normal 0.9477656483650208 -0.31896770000457764 7.29115417925641e-05
  outer loop
   vertex -0.9324711303710937 -2.1886748046875 106.93
   vertex -0.932525634765625 -2.188809326171875 107.05
   vertex -0.9336727905273438 -2.192245361328125 106.93
  endloop
 endfacet
 facet normal 0.9485332369804382 -0.31667760014533997 -6.855889467249909e-11
  outer loop
   vertex -0.932525634765625 -2.188809326171875 107.05
   vertex -0.9336727905273438 -2.192245361328125 107.05
   vertex -0.9336727905273438 -2.192245361328125 106.93
  endloop
 endfacet
 facet normal 0.9797894954681396 -0.20003163814544678 0.0
  outer loop
   vertex -0.9336727905273438 -2.192245361328125 107.05
   vertex -0.9343974609375 -2.195794921875 107.05
   vertex -0.9336727905273438 -2.192245361328125 106.93
  endloop
 endfacet
 facet normal 0.980269730091095 -0.1976642906665802 7.292588998097926e-05
  outer loop
   vertex -0.9336727905273438 -2.192245361328125 106.93
   vertex -0.9343974609375 -2.195794921875 107.05
   vertex -0.9344174804687501 -2.1959384765625 106.93
  endloop
 endfacet
 facet normal 0.9967575669288635 -0.08046302199363708 -7.00314631103538e-05
  outer loop
   vertex -0.9343974609375 -2.195794921875 107.05
   vertex -0.93468896484375 -2.199406005859375 107.05
   vertex -0.9344174804687501 -2.1959384765625 106.93
  endloop
 endfacet
 facet normal 0.9973140358924866 -0.07324329018592834 0.000139849420520477
  outer loop
   vertex -0.9344174804687501 -2.1959384765625 106.93
   vertex -0.93468896484375 -2.199406005859375 107.05
   vertex -0.9346934204101562 -2.19969580078125 106.93
  endloop
 endfacet
 facet normal 0.9991888999938965 0.04026813432574272 -0.0001343454496236518
  outer loop
   vertex -0.93468896484375 -2.199406005859375 107.05
   vertex -0.9345430908203125 -2.203025634765625 107.05
   vertex -0.9346934204101562 -2.19969580078125 106.93
  endloop
 endfacet
 facet normal 0.9986292123794556 0.0523420125246048 0.0002013890480156988
  outer loop
   vertex -0.9346934204101562 -2.19969580078125 106.93
   vertex -0.9345430908203125 -2.203025634765625 107.05
   vertex -0.9344962158203125 -2.203458251953125 106.93
  endloop
 endfacet
 facet normal 0.9870515465736389 0.16040346026420593 -0.00019271043129265308
  outer loop
   vertex -0.9345430908203125 -2.203025634765625 107.05
   vertex -0.9339619750976562 -2.2066015625 107.05
   vertex -0.9344962158203125 -2.203458251953125 106.93
  endloop
 endfacet
 facet normal 0.9841935634613037 0.17709587514400482 0.0002572585653979331
  outer loop
   vertex -0.9344962158203125 -2.203458251953125 106.93
   vertex -0.9339619750976562 -2.2066015625 107.05
   vertex -0.9338290405273437 -2.207166015625 106.93
  endloop
 endfacet
 facet normal 0.9542409777641296 0.29903870820999146 0.00030684718512929976
  outer loop
   vertex -0.9338290405273437 -2.207166015625 106.93
   vertex -0.9329540405273438 -2.210081298828125 107.05
   vertex -0.9327024536132813 -2.210760986328125 106.93
  endloop
 endfacet
 facet normal 0.9605168700218201 0.2782216966152191 -0.00024464342277497053
  outer loop
   vertex -0.9339619750976562 -2.2066015625 107.05
   vertex -0.9329540405273438 -2.210081298828125 107.05
   vertex -0.9338290405273437 -2.207166015625 106.93
  endloop
 endfacet
 facet normal 0.9092395305633545 0.4162730574607849 0.00035043570096604526
  outer loop
   vertex -0.9327024536132813 -2.210760986328125 106.93
   vertex -0.9315340576171875 -2.2134140625 107.05
   vertex -0.9311341552734376 -2.2141865234375 106.93
  endloop
 endfacet
 facet normal 0.9199769496917725 0.39197245240211487 -0.0002913717180490494
  outer loop
   vertex -0.9329540405273438 -2.210081298828125 107.05
   vertex -0.9315340576171875 -2.2134140625 107.05
   vertex -0.9327024536132813 -2.210760986328125 106.93
  endloop
 endfacet
 facet normal 0.8498895764350891 0.5269606709480286 0.00038801482878625393
  outer loop
   vertex -0.9311341552734376 -2.2141865234375 106.93
   vertex -0.9297227172851563 -2.21655126953125 107.05
   vertex -0.9291488647460938 -2.217388427734375 106.93
  endloop
 endfacet
 facet normal 0.8660166263580322 0.5000150799751282 -0.000332667026668787
  outer loop
   vertex -0.9315340576171875 -2.2134140625 107.05
   vertex -0.9297227172851563 -2.21655126953125 107.05
   vertex -0.9311341552734376 -2.2141865234375 106.93
  endloop
 endfacet
 facet normal 0.7771614193916321 0.6293011903762817 0.0004199881514068693
  outer loop
   vertex -0.9291488647460938 -2.217388427734375 106.93
   vertex -0.92754638671875 -2.219447509765625 107.05
   vertex -0.9267779541015625 -2.2203164062500003 106.93
  endloop
 endfacet
 facet normal 0.7994496822357178 0.6007329225540161 -0.00036785195698030293
  outer loop
   vertex -0.9297227172851563 -2.21655126953125 107.05
   vertex -0.92754638671875 -2.219447509765625 107.05
   vertex -0.9291488647460938 -2.217388427734375 106.93
  endloop
 endfacet
 facet normal 0.6921188235282898 0.7217833995819092 0.0004472930741030723
  outer loop
   vertex -0.9267779541015625 -2.2203164062500003 106.93
   vertex -0.925036865234375 -2.222060302734375 107.05
   vertex -0.9240587768554688 -2.222923828125 106.93
  endloop
 endfacet
 facet normal 0.7212162613868713 0.6927099227905273 -0.00039739301428198814
  outer loop
   vertex -0.92754638671875 -2.219447509765625 107.05
   vertex -0.925036865234375 -2.222060302734375 107.05
   vertex -0.9267779541015625 -2.2203164062500003 106.93
  endloop
 endfacet
 facet normal 0.5962374210357666 0.8028079867362976 0.00046700393431819975
  outer loop
   vertex -0.9240587768554688 -2.222923828125 106.93
   vertex -0.922230712890625 -2.224351318359375 107.05
   vertex -0.9210341796875 -2.225170166015625 106.93
  endloop
 endfacet
 facet normal 0.6324226260185242 0.7746233940124512 -0.0004195146611891687
  outer loop
   vertex -0.925036865234375 -2.222060302734375 107.05
   vertex -0.922230712890625 -2.224351318359375 107.05
   vertex -0.9240587768554688 -2.222923828125 106.93
  endloop
 endfacet
 facet normal 0.49088871479034424 0.871222198009491 0.0004820731992367655
  outer loop
   vertex -0.9210341796875 -2.225170166015625 106.93
   vertex -0.9191688232421875 -2.22628759765625 107.05
   vertex -0.917751953125 -2.22701953125 106.93
  endloop
 endfacet
 facet normal 0.5344771146774292 0.8451828360557556 -0.0004379693418741226
  outer loop
   vertex -0.922230712890625 -2.224351318359375 107.05
   vertex -0.9191688232421875 -2.22628759765625 107.05
   vertex -0.9210341796875 -2.225170166015625 106.93
  endloop
 endfacet
 facet normal 0.37786179780960083 0.9258618354797363 0.0004902734071947634
  outer loop
   vertex -0.917751953125 -2.22701953125 106.93
   vertex -0.9158958740234375 -2.227840576171875 107.05
   vertex -0.9142637939453125 -2.228443115234375 106.93
  endloop
 endfacet
 facet normal 0.42868009209632874 0.9034562706947327 -0.00044904978130944073
  outer loop
   vertex -0.9191688232421875 -2.22628759765625 107.05
   vertex -0.9158958740234375 -2.227840576171875 107.05
   vertex -0.917751953125 -2.22701953125 106.93
  endloop
 endfacet
 facet normal 0.25882405042648315 0.9659243822097778 0.000492894439958036
  outer loop
   vertex -0.9142637939453125 -2.228443115234375 106.93
   vertex -0.9124595947265626 -2.22898779296875 107.05
   vertex -0.910624755859375 -2.229418212890625 106.93
  endloop
 endfacet
 facet normal 0.3166724741458893 0.9485348463058472 -0.0004557868523988873
  outer loop
   vertex -0.9158958740234375 -2.227840576171875 107.05
   vertex -0.9124595947265626 -2.22898779296875 107.05
   vertex -0.9142637939453125 -2.228443115234375 106.93
  endloop
 endfacet
 facet normal 0.13569658994674683 0.9907503724098206 0.0004899558844044805
  outer loop
   vertex -0.910624755859375 -2.229418212890625 106.93
   vertex -0.9089100952148438 -2.22971240234375 107.05
   vertex -0.9068921508789063 -2.2299294433593753 106.93
  endloop
 endfacet
 facet normal 0.2000187486410141 0.9797919392585754 -0.0004559984081424773
  outer loop
   vertex -0.9124595947265626 -2.22898779296875 107.05
   vertex -0.9089100952148438 -2.22971240234375 107.05
   vertex -0.910624755859375 -2.229418212890625 106.93
  endloop
 endfacet
 facet normal 0.010498108342289925 0.999944806098938 0.0004811258986592293
  outer loop
   vertex -0.9068921508789063 -2.2299294433593753 106.93
   vertex -0.9052991333007813 -2.23000390625 107.05
   vertex -0.9031249389648438 -2.229968994140625 106.93
  endloop
 endfacet
 facet normal 0.08046571910381317 0.9967572689056396 -0.00044968226575292647
  outer loop
   vertex -0.9089100952148438 -2.22971240234375 107.05
   vertex -0.9052991333007813 -2.23000390625 107.05
   vertex -0.9068921508789063 -2.2299294433593753 106.93
  endloop
 endfacet
 facet normal -0.11496106535196304 0.9933698773384094 0.0004673147341236472
  outer loop
   vertex -0.9031249389648438 -2.229968994140625 106.93
   vertex -0.9016793823242187 -2.229858154296875 107.05
   vertex -0.8993825073242188 -2.229535888671875 106.93
  endloop
 endfacet
 facet normal -0.04023313522338867 0.9991902112960815 -0.0004382568004075438
  outer loop
   vertex -0.9052991333007813 -2.23000390625 107.05
   vertex -0.9016793823242187 -2.229858154296875 107.05
   vertex -0.9031249389648438 -2.229968994140625 106.93
  endloop
 endfacet
 facet normal -0.23853863775730133 0.9711328148841858 0.0004459893680177629
  outer loop
   vertex -0.8993825073242188 -2.229535888671875 106.93
   vertex -0.8981035766601563 -2.22927685546875 107.05
   vertex -0.8957238159179688 -2.22863720703125 106.93
  endloop
 endfacet
 facet normal -0.1604580283164978 0.9870426058769226 -0.0004205176664981991
  outer loop
   vertex -0.9016793823242187 -2.229858154296875 107.05
   vertex -0.8981035766601563 -2.22927685546875 107.05
   vertex -0.8993825073242188 -2.229535888671875 106.93
  endloop
 endfacet
 facet normal -0.3583601415157318 0.9335832595825195 0.0004204477882012725
  outer loop
   vertex -0.8957238159179688 -2.22863720703125 106.93
   vertex -0.8946239013671875 -2.22826904296875 107.05
   vertex -0.8922066040039063 -2.227287109375 106.93
  endloop
 endfacet
 facet normal -0.2781951129436493 0.9605244994163513 -0.00039699807530269027
  outer loop
   vertex -0.8981035766601563 -2.22927685546875 107.05
   vertex -0.8946239013671875 -2.22826904296875 107.05
   vertex -0.8957238159179688 -2.22863720703125 106.93
  endloop
 endfacet
 facet normal -0.4725445806980133 0.8813067078590393 0.00038854574086144567
  outer loop
   vertex -0.8922066040039063 -2.227287109375 106.93
   vertex -0.8912910766601563 -2.22684912109375 107.05
   vertex -0.8888863525390626 -2.2255068359375 106.93
  endloop
 endfacet
 facet normal -0.3919520974159241 0.9199855923652649 -0.0003675005864351988
  outer loop
   vertex -0.8946239013671875 -2.22826904296875 107.05
   vertex -0.8912910766601563 -2.22684912109375 107.05
   vertex -0.8922066040039063 -2.227287109375 106.93
  endloop
 endfacet
 facet normal -0.5792779326438904 0.8151300549507141 0.00035075575578957796
  outer loop
   vertex -0.8888863525390626 -2.2255068359375 106.93
   vertex -0.8881537475585938 -2.2250378417968752 107.05
   vertex -0.8858154296875 -2.2233244628906252 106.93
  endloop
 endfacet
 facet normal -0.4999878406524658 0.8660323619842529 -0.0003322542761452496
  outer loop
   vertex -0.8912910766601563 -2.22684912109375 107.05
   vertex -0.8881537475585938 -2.2250378417968752 107.05
   vertex -0.8888863525390626 -2.2255068359375 106.93
  endloop
 endfacet
 facet normal -0.6768711805343628 0.7361014485359192 0.0003057171998079866
  outer loop
   vertex -0.8858154296875 -2.2233244628906252 106.93
   vertex -0.885257568359375 -2.222861328125 107.05
   vertex -0.8830422363281251 -2.2207744140625 106.93
  endloop
 endfacet
 facet normal -0.6007733345031738 0.7994194030761719 -0.000292422337224707
  outer loop
   vertex -0.8881537475585938 -2.2250378417968752 107.05
   vertex -0.885257568359375 -2.222861328125 107.05
   vertex -0.8858154296875 -2.2233244628906252 106.93
  endloop
 endfacet
 facet normal -0.7638131380081177 0.6454373598098755 0.0002564389433246106
  outer loop
   vertex -0.8830422363281251 -2.2207744140625 106.93
   vertex -0.8826448364257813 -2.220351806640625 107.05
   vertex -0.8806105346679688 -2.2178967285156252 106.93
  endloop
 endfacet
 facet normal -0.6927183270454407 0.7212081551551819 -0.00024584788479842246
  outer loop
   vertex -0.885257568359375 -2.222861328125 107.05
   vertex -0.8826448364257813 -2.220351806640625 107.05
   vertex -0.8830422363281251 -2.2207744140625 106.93
  endloop
 endfacet
 facet normal -0.8386670351028442 0.5446443557739258 0.00020157720427960157
  outer loop
   vertex -0.8806105346679688 -2.2178967285156252 106.93
   vertex -0.8803536987304688 -2.2175456542968752 107.05
   vertex -0.87855859375 -2.214737060546875 106.93
  endloop
 endfacet
 facet normal -0.7746070027351379 0.6324429512023926 -0.00019239544053561985
  outer loop
   vertex -0.8826448364257813 -2.220351806640625 107.05
   vertex -0.8803536987304688 -2.2175456542968752 107.05
   vertex -0.8806105346679688 -2.2178967285156252 106.93
  endloop
 endfacet
 facet normal -0.9003223180770874 0.4352238178253174 0.0001405012735631317
  outer loop
   vertex -0.87855859375 -2.214737060546875 106.93
   vertex -0.87841748046875 -2.21448388671875 107.05
   vertex -0.8769189453125 -2.21134521484375 106.93
  endloop
 endfacet
 facet normal -0.845180869102478 0.5344803929328918 -0.0001337519206572324
  outer loop
   vertex -0.8803536987304688 -2.2175456542968752 107.05
   vertex -0.87841748046875 -2.21448388671875 107.05
   vertex -0.87855859375 -2.214737060546875 106.93
  endloop
 endfacet
 facet normal -0.9034498333930969 0.42869389057159424 -6.934963312232867e-05
  outer loop
   vertex -0.87841748046875 -2.21448388671875 107.05
   vertex -0.8768644409179688 -2.2112109375 107.05
   vertex -0.8769189453125 -2.21134521484375 106.93
  endloop
 endfacet
 facet normal -0.9477656483650208 0.31896770000457764 7.356048445217311e-05
  outer loop
   vertex -0.8769189453125 -2.21134521484375 106.93
   vertex -0.8768644409179688 -2.2112109375 107.05
   vertex -0.87571728515625 -2.207774658203125 106.93
  endloop
 endfacet
 facet normal -0.9485399723052979 0.31665733456611633 -2.399407894593253e-10
  outer loop
   vertex -0.8768644409179688 -2.2112109375 107.05
   vertex -0.87571728515625 -2.207774658203125 107.05
   vertex -0.87571728515625 -2.207774658203125 106.93
  endloop
 endfacet
 facet normal -0.9477701187133789 0.3189542591571808 0.0
  outer loop
   vertex 0.4160444641113281 -2.980470947265625 106.9
   vertex 0.4160444641113281 -2.980470947265625 106.93
   vertex 0.41844775390625 -2.97332958984375 106.93
  endloop
 endfacet
 facet normal -0.9477701187133789 0.3189542591571808 0.0
  outer loop
   vertex 0.41844775390625 -2.97332958984375 106.9
   vertex 0.4160444641113281 -2.980470947265625 106.9
   vertex 0.41844775390625 -2.97332958984375 106.93
  endloop
 endfacet
 facet normal -0.9003220796585083 0.4352242350578308 0.0
  outer loop
   vertex 0.4217271728515625 -2.966545654296875 106.9
   vertex 0.41844775390625 -2.97332958984375 106.93
   vertex 0.4217271728515625 -2.966545654296875 106.93
  endloop
 endfacet
 facet normal -0.9003220796585083 0.4352242350578308 3.559662342667025e-09
  outer loop
   vertex 0.4217271728515625 -2.966545654296875 106.9
   vertex 0.41844775390625 -2.97332958984375 106.9
   vertex 0.41844775390625 -2.97332958984375 106.93
  endloop
 endfacet
 facet normal -0.8386631011962891 0.5446506142616272 0.0
  outer loop
   vertex 0.42583096313476565 -2.9602265625 106.9
   vertex 0.4217271728515625 -2.966545654296875 106.93
   vertex 0.42583096313476565 -2.9602265625 106.93
  endloop
 endfacet
 facet normal -0.7637977004051208 0.6454557180404663 0.0
  outer loop
   vertex 0.42583096313476565 -2.9602265625 106.9
   vertex 0.42583096313476565 -2.9602265625 106.93
   vertex 0.43069439697265627 -2.954471435546875 106.93
  endloop
 endfacet
 facet normal -0.8386631011962891 0.5446506142616272 -2.538004917340686e-09
  outer loop
   vertex 0.42583096313476565 -2.9602265625 106.9
   vertex 0.4217271728515625 -2.966545654296875 106.9
   vertex 0.4217271728515625 -2.966545654296875 106.93
  endloop
 endfacet
 facet normal -0.6768711805343628 0.7361014485359192 0.0
  outer loop
   vertex 0.43069439697265627 -2.954471435546875 106.9
   vertex 0.43069439697265627 -2.954471435546875 106.93
   vertex 0.4362407836914063 -2.949371337890625 106.93
  endloop
 endfacet
 facet normal -0.7637977004051208 0.6454557180404663 0.0
  outer loop
   vertex 0.43069439697265627 -2.954471435546875 106.9
   vertex 0.42583096313476565 -2.9602265625 106.9
   vertex 0.43069439697265627 -2.954471435546875 106.93
  endloop
 endfacet
 facet normal -0.5792976021766663 0.8151161670684814 0.0
  outer loop
   vertex 0.4362407836914063 -2.949371337890625 106.9
   vertex 0.4362407836914063 -2.949371337890625 106.93
   vertex 0.4423826599121094 -2.9450063476562502 106.93
  endloop
 endfacet
 facet normal -0.6768711805343628 0.7361014485359192 0.0
  outer loop
   vertex 0.4362407836914063 -2.949371337890625 106.9
   vertex 0.43069439697265627 -2.954471435546875 106.9
   vertex 0.4362407836914063 -2.949371337890625 106.93
  endloop
 endfacet
 facet normal -0.4725446105003357 0.8813067674636841 0.0
  outer loop
   vertex 0.4423826599121094 -2.9450063476562502 106.9
   vertex 0.4423826599121094 -2.9450063476562502 106.93
   vertex 0.4490231628417969 -2.94144580078125 106.93
  endloop
 endfacet
 facet normal -0.5792976021766663 0.8151161670684814 0.0
  outer loop
   vertex 0.4423826599121094 -2.9450063476562502 106.9
   vertex 0.4362407836914063 -2.949371337890625 106.9
   vertex 0.4423826599121094 -2.9450063476562502 106.93
  endloop
 endfacet
 facet normal -0.4725446105003357 0.8813067674636841 0.0
  outer loop
   vertex 0.4490231628417969 -2.94144580078125 106.9
   vertex 0.4423826599121094 -2.9450063476562502 106.9
   vertex 0.4490231628417969 -2.94144580078125 106.93
  endloop
 endfacet
 facet normal -0.35836154222488403 0.9335829019546509 0.0
  outer loop
   vertex 0.4560575561523438 -2.93874560546875 106.9
   vertex 0.4490231628417969 -2.94144580078125 106.93
   vertex 0.4560575561523438 -2.93874560546875 106.93
  endloop
 endfacet
 facet normal -0.35836154222488403 0.9335829019546509 -6.592119627946147e-10
  outer loop
   vertex 0.4560575561523438 -2.93874560546875 106.9
   vertex 0.4490231628417969 -2.94144580078125 106.9
   vertex 0.4490231628417969 -2.94144580078125 106.93
  endloop
 endfacet
 facet normal -0.23853960633277893 0.9711326956748962 0.0
  outer loop
   vertex 0.46337490844726564 -2.9369482421875 106.9
   vertex 0.4560575561523438 -2.93874560546875 106.93
   vertex 0.46337490844726564 -2.9369482421875 106.93
  endloop
 endfacet
 facet normal -0.23853960633277893 0.9711326956748962 -6.59209561937324e-11
  outer loop
   vertex 0.46337490844726564 -2.9369482421875 106.9
   vertex 0.4560575561523438 -2.93874560546875 106.9
   vertex 0.4560575561523438 -2.93874560546875 106.93
  endloop
 endfacet
 facet normal -0.11492817103862762 0.9933737516403198 0.0
  outer loop
   vertex 0.4708598327636719 -2.9360822753906253 106.9
   vertex 0.46337490844726564 -2.9369482421875 106.93
   vertex 0.4708598327636719 -2.9360822753906253 106.93
  endloop
 endfacet
 facet normal 0.010465668514370918 0.9999451637268066 -0.0
  outer loop
   vertex 0.4708598327636719 -2.9360822753906253 106.9
   vertex 0.4708598327636719 -2.9360822753906253 106.93
   vertex 0.478394287109375 -2.9361611328125 106.93
  endloop
 endfacet
 facet normal -0.11492817103862762 0.9933737516403198 -8.569736587027421e-10
  outer loop
   vertex 0.4708598327636719 -2.9360822753906253 106.9
   vertex 0.46337490844726564 -2.9369482421875 106.9
   vertex 0.46337490844726564 -2.9369482421875 106.93
  endloop
 endfacet
 facet normal 0.010465668514370918 0.9999451637268066 -0.0
  outer loop
   vertex 0.478394287109375 -2.9361611328125 106.9
   vertex 0.4708598327636719 -2.9360822753906253 106.9
   vertex 0.478394287109375 -2.9361611328125 106.93
  endloop
 endfacet
 facet normal 0.13572949171066284 0.9907459616661072 -0.0
  outer loop
   vertex 0.48585943603515624 -2.937183837890625 106.9
   vertex 0.478394287109375 -2.9361611328125 106.93
   vertex 0.48585943603515624 -2.937183837890625 106.93
  endloop
 endfacet
 facet normal 0.13572949171066284 0.9907459616661072 9.888124763435258e-10
  outer loop
   vertex 0.48585943603515624 -2.937183837890625 106.9
   vertex 0.478394287109375 -2.9361611328125 106.9
   vertex 0.478394287109375 -2.9361611328125 106.93
  endloop
 endfacet
 facet normal 0.25879183411598206 0.9659331440925598 -0.0
  outer loop
   vertex 0.4931375732421875 -2.9391337890625002 106.9
   vertex 0.48585943603515624 -2.937183837890625 106.93
   vertex 0.4931375732421875 -2.9391337890625002 106.93
  endloop
 endfacet
 facet normal 0.25879183411598206 0.9659331440925598 -1.5161896183002455e-09
  outer loop
   vertex 0.4931375732421875 -2.9391337890625002 106.9
   vertex 0.48585943603515624 -2.937183837890625 106.9
   vertex 0.48585943603515624 -2.937183837890625 106.93
  endloop
 endfacet
 facet normal 0.3778632581233978 0.9258613586425781 -0.0
  outer loop
   vertex 0.5001138610839844 -2.94198095703125 106.9
   vertex 0.4931375732421875 -2.9391337890625002 106.93
   vertex 0.5001138610839844 -2.94198095703125 106.93
  endloop
 endfacet
 facet normal 0.4908870458602905 0.8712232112884521 -0.0
  outer loop
   vertex 0.5001138610839844 -2.94198095703125 106.9
   vertex 0.5001138610839844 -2.94198095703125 106.93
   vertex 0.5066783447265625 -2.9456796875 106.93
  endloop
 endfacet
 facet normal 0.3778632581233978 0.9258613586425781 -6.592049128784083e-11
  outer loop
   vertex 0.5001138610839844 -2.94198095703125 106.9
   vertex 0.4931375732421875 -2.9391337890625002 106.9
   vertex 0.4931375732421875 -2.9391337890625002 106.93
  endloop
 endfacet
 facet normal 0.4908870458602905 0.8712232112884521 -0.0
  outer loop
   vertex 0.5066783447265625 -2.9456796875 106.9
   vertex 0.5001138610839844 -2.94198095703125 106.9
   vertex 0.5066783447265625 -2.9456796875 106.93
  endloop
 endfacet
 facet normal 0.5962204933166504 0.8028207421302795 -0.0
  outer loop
   vertex 0.5127274780273438 -2.950172119140625 106.9
   vertex 0.5066783447265625 -2.9456796875 106.93
   vertex 0.5127274780273438 -2.950172119140625 106.93
  endloop
 endfacet
 facet normal 0.692152738571167 0.7217511534690857 -0.0
  outer loop
   vertex 0.5127274780273438 -2.950172119140625 106.9
   vertex 0.5127274780273438 -2.950172119140625 106.93
   vertex 0.5181658325195313 -2.955387451171875 106.93
  endloop
 endfacet
 facet normal 0.5962204933166504 0.8028207421302795 -3.296053707746438e-10
  outer loop
   vertex 0.5127274780273438 -2.950172119140625 106.9
   vertex 0.5066783447265625 -2.9456796875 106.9
   vertex 0.5066783447265625 -2.9456796875 106.93
  endloop
 endfacet
 facet normal 0.7771486639976501 0.629317045211792 -0.0
  outer loop
   vertex 0.5181658325195313 -2.955387451171875 106.9
   vertex 0.5181658325195313 -2.955387451171875 106.93
   vertex 0.5229076538085937 -2.9612431640625 106.93
  endloop
 endfacet
 facet normal 0.692152738571167 0.7217511534690857 -0.0
  outer loop
   vertex 0.5181658325195313 -2.955387451171875 106.9
   vertex 0.5127274780273438 -2.950172119140625 106.9
   vertex 0.5181658325195313 -2.955387451171875 106.93
  endloop
 endfacet
 facet normal 0.8498896360397339 0.5269607305526733 -0.0
  outer loop
   vertex 0.5229076538085937 -2.9612431640625 106.9
   vertex 0.5229076538085937 -2.9612431640625 106.93
   vertex 0.5268782348632812 -2.96764697265625 106.93
  endloop
 endfacet
 facet normal 0.7771486639976501 0.629317045211792 -0.0
  outer loop
   vertex 0.5229076538085937 -2.9612431640625 106.9
   vertex 0.5181658325195313 -2.955387451171875 106.9
   vertex 0.5229076538085937 -2.9612431640625 106.93
  endloop
 endfacet
 facet normal 0.8498896360397339 0.5269607305526733 -0.0
  outer loop
   vertex 0.5268782348632812 -2.96764697265625 106.9
   vertex 0.5229076538085937 -2.9612431640625 106.9
   vertex 0.5268782348632812 -2.96764697265625 106.93
  endloop
 endfacet
 facet normal 0.9092340469360352 0.41628536581993103 -0.0
  outer loop
   vertex 0.5300148315429688 -2.974497802734375 106.9
   vertex 0.5268782348632812 -2.96764697265625 106.93
   vertex 0.5300148315429688 -2.974497802734375 106.93
  endloop
 endfacet
 facet normal 0.9092340469360352 0.41628536581993103 -3.955328842231154e-10
  outer loop
   vertex 0.5300148315429688 -2.974497802734375 106.9
   vertex 0.5268782348632812 -2.96764697265625 106.9
   vertex 0.5268782348632812 -2.96764697265625 106.93
  endloop
 endfacet
 facet normal 0.9542415738105774 0.29903683066368103 -0.0
  outer loop
   vertex 0.53226806640625 -2.98168798828125 106.9
   vertex 0.5300148315429688 -2.974497802734375 106.93
   vertex 0.53226806640625 -2.98168798828125 106.93
  endloop
 endfacet
 facet normal 0.9841960072517395 0.1770823746919632 -0.0
  outer loop
   vertex 0.53226806640625 -2.98168798828125 106.9
   vertex 0.53226806640625 -2.98168798828125 106.93
   vertex 0.5336023559570313 -2.989103759765625 106.93
  endloop
 endfacet
 facet normal 0.9542415738105774 0.29903683066368103 3.75743924863059e-09
  outer loop
   vertex 0.53226806640625 -2.98168798828125 106.9
   vertex 0.5300148315429688 -2.974497802734375 106.9
   vertex 0.5300148315429688 -2.974497802734375 106.93
  endloop
 endfacet
 facet normal 0.9841960072517395 0.1770823746919632 -0.0
  outer loop
   vertex 0.5336023559570313 -2.989103759765625 106.9
   vertex 0.53226806640625 -2.98168798828125 106.9
   vertex 0.5336023559570313 -2.989103759765625 106.93
  endloop
 endfacet
 facet normal 0.9986295700073242 0.052335627377033234 -0.0
  outer loop
   vertex 0.5339967041015625 -2.99662841796875 106.9
   vertex 0.5336023559570313 -2.989103759765625 106.93
   vertex 0.5339967041015625 -2.99662841796875 106.93
  endloop
 endfacet
 facet normal 0.9973145127296448 -0.0732375979423523 0.0
  outer loop
   vertex 0.5339967041015625 -2.99662841796875 106.9
   vertex 0.5339967041015625 -2.99662841796875 106.93
   vertex 0.5334448852539062 -3.0041428222656252 106.93
  endloop
 endfacet
 facet normal 0.9986295700073242 0.052335627377033234 -6.59198945429651e-11
  outer loop
   vertex 0.5339967041015625 -2.99662841796875 106.9
   vertex 0.5336023559570313 -2.989103759765625 106.9
   vertex 0.5336023559570313 -2.989103759765625 106.93
  endloop
 endfacet
 facet normal 0.9973145127296448 -0.0732375979423523 0.0
  outer loop
   vertex 0.5334448852539062 -3.0041428222656252 106.9
   vertex 0.5339967041015625 -2.99662841796875 106.9
   vertex 0.5334448852539062 -3.0041428222656252 106.93
  endloop
 endfacet
 facet normal 0.9802713394165039 -0.197656512260437 0.0
  outer loop
   vertex 0.5334448852539062 -3.0041428222656252 106.9
   vertex 0.5334448852539062 -3.0041428222656252 106.93
   vertex 0.53195556640625 -3.011529052734375 106.93
  endloop
 endfacet
 facet normal 0.9802713394165039 -0.197656512260437 0.0
  outer loop
   vertex 0.53195556640625 -3.011529052734375 106.9
   vertex 0.5334448852539062 -3.0041428222656252 106.9
   vertex 0.53195556640625 -3.011529052734375 106.93
  endloop
 endfacet
 facet normal 0.9477689266204834 -0.3189578950405121 0.0
  outer loop
   vertex 0.53195556640625 -3.011529052734375 106.9
   vertex 0.53195556640625 -3.011529052734375 106.93
   vertex 0.52955224609375 -3.01867041015625 106.93
  endloop
 endfacet
 facet normal 0.9477689266204834 -0.3189578950405121 0.0
  outer loop
   vertex 0.52955224609375 -3.01867041015625 106.9
   vertex 0.53195556640625 -3.011529052734375 106.9
   vertex 0.52955224609375 -3.01867041015625 106.93
  endloop
 endfacet
 facet normal 0.9003220796585083 -0.4352242350578308 3.559662342667025e-09
  outer loop
   vertex 0.5262728271484375 -3.025454345703125 106.9
   vertex 0.52955224609375 -3.01867041015625 106.9
   vertex 0.52955224609375 -3.01867041015625 106.93
  endloop
 endfacet
 facet normal 0.9003220796585083 -0.4352242350578308 0.0
  outer loop
   vertex 0.5262728271484375 -3.025454345703125 106.9
   vertex 0.52955224609375 -3.01867041015625 106.93
   vertex 0.5262728271484375 -3.025454345703125 106.93
  endloop
 endfacet
 facet normal 0.8386648893356323 -0.544647753238678 -3.4279619143262607e-09
  outer loop
   vertex 0.5221690673828125 -3.0317734375 106.9
   vertex 0.5262728271484375 -3.025454345703125 106.9
   vertex 0.5262728271484375 -3.025454345703125 106.93
  endloop
 endfacet
 facet normal 0.8386648893356323 -0.544647753238678 0.0
  outer loop
   vertex 0.5221690673828125 -3.0317734375 106.9
   vertex 0.5262728271484375 -3.025454345703125 106.93
   vertex 0.5221690673828125 -3.0317734375 106.93
  endloop
 endfacet
 facet normal 0.7637957334518433 -0.6454581022262573 -6.59206023101433e-11
  outer loop
   vertex 0.5173056030273437 -3.037528564453125 106.9
   vertex 0.5221690673828125 -3.0317734375 106.9
   vertex 0.5221690673828125 -3.0317734375 106.93
  endloop
 endfacet
 facet normal 0.7637957334518433 -0.6454581022262573 0.0
  outer loop
   vertex 0.5173056030273437 -3.037528564453125 106.9
   vertex 0.5221690673828125 -3.0317734375 106.93
   vertex 0.5173056030273437 -3.037528564453125 106.93
  endloop
 endfacet
 facet normal 0.6768711805343628 -0.7361014485359192 3.1642268805143203e-09
  outer loop
   vertex 0.5117592163085938 -3.042628662109375 106.9
   vertex 0.5173056030273437 -3.037528564453125 106.9
   vertex 0.5173056030273437 -3.037528564453125 106.93
  endloop
 endfacet
 facet normal 0.6768711805343628 -0.7361014485359192 0.0
  outer loop
   vertex 0.5117592163085938 -3.042628662109375 106.9
   vertex 0.5173056030273437 -3.037528564453125 106.93
   vertex 0.5117592163085938 -3.042628662109375 106.93
  endloop
 endfacet
 facet normal 0.5792976021766663 -0.8151161670684814 3.658560787656029e-09
  outer loop
   vertex 0.5056173400878906 -3.04699365234375 106.9
   vertex 0.5117592163085938 -3.042628662109375 106.9
   vertex 0.5117592163085938 -3.042628662109375 106.93
  endloop
 endfacet
 facet normal 0.5792976021766663 -0.8151161670684814 0.0
  outer loop
   vertex 0.5056173400878906 -3.04699365234375 106.9
   vertex 0.5117592163085938 -3.042628662109375 106.93
   vertex 0.5056173400878906 -3.04699365234375 106.93
  endloop
 endfacet
 facet normal 0.4725446105003357 -0.8813067674636841 0.0
  outer loop
   vertex 0.4989768371582031 -3.05055419921875 106.9
   vertex 0.5056173400878906 -3.04699365234375 106.93
   vertex 0.4989768371582031 -3.05055419921875 106.93
  endloop
 endfacet
 facet normal 0.4725446105003357 -0.8813067674636841 1.0547388518133971e-09
  outer loop
   vertex 0.4989768371582031 -3.05055419921875 106.9
   vertex 0.5056173400878906 -3.04699365234375 106.9
   vertex 0.5056173400878906 -3.04699365234375 106.93
  endloop
 endfacet
 facet normal 0.35836154222488403 -0.9335829019546509 0.0
  outer loop
   vertex 0.4989768371582031 -3.05055419921875 106.9
   vertex 0.4989768371582031 -3.05055419921875 106.93
   vertex 0.4919424438476563 -3.0532543945312502 106.93
  endloop
 endfacet
 facet normal 0.23853960633277893 -0.9711326956748962 0.0
  outer loop
   vertex 0.4919424438476563 -3.0532543945312502 106.9
   vertex 0.4919424438476563 -3.0532543945312502 106.93
   vertex 0.48462509155273437 -3.0550517578125 106.93
  endloop
 endfacet
 facet normal 0.35836154222488403 -0.9335829019546509 0.0
  outer loop
   vertex 0.4919424438476563 -3.0532543945312502 106.9
   vertex 0.4989768371582031 -3.05055419921875 106.9
   vertex 0.4919424438476563 -3.0532543945312502 106.93
  endloop
 endfacet
 facet normal 0.23853960633277893 -0.9711326956748962 0.0
  outer loop
   vertex 0.48462509155273437 -3.0550517578125 106.9
   vertex 0.4919424438476563 -3.0532543945312502 106.9
   vertex 0.48462509155273437 -3.0550517578125 106.93
  endloop
 endfacet
 facet normal 0.11492817103862762 -0.9933737516403198 0.0
  outer loop
   vertex 0.4771401672363281 -3.055917724609375 106.9
   vertex 0.48462509155273437 -3.0550517578125 106.93
   vertex 0.4771401672363281 -3.055917724609375 106.93
  endloop
 endfacet
 facet normal -0.010465668514370918 -0.9999451637268066 0.0
  outer loop
   vertex 0.4771401672363281 -3.055917724609375 106.9
   vertex 0.4771401672363281 -3.055917724609375 106.93
   vertex 0.469605712890625 -3.0558388671875 106.93
  endloop
 endfacet
 facet normal 0.11492817103862762 -0.9933737516403198 -8.569736587027421e-10
  outer loop
   vertex 0.4771401672363281 -3.055917724609375 106.9
   vertex 0.48462509155273437 -3.0550517578125 106.9
   vertex 0.48462509155273437 -3.0550517578125 106.93
  endloop
 endfacet
 facet normal -0.010465668514370918 -0.9999451637268066 0.0
  outer loop
   vertex 0.469605712890625 -3.0558388671875 106.9
   vertex 0.4771401672363281 -3.055917724609375 106.9
   vertex 0.469605712890625 -3.0558388671875 106.93
  endloop
 endfacet
 facet normal -0.13572949171066284 -0.9907459616661072 0.0
  outer loop
   vertex 0.46214056396484376 -3.054816162109375 106.9
   vertex 0.469605712890625 -3.0558388671875 106.93
   vertex 0.46214056396484376 -3.054816162109375 106.93
  endloop
 endfacet
 facet normal -0.13572949171066284 -0.9907459616661072 9.888124763435258e-10
  outer loop
   vertex 0.46214056396484376 -3.054816162109375 106.9
   vertex 0.469605712890625 -3.0558388671875 106.9
   vertex 0.469605712890625 -3.0558388671875 106.93
  endloop
 endfacet
 facet normal -0.25879183411598206 -0.9659331440925598 0.0
  outer loop
   vertex 0.4548624267578125 -3.0528662109375 106.9
   vertex 0.46214056396484376 -3.054816162109375 106.93
   vertex 0.4548624267578125 -3.0528662109375 106.93
  endloop
 endfacet
 facet normal -0.25879183411598206 -0.9659331440925598 -1.5161896183002455e-09
  outer loop
   vertex 0.4548624267578125 -3.0528662109375 106.9
   vertex 0.46214056396484376 -3.054816162109375 106.9
   vertex 0.46214056396484376 -3.054816162109375 106.93
  endloop
 endfacet
 facet normal -0.3778632581233978 -0.9258613586425781 0.0
  outer loop
   vertex 0.44788613891601564 -3.05001904296875 106.9
   vertex 0.4548624267578125 -3.0528662109375 106.93
   vertex 0.44788613891601564 -3.05001904296875 106.93
  endloop
 endfacet
 facet normal -0.4908870458602905 -0.8712232112884521 0.0
  outer loop
   vertex 0.44788613891601564 -3.05001904296875 106.9
   vertex 0.44788613891601564 -3.05001904296875 106.93
   vertex 0.44132165527343753 -3.0463203125000002 106.93
  endloop
 endfacet
 facet normal -0.3778632581233978 -0.9258613586425781 -6.592049128784083e-11
  outer loop
   vertex 0.44788613891601564 -3.05001904296875 106.9
   vertex 0.4548624267578125 -3.0528662109375 106.9
   vertex 0.4548624267578125 -3.0528662109375 106.93
  endloop
 endfacet
 facet normal -0.596222460269928 -0.8028193116188049 0.0
  outer loop
   vertex 0.44132165527343753 -3.0463203125000002 106.9
   vertex 0.44132165527343753 -3.0463203125000002 106.93
   vertex 0.4352725524902344 -3.0418278808593753 106.93
  endloop
 endfacet
 facet normal -0.4908870458602905 -0.8712232112884521 0.0
  outer loop
   vertex 0.44132165527343753 -3.0463203125000002 106.9
   vertex 0.44788613891601564 -3.05001904296875 106.9
   vertex 0.44132165527343753 -3.0463203125000002 106.93
  endloop
 endfacet
 facet normal -0.596222460269928 -0.8028193116188049 0.0
  outer loop
   vertex 0.4352725524902344 -3.0418278808593753 106.9
   vertex 0.44132165527343753 -3.0463203125000002 106.9
   vertex 0.4352725524902344 -3.0418278808593753 106.93
  endloop
 endfacet
 facet normal -0.6921506524085999 -0.7217530608177185 0.0
  outer loop
   vertex 0.42983416748046877 -3.036612548828125 106.9
   vertex 0.4352725524902344 -3.0418278808593753 106.93
   vertex 0.42983416748046877 -3.036612548828125 106.93
  endloop
 endfacet
 facet normal -0.7771486639976501 -0.629317045211792 0.0
  outer loop
   vertex 0.42983416748046877 -3.036612548828125 106.9
   vertex 0.42983416748046877 -3.036612548828125 106.93
   vertex 0.42509234619140623 -3.0307568359375 106.93
  endloop
 endfacet
 facet normal -0.6921506524085999 -0.7217530608177185 7.25120574696092e-10
  outer loop
   vertex 0.42983416748046877 -3.036612548828125 106.9
   vertex 0.4352725524902344 -3.0418278808593753 106.9
   vertex 0.4352725524902344 -3.0418278808593753 106.93
  endloop
 endfacet
 facet normal -0.7771486639976501 -0.629317045211792 0.0
  outer loop
   vertex 0.42509234619140623 -3.0307568359375 106.9
   vertex 0.42983416748046877 -3.036612548828125 106.9
   vertex 0.42509234619140623 -3.0307568359375 106.93
  endloop
 endfacet
 facet normal -0.8498914837837219 -0.5269578099250793 0.0
  outer loop
   vertex 0.42112179565429686 -3.02435302734375 106.9
   vertex 0.42509234619140623 -3.0307568359375 106.93
   vertex 0.42112179565429686 -3.02435302734375 106.93
  endloop
 endfacet
 facet normal -0.8498914837837219 -0.5269578099250793 -1.6480257158946188e-09
  outer loop
   vertex 0.42112179565429686 -3.02435302734375 106.9
   vertex 0.42509234619140623 -3.0307568359375 106.9
   vertex 0.42509234619140623 -3.0307568359375 106.93
  endloop
 endfacet
 facet normal -0.909232497215271 -0.41628873348236084 0.0
  outer loop
   vertex 0.41798516845703126 -3.017502197265625 106.9
   vertex 0.42112179565429686 -3.02435302734375 106.93
   vertex 0.41798516845703126 -3.017502197265625 106.93
  endloop
 endfacet
 facet normal -0.909232497215271 -0.41628873348236084 2.8676085950252173e-09
  outer loop
   vertex 0.41798516845703126 -3.017502197265625 106.9
   vertex 0.42112179565429686 -3.02435302734375 106.9
   vertex 0.42112179565429686 -3.02435302734375 106.93
  endloop
 endfacet
 facet normal -0.9542415738105774 -0.29903683066368103 0.0
  outer loop
   vertex 0.41573193359375 -3.01031201171875 106.9
   vertex 0.41798516845703126 -3.017502197265625 106.93
   vertex 0.41573193359375 -3.01031201171875 106.93
  endloop
 endfacet
 facet normal -0.9542415738105774 -0.29903683066368103 3.75743924863059e-09
  outer loop
   vertex 0.41573193359375 -3.01031201171875 106.9
   vertex 0.41798516845703126 -3.017502197265625 106.9
   vertex 0.41798516845703126 -3.017502197265625 106.93
  endloop
 endfacet
 facet normal -0.9841960072517395 -0.1770823746919632 0.0
  outer loop
   vertex 0.41439764404296875 -3.002896240234375 106.9
   vertex 0.41573193359375 -3.01031201171875 106.93
   vertex 0.41439764404296875 -3.002896240234375 106.93
  endloop
 endfacet
 facet normal -0.9986295700073242 -0.052335627377033234 0.0
  outer loop
   vertex 0.41439764404296875 -3.002896240234375 106.9
   vertex 0.41439764404296875 -3.002896240234375 106.93
   vertex 0.4140032958984375 -2.99537158203125 106.93
  endloop
 endfacet
 facet normal -0.9841960072517395 -0.1770823746919632 1.911710567625846e-09
  outer loop
   vertex 0.41439764404296875 -3.002896240234375 106.9
   vertex 0.41573193359375 -3.01031201171875 106.9
   vertex 0.41573193359375 -3.01031201171875 106.93
  endloop
 endfacet
 facet normal -0.9986295700073242 -0.052335627377033234 0.0
  outer loop
   vertex 0.4140032958984375 -2.99537158203125 106.9
   vertex 0.41439764404296875 -3.002896240234375 106.9
   vertex 0.4140032958984375 -2.99537158203125 106.93
  endloop
 endfacet
 facet normal -0.9973145127296448 0.0732375979423523 7.251521050299914e-10
  outer loop
   vertex 0.41455511474609374 -2.987857177734375 106.9
   vertex 0.4140032958984375 -2.99537158203125 106.9
   vertex 0.4140032958984375 -2.99537158203125 106.93
  endloop
 endfacet
 facet normal -0.9973145127296448 0.0732375979423523 0.0
  outer loop
   vertex 0.41455511474609374 -2.987857177734375 106.9
   vertex 0.4140032958984375 -2.99537158203125 106.93
   vertex 0.41455511474609374 -2.987857177734375 106.93
  endloop
 endfacet
 facet normal -0.9802705645561218 0.1976604014635086 -1.7798594820206404e-09
  outer loop
   vertex 0.4160444641113281 -2.980470947265625 106.9
   vertex 0.41455511474609374 -2.987857177734375 106.9
   vertex 0.41455511474609374 -2.987857177734375 106.93
  endloop
 endfacet
 facet normal -0.9802705645561218 0.1976604014635086 0.0
  outer loop
   vertex 0.4160444641113281 -2.980470947265625 106.9
   vertex 0.41455511474609374 -2.987857177734375 106.93
   vertex 0.4160444641113281 -2.980470947265625 106.93
  endloop
 endfacet
 facet normal 0.4384783208370209 0.8987417817115784 0.0
  outer loop
   vertex 0.41400000000000003 -3.133477294921875 106.93
   vertex 0.41400000000000003 -3.133477294921875 106.9
   vertex 0.4025771179199219 -3.127904296875 106.93
  endloop
 endfacet
 facet normal 0.512973427772522 0.8584044575691223 0.0
  outer loop
   vertex 0.4025771179199219 -3.127904296875 106.93
   vertex 0.4025771179199219 -3.127904296875 106.9
   vertex 0.3916669921875 -3.121384521484375 106.93
  endloop
 endfacet
 facet normal 0.4384783208370209 0.8987417817115784 -2.716082025955302e-09
  outer loop
   vertex 0.41400000000000003 -3.133477294921875 106.9
   vertex 0.4025771179199219 -3.127904296875 106.9
   vertex 0.4025771179199219 -3.127904296875 106.93
  endloop
 endfacet
 facet normal 0.512973427772522 0.8584044575691223 -9.183938054491136e-10
  outer loop
   vertex 0.4025771179199219 -3.127904296875 106.9
   vertex 0.3916669921875 -3.121384521484375 106.9
   vertex 0.3916669921875 -3.121384521484375 106.93
  endloop
 endfacet
 facet normal 0.5838127732276917 0.8118883371353149 -6.018379128391871e-09
  outer loop
   vertex 0.3916669921875 -3.121384521484375 106.93
   vertex 0.3813480224609375 -3.11396435546875 106.9
   vertex 0.3813480224609375 -3.11396435546875 106.93
  endloop
 endfacet
 facet normal 0.6504353284835815 0.7595615983009338 0.0
  outer loop
   vertex 0.3813480224609375 -3.11396435546875 106.93
   vertex 0.3813480224609375 -3.11396435546875 106.9
   vertex 0.3716942138671875 -3.105697509765625 106.93
  endloop
 endfacet
 facet normal 0.5838127732276917 0.8118883371353149 -0.0
  outer loop
   vertex 0.3916669921875 -3.121384521484375 106.9
   vertex 0.3813480224609375 -3.11396435546875 106.9
   vertex 0.3916669921875 -3.121384521484375 106.93
  endloop
 endfacet
 facet normal 0.6504353284835815 0.7595615983009338 7.8161548344724e-09
  outer loop
   vertex 0.3813480224609375 -3.11396435546875 106.9
   vertex 0.3716942138671875 -3.105697509765625 106.9
   vertex 0.3716942138671875 -3.105697509765625 106.93
  endloop
 endfacet
 facet normal 0.7124135494232178 0.7017598748207092 -8.128695938580677e-09
  outer loop
   vertex 0.3716942138671875 -3.105697509765625 106.93
   vertex 0.3627749328613281 -3.096642822265625 106.9
   vertex 0.3627749328613281 -3.096642822265625 106.93
  endloop
 endfacet
 facet normal 0.7124135494232178 0.7017598748207092 -0.0
  outer loop
   vertex 0.3716942138671875 -3.105697509765625 106.9
   vertex 0.3627749328613281 -3.096642822265625 106.9
   vertex 0.3716942138671875 -3.105697509765625 106.93
  endloop
 endfacet
 facet normal 0.7692582607269287 0.6389380097389221 1.348280043167449e-09
  outer loop
   vertex 0.3627749328613281 -3.096642822265625 106.93
   vertex 0.3546541748046875 -3.08686572265625 106.9
   vertex 0.3546541748046875 -3.08686572265625 106.93
  endloop
 endfacet
 facet normal 0.8205870985984802 0.5715214610099792 0.0
  outer loop
   vertex 0.3546541748046875 -3.08686572265625 106.93
   vertex 0.3546541748046875 -3.08686572265625 106.9
   vertex 0.3473902893066406 -3.076436279296875 106.93
  endloop
 endfacet
 facet normal 0.7692582607269287 0.6389380097389221 -0.0
  outer loop
   vertex 0.3627749328613281 -3.096642822265625 106.9
   vertex 0.3546541748046875 -3.08686572265625 106.9
   vertex 0.3627749328613281 -3.096642822265625 106.93
  endloop
 endfacet
 facet normal 0.8205870985984802 0.5715214610099792 8.265569562126984e-09
  outer loop
   vertex 0.3546541748046875 -3.08686572265625 106.9
   vertex 0.3473902893066406 -3.076436279296875 106.9
   vertex 0.3473902893066406 -3.076436279296875 106.93
  endloop
 endfacet
 facet normal 0.8660261631011963 0.4999987483024597 -7.308013305618033e-09
  outer loop
   vertex 0.3473902893066406 -3.076436279296875 106.93
   vertex 0.3410353698730469 -3.06542919921875 106.9
   vertex 0.3410353698730469 -3.06542919921875 106.93
  endloop
 endfacet
 facet normal 0.8660261631011963 0.4999987483024597 -0.0
  outer loop
   vertex 0.3473902893066406 -3.076436279296875 106.9
   vertex 0.3410353698730469 -3.06542919921875 106.9
   vertex 0.3473902893066406 -3.076436279296875 106.93
  endloop
 endfacet
 facet normal 0.9052468538284302 0.4248861074447632 -1.9540067341949907e-09
  outer loop
   vertex 0.3410353698730469 -3.06542919921875 106.93
   vertex 0.3356351013183594 -3.0539235839843752 106.9
   vertex 0.3356351013183594 -3.0539235839843752 106.93
  endloop
 endfacet
 facet normal 0.9379647374153137 0.346730500459671 0.0
  outer loop
   vertex 0.3356351013183594 -3.0539235839843752 106.93
   vertex 0.3356351013183594 -3.0539235839843752 106.9
   vertex 0.33122821044921874 -3.0420021972656253 106.93
  endloop
 endfacet
 facet normal 0.9052468538284302 0.4248861074447632 -0.0
  outer loop
   vertex 0.3410353698730469 -3.06542919921875 106.9
   vertex 0.3356351013183594 -3.0539235839843752 106.9
   vertex 0.3410353698730469 -3.06542919921875 106.93
  endloop
 endfacet
 facet normal 0.9379647374153137 0.346730500459671 2.071259386227098e-09
  outer loop
   vertex 0.3356351013183594 -3.0539235839843752 106.9
   vertex 0.33122821044921874 -3.0420021972656253 106.9
   vertex 0.33122821044921874 -3.0420021972656253 106.93
  endloop
 endfacet
 facet normal 0.9639491438865662 0.2660863399505615 3.6345271237081533e-09
  outer loop
   vertex 0.33122821044921874 -3.0420021972656253 106.93
   vertex 0.32784634399414064 -3.029750732421875 106.9
   vertex 0.32784634399414064 -3.029750732421875 106.93
  endloop
 endfacet
 facet normal 0.9639491438865662 0.2660863399505615 -0.0
  outer loop
   vertex 0.33122821044921874 -3.0420021972656253 106.9
   vertex 0.32784634399414064 -3.029750732421875 106.9
   vertex 0.33122821044921874 -3.0420021972656253 106.93
  endloop
 endfacet
 facet normal 0.9830151796340942 0.18352417647838593 8.011522001361016e-10
  outer loop
   vertex 0.32784634399414064 -3.029750732421875 106.93
   vertex 0.3255137939453125 -3.0172568359375003 106.9
   vertex 0.3255137939453125 -3.0172568359375003 106.93
  endloop
 endfacet
 facet normal 0.9950230717658997 0.09964445233345032 0.0
  outer loop
   vertex 0.3255137939453125 -3.0172568359375003 106.93
   vertex 0.3255137939453125 -3.0172568359375003 106.9
   vertex 0.324247314453125 -3.004610107421875 106.93
  endloop
 endfacet
 facet normal 0.9830151796340942 0.18352417647838593 -0.0
  outer loop
   vertex 0.32784634399414064 -3.029750732421875 106.9
   vertex 0.3255137939453125 -3.0172568359375003 106.9
   vertex 0.32784634399414064 -3.029750732421875 106.93
  endloop
 endfacet
 facet normal 0.9950230717658997 0.09964445233345032 1.328717691428949e-09
  outer loop
   vertex 0.3255137939453125 -3.0172568359375003 106.9
   vertex 0.324247314453125 -3.004610107421875 106.9
   vertex 0.324247314453125 -3.004610107421875 106.93
  endloop
 endfacet
 facet normal 0.9998867511749268 0.015052663162350655 -1.9540417894869933e-11
  outer loop
   vertex 0.324247314453125 -3.004610107421875 106.93
   vertex 0.32405599975585936 -2.99190185546875 106.9
   vertex 0.32405599975585936 -2.99190185546875 106.93
  endloop
 endfacet
 facet normal 0.9998867511749268 0.015052663162350655 -0.0
  outer loop
   vertex 0.324247314453125 -3.004610107421875 106.9
   vertex 0.32405599975585936 -2.99190185546875 106.9
   vertex 0.324247314453125 -3.004610107421875 106.93
  endloop
 endfacet
 facet normal 0.9975717663764954 -0.06964638829231262 -8.20689405323094e-10
  outer loop
   vertex 0.32405599975585936 -2.99190185546875 106.93
   vertex 0.32494119262695315 -2.979222900390625 106.9
   vertex 0.32494119262695315 -2.979222900390625 106.93
  endloop
 endfacet
 facet normal 0.9975717663764954 -0.06964638829231262 0.0
  outer loop
   vertex 0.32405599975585936 -2.99190185546875 106.9
   vertex 0.32494119262695315 -2.979222900390625 106.9
   vertex 0.32405599975585936 -2.99190185546875 106.93
  endloop
 endfacet
 facet normal 1.0 0.0 0.0
  outer loop
   vertex 0.41400000000000003 -3.133477294921875 106.93
   vertex 0.41400000000000003 -4.54768603515625 106.9
   vertex 0.41400000000000003 -3.133477294921875 106.9
  endloop
 endfacet
 facet normal 1.0 0.0 0.0
  outer loop
   vertex 0.41400000000000003 -4.54768603515625 106.9
   vertex 0.41400000000000003 -4.58797998046875 106.93
   vertex 0.41400000000000003 -4.58797998046875 106.9
  endloop
 endfacet
 facet normal 1.0 0.0 0.0
  outer loop
   vertex 0.41400000000000003 -3.133477294921875 106.93
   vertex 0.41400000000000003 -4.58797998046875 106.93
   vertex 0.41400000000000003 -4.54768603515625 106.9
  endloop
 endfacet
 facet normal -0.9992889165878296 0.03770672529935837 0.0
  outer loop
   vertex 0.534 -4.58797998046875 106.9
   vertex 0.5338294067382813 -4.5925009765625004 106.9
   vertex 0.534 -4.58797998046875 106.93
  endloop
 endfacet
 facet normal -0.9980193376541138 0.06279337406158447 -0.003787773894146085
  outer loop
   vertex 0.534 -4.58797998046875 106.93
   vertex 0.5338294067382813 -4.5925009765625004 106.9
   vertex 0.53352685546875 -4.5955 106.93
  endloop
 endfacet
 facet normal -0.9822846055030823 0.18737801909446716 -0.0025277447421103716
  outer loop
   vertex 0.53352685546875 -4.5955 106.93
   vertex 0.5333186645507813 -4.5969960937500005 106.9
   vertex 0.532114990234375 -4.6029013671875 106.93
  endloop
 endfacet
 facet normal -0.9936061501502991 0.11289507150650024 0.0012652716832235456
  outer loop
   vertex 0.5338294067382813 -4.5925009765625004 106.9
   vertex 0.5333186645507813 -4.5969960937500005 106.9
   vertex 0.53352685546875 -4.5955 106.93
  endloop
 endfacet
 facet normal -0.982275128364563 0.18742763996124268 -0.0025175975169986486
  outer loop
   vertex 0.5333186645507813 -4.5969960937500005 106.9
   vertex 0.5324706420898437 -4.6014404296875 106.9
   vertex 0.532114990234375 -4.6029013671875 106.93
  endloop
 endfacet
 facet normal -0.9510476589202881 0.3090208172798157 -0.003793028648942709
  outer loop
   vertex 0.532114990234375 -4.6029013671875 106.93
   vertex 0.5312901611328125 -4.60580810546875 106.9
   vertex 0.5297865600585938 -4.6100673828125 106.93
  endloop
 endfacet
 facet normal -0.9653609991073608 0.2609145939350128 0.001261581783182919
  outer loop
   vertex 0.5324706420898437 -4.6014404296875 106.9
   vertex 0.5312901611328125 -4.60580810546875 106.9
   vertex 0.532114990234375 -4.6029013671875 106.93
  endloop
 endfacet
 facet normal -0.9429487586021423 0.33293798565864563 8.545232958567794e-06
  outer loop
   vertex 0.5312901611328125 -4.60580810546875 106.9
   vertex 0.5297838745117187 -4.61007421875 106.9
   vertex 0.5297865600585938 -4.6100673828125 106.93
  endloop
 endfacet
 facet normal -0.9048265814781189 0.4257635772228241 -0.003784140106290579
  outer loop
   vertex 0.5297865600585938 -4.6100673828125 106.93
   vertex 0.52796044921875 -4.61421484375 106.9
   vertex 0.5265784301757812 -4.61688525390625 106.93
  endloop
 endfacet
 facet normal -0.9151886701583862 0.40302565693855286 -9.909207619784866e-06
  outer loop
   vertex 0.5297838745117187 -4.61007421875 106.9
   vertex 0.52796044921875 -4.61421484375 106.9
   vertex 0.5297865600585938 -4.6100673828125 106.93
  endloop
 endfacet
 facet normal -0.8443202376365662 0.535832941532135 -0.0025344789028167725
  outer loop
   vertex 0.5265784301757812 -4.61688525390625 106.93
   vertex 0.5258302612304687 -4.6182060546875 106.9
   vertex 0.522541015625 -4.6232470703125 106.93
  endloop
 endfacet
 facet normal -0.8822106719017029 0.4708532392978668 0.0012713089818134904
  outer loop
   vertex 0.52796044921875 -4.61421484375 106.9
   vertex 0.5258302612304687 -4.6182060546875 106.9
   vertex 0.5265784301757812 -4.61688525390625 106.93
  endloop
 endfacet
 facet normal -0.8442399501800537 0.5359596014022827 -0.0025043864734470844
  outer loop
   vertex 0.5258302612304687 -4.6182060546875 106.9
   vertex 0.5234052734375 -4.62202587890625 106.9
   vertex 0.522541015625 -4.6232470703125 106.93
  endloop
 endfacet
 facet normal -0.7705041170120239 0.6374236941337585 -0.003798101795837283
  outer loop
   vertex 0.522541015625 -4.6232470703125 106.93
   vertex 0.520699462890625 -4.6256518554687505 106.9
   vertex 0.5177380981445313 -4.6290527343750005 106.93
  endloop
 endfacet
 facet normal -0.8014475107192993 0.5980637669563293 0.001256434596143663
  outer loop
   vertex 0.5234052734375 -4.62202587890625 106.9
   vertex 0.520699462890625 -4.6256518554687505 106.9
   vertex 0.522541015625 -4.6232470703125 106.93
  endloop
 endfacet
 facet normal -0.7540857195854187 0.6567760705947876 1.6436510122730397e-05
  outer loop
   vertex 0.520699462890625 -4.6256518554687505 106.9
   vertex 0.5177280883789063 -4.6290634765625 106.9
   vertex 0.5177380981445313 -4.6290527343750005 106.93
  endloop
 endfacet
 facet normal -0.6845589280128479 0.7289476990699768 -0.003781156847253442
  outer loop
   vertex 0.5177380981445313 -4.6290527343750005 106.93
   vertex 0.514508056640625 -4.63224169921875 106.9
   vertex 0.5122454223632813 -4.6342109375 106.93
  endloop
 endfacet
 facet normal -0.7024711966514587 0.711712121963501 -2.0459096049307846e-05
  outer loop
   vertex 0.5177280883789063 -4.6290634765625 106.9
   vertex 0.514508056640625 -4.63224169921875 106.9
   vertex 0.5177380981445313 -4.6290527343750005 106.93
  endloop
 endfacet
 facet normal -0.6468133330345154 0.7626472115516663 0.0012777368538081646
  outer loop
   vertex 0.514508056640625 -4.63224169921875 106.9
   vertex 0.5110577392578125 -4.63516796875 106.9
   vertex 0.5122454223632813 -4.6342109375 106.93
  endloop
 endfacet
 facet normal -0.5877690315246582 0.8090248107910156 -0.002539290813729167
  outer loop
   vertex 0.5122454223632813 -4.6342109375 106.93
   vertex 0.5110577392578125 -4.63516796875 106.9
   vertex 0.5061495971679688 -4.6386396484375005 106.93
  endloop
 endfacet
 facet normal -0.5875376462936401 0.8091930747032166 -0.002481970237568021
  outer loop
   vertex 0.5110577392578125 -4.63516796875 106.9
   vertex 0.5073966979980469 -4.637826171875 106.9
   vertex 0.5061495971679688 -4.6386396484375005 106.93
  endloop
 endfacet
 facet normal -0.515157163143158 0.8570938110351562 0.0018257610499858856
  outer loop
   vertex 0.5073966979980469 -4.637826171875 106.9
   vertex 0.5023445129394531 -4.6408627929687505 106.9
   vertex 0.5061495971679688 -4.6386396484375005 106.93
  endloop
 endfacet
 facet normal -0.48174387216567993 0.8763037323951721 -0.0038357931189239025
  outer loop
   vertex 0.5061495971679688 -4.6386396484375005 106.93
   vertex 0.5023445129394531 -4.6408627929687505 106.9
   vertex 0.49954675292968753 -4.64226953125 106.93
  endloop
 endfacet
 facet normal -0.42852258682250977 0.9035277962684631 0.0024041272699832916
  outer loop
   vertex 0.5023445129394531 -4.6408627929687505 106.9
   vertex 0.49701876831054687 -4.643388671875 106.9
   vertex 0.49954675292968753 -4.64226953125 106.93
  endloop
 endfacet
 facet normal -0.36814022064208984 0.9297630786895752 -0.0036627603694796562
  outer loop
   vertex 0.49954675292968753 -4.64226953125 106.93
   vertex 0.49701876831054687 -4.643388671875 106.9
   vertex 0.492541015625 -4.64504345703125 106.93
  endloop
 endfacet
 facet normal -0.3378105163574219 0.9412129521369934 0.0014957762323319912
  outer loop
   vertex 0.49701876831054687 -4.643388671875 106.9
   vertex 0.4914708251953125 -4.6453798828125 106.9
   vertex 0.492541015625 -4.64504345703125 106.93
  endloop
 endfacet
 facet normal -0.2486514002084732 0.9685909748077393 -0.001991821685805917
  outer loop
   vertex 0.492541015625 -4.64504345703125 106.93
   vertex 0.4914708251953125 -4.6453798828125 106.9
   vertex 0.4852428894042969 -4.6469169921875 106.93
  endloop
 endfacet
 facet normal -0.24387164413928986 0.9698070883750916 -0.000937246426474303
  outer loop
   vertex 0.4914708251953125 -4.6453798828125 106.9
   vertex 0.48575430297851563 -4.6468173828125 106.9
   vertex 0.4852428894042969 -4.6469169921875 106.93
  endloop
 endfacet
 facet normal -0.12532803416252136 0.9921100735664368 -0.0032297803554683924
  outer loop
   vertex 0.4852428894042969 -4.6469169921875 106.93
   vertex 0.47992431640625 -4.6476865234375 106.9
   vertex 0.4777674255371094 -4.647861328125 106.93
  endloop
 endfacet
 facet normal -0.1474514603614807 0.9890689253807068 0.0007703954470343888
  outer loop
   vertex 0.48575430297851563 -4.6468173828125 106.9
   vertex 0.47992431640625 -4.6476865234375 106.9
   vertex 0.4852428894042969 -4.6469169921875 106.93
  endloop
 endfacet
 facet normal 0.0 0.9999921917915344 -0.003955047111958265
  outer loop
   vertex 0.4777674255371094 -4.647861328125 106.93
   vertex 0.47403717041015625 -4.64797998046875 106.9
   vertex 0.47023257446289063 -4.647861328125 106.93
  endloop
 endfacet
 facet normal -0.04978514090180397 0.9987574219703674 0.0022402124013751745
  outer loop
   vertex 0.47992431640625 -4.6476865234375 106.9
   vertex 0.47403717041015625 -4.64797998046875 106.9
   vertex 0.4777674255371094 -4.647861328125 106.93
  endloop
 endfacet
 facet normal 0.12532806396484375 0.9921103119850159 -0.00316295912489295
  outer loop
   vertex 0.47023257446289063 -4.647861328125 106.93
   vertex 0.468149658203125 -4.64769384765625 106.9
   vertex 0.4627571105957031 -4.6469169921875 106.93
  endloop
 endfacet
 facet normal 0.04854254052042961 0.9988186955451965 0.0022057523019611835
  outer loop
   vertex 0.47403717041015625 -4.64797998046875 106.9
   vertex 0.468149658203125 -4.64769384765625 106.9
   vertex 0.47023257446289063 -4.647861328125 106.93
  endloop
 endfacet
 facet normal 0.14620937407016754 0.9892534613609314 0.0006644689128734171
  outer loop
   vertex 0.468149658203125 -4.64769384765625 106.9
   vertex 0.46231860351562504 -4.64683203125 106.9
   vertex 0.4627571105957031 -4.6469169921875 106.93
  endloop
 endfacet
 facet normal 0.24865134060382843 0.9685907959938049 -0.002095869043841958
  outer loop
   vertex 0.4627571105957031 -4.6469169921875 106.93
   vertex 0.4566003112792969 -4.6454013671875005 106.9
   vertex 0.455458984375 -4.64504345703125 106.93
  endloop
 endfacet
 facet normal 0.24270975589752197 0.9700986742973328 -0.0008003149414435029
  outer loop
   vertex 0.46231860351562504 -4.64683203125 106.9
   vertex 0.4566003112792969 -4.6454013671875005 106.9
   vertex 0.4627571105957031 -4.6469169921875 106.93
  endloop
 endfacet
 facet normal 0.36814019083976746 0.9297629594802856 -0.0036974833346903324
  outer loop
   vertex 0.455458984375 -4.64504345703125 106.93
   vertex 0.4510499267578125 -4.6434169921875 106.9
   vertex 0.44845324707031253 -4.64226953125 106.93
  endloop
 endfacet
 facet normal 0.33665114641189575 0.941628098487854 0.0015736912610009313
  outer loop
   vertex 0.4566003112792969 -4.6454013671875005 106.9
   vertex 0.4510499267578125 -4.6434169921875 106.9
   vertex 0.455458984375 -4.64504345703125 106.93
  endloop
 endfacet
 facet normal 0.4817439019680023 0.8763037919998169 -0.0038100741803646088
  outer loop
   vertex 0.44845324707031253 -4.64226953125 106.93
   vertex 0.4457210388183594 -4.6408979492187505 106.9
   vertex 0.44185040283203125 -4.6386396484375005 106.93
  endloop
 endfacet
 facet normal 0.42736899852752686 0.9040740728378296 0.0024116893764585257
  outer loop
   vertex 0.4510499267578125 -4.6434169921875 106.9
   vertex 0.4457210388183594 -4.6408979492187505 106.9
   vertex 0.44845324707031253 -4.64226953125 106.93
  endloop
 endfacet
 facet normal 0.5877672433853149 0.8090264797210693 -0.0024051254149526358
  outer loop
   vertex 0.44185040283203125 -4.6386396484375005 106.93
   vertex 0.4406650695800781 -4.6378676757812505 106.9
   vertex 0.43575454711914063 -4.6342109375 106.93
  endloop
 endfacet
 facet normal 0.5140821933746338 0.8577390313148499 0.00175974250305444
  outer loop
   vertex 0.4457210388183594 -4.6408979492187505 106.9
   vertex 0.4406650695800781 -4.6378676757812505 106.9
   vertex 0.44185040283203125 -4.6386396484375005 106.93
  endloop
 endfacet
 facet normal 0.5957627296447754 0.8031603693962097 -0.0003813673392869532
  outer loop
   vertex 0.4406650695800781 -4.6378676757812505 106.9
   vertex 0.43593084716796876 -4.63435595703125 106.9
   vertex 0.43575454711914063 -4.6342109375 106.93
  endloop
 endfacet
 facet normal 0.6845608353614807 0.7289497256278992 -0.002949273679405451
  outer loop
   vertex 0.43575454711914063 -4.6342109375 106.93
   vertex 0.43156402587890624 -4.63039697265625 106.9
   vertex 0.4302618713378906 -4.6290527343750005 106.93
  endloop
 endfacet
 facet normal 0.6716639995574951 0.740855872631073 0.00036586105125024915
  outer loop
   vertex 0.43593084716796876 -4.63435595703125 106.9
   vertex 0.43156402587890624 -4.63039697265625 106.9
   vertex 0.43575454711914063 -4.6342109375 106.93
  endloop
 endfacet
 facet normal 0.7705071568489075 0.6374221444129944 -0.003432309487834573
  outer loop
   vertex 0.4302618713378906 -4.6290527343750005 106.93
   vertex 0.42864697265625 -4.62726220703125 106.9
   vertex 0.425458984375 -4.6232470703125 106.93
  endloop
 endfacet
 facet normal 0.7320706248283386 0.6812276244163513 0.0012512268731370568
  outer loop
   vertex 0.43156402587890624 -4.63039697265625 106.9
   vertex 0.42864697265625 -4.62726220703125 106.9
   vertex 0.4302618713378906 -4.6290527343750005 106.93
  endloop
 endfacet
 facet normal 0.7787575721740723 0.6273238062858582 -0.0012040259316563606
  outer loop
   vertex 0.42864697265625 -4.62726220703125 106.9
   vertex 0.4259609069824219 -4.623927734375 106.9
   vertex 0.425458984375 -4.6232470703125 106.93
  endloop
 endfacet
 facet normal 0.8443182706832886 0.53582763671875 -0.003915675450116396
  outer loop
   vertex 0.425458984375 -4.6232470703125 106.93
   vertex 0.42351947021484376 -4.62041015625 106.9
   vertex 0.4214216003417969 -4.61688525390625 106.93
  endloop
 endfacet
 facet normal 0.8215146660804749 0.5701866745948792 0.0008077077218331397
  outer loop
   vertex 0.4259609069824219 -4.623927734375 106.9
   vertex 0.42351947021484376 -4.62041015625 106.9
   vertex 0.425458984375 -4.6232470703125 106.93
  endloop
 endfacet
 facet normal 0.8601127862930298 0.5101040005683899 0.00021126256615389138
  outer loop
   vertex 0.42351947021484376 -4.62041015625 106.9
   vertex 0.42133514404296873 -4.61672705078125 106.9
   vertex 0.4214216003417969 -4.61688525390625 106.93
  endloop
 endfacet
 facet normal 0.904823362827301 0.4257701635360718 -0.003810613416135311
  outer loop
   vertex 0.4214216003417969 -4.61688525390625 106.93
   vertex 0.4194190063476563 -4.61289794921875 106.9
   vertex 0.4182134094238281 -4.6100673828125 106.93
  endloop
 endfacet
 facet normal 0.8942789435386658 0.44751009345054626 -0.0002172850799979642
  outer loop
   vertex 0.42133514404296873 -4.61672705078125 106.9
   vertex 0.4194190063476563 -4.61289794921875 106.9
   vertex 0.4214216003417969 -4.61688525390625 106.93
  endloop
 endfacet
 facet normal 0.9239201545715332 0.3825838565826416 0.0010315424297004938
  outer loop
   vertex 0.4194190063476563 -4.61289794921875 106.9
   vertex 0.4177808532714844 -4.60894189453125 106.9
   vertex 0.4182134094238281 -4.6100673828125 106.93
  endloop
 endfacet
 facet normal 0.9510510563850403 0.3090178966522217 -0.0031229376327246428
  outer loop
   vertex 0.4182134094238281 -4.6100673828125 106.93
   vertex 0.4164290466308594 -4.60487890625 106.9
   vertex 0.41588500976562504 -4.6029013671875 106.93
  endloop
 endfacet
 facet normal 0.9488583207130432 0.31569692492485046 -0.0018373767379671335
  outer loop
   vertex 0.4177808532714844 -4.60894189453125 106.9
   vertex 0.4164290466308594 -4.60487890625 106.9
   vertex 0.4182134094238281 -4.6100673828125 106.93
  endloop
 endfacet
 facet normal 0.9822817444801331 0.18738152086734772 -0.003287401981651783
  outer loop
   vertex 0.41588500976562504 -4.6029013671875 106.93
   vertex 0.4153703918457031 -4.60072998046875 106.9
   vertex 0.4144731140136719 -4.5955 106.93
  endloop
 endfacet
 facet normal 0.9689529538154602 0.24724151194095612 0.0012738790828734636
  outer loop
   vertex 0.4164290466308594 -4.60487890625 106.9
   vertex 0.4153703918457031 -4.60072998046875 106.9
   vertex 0.41588500976562504 -4.6029013671875 106.93
  endloop
 endfacet
 facet normal 0.9841192364692688 0.1775020956993103 -0.00151013711001724
  outer loop
   vertex 0.4153703918457031 -4.60072998046875 106.9
   vertex 0.41461035156250003 -4.59651611328125 106.9
   vertex 0.4144731140136719 -4.5955 106.93
  endloop
 endfacet
 facet normal 0.998019278049469 0.06278932094573975 -0.003873169422149658
  outer loop
   vertex 0.4144731140136719 -4.5955 106.93
   vertex 0.41415277099609377 -4.5922587890625 106.9
   vertex 0.41400000000000003 -4.58797998046875 106.93
  endloop
 endfacet
 facet normal 0.9942730665206909 0.10686524957418442 0.0009288132423534989
  outer loop
   vertex 0.41461035156250003 -4.59651611328125 106.9
   vertex 0.41415277099609377 -4.5922587890625 106.9
   vertex 0.4144731140136719 -4.5955 106.93
  endloop
 endfacet
 facet normal 0.999363124370575 0.035681359469890594 -2.3202208210282294e-10
  outer loop
   vertex 0.41415277099609377 -4.5922587890625 106.9
   vertex 0.41400000000000003 -4.58797998046875 106.9
   vertex 0.41400000000000003 -4.58797998046875 106.93
  endloop
 endfacet
 facet normal -1.0 0.0 0.0
  outer loop
   vertex 0.534 -4.58797998046875 106.93
   vertex 0.534 -4.5363466796875 106.9
   vertex 0.534 -4.58797998046875 106.9
  endloop
 endfacet
 facet normal -1.0 0.0 0.0
  outer loop
   vertex 0.534 -4.5363466796875 106.9
   vertex 0.534 -3.133477294921875 106.93
   vertex 0.534 -3.133477294921875 106.9
  endloop
 endfacet
 facet normal -1.0 0.0 0.0
  outer loop
   vertex 0.534 -4.58797998046875 106.93
   vertex 0.534 -3.133477294921875 106.93
   vertex 0.534 -4.5363466796875 106.9
  endloop
 endfacet
 facet normal -0.49999991059303284 -0.866025447845459 -0.0
  outer loop
   vertex 0.38494119262695314 -2.8752998046875002 106.93
   vertex -0.839799560546875 -2.168195556640625 106.9
   vertex 0.38494119262695314 -2.8752998046875002 106.9
  endloop
 endfacet
 facet normal -0.5000014305114746 -0.8660245537757874 -1.1907961727786187e-08
  outer loop
   vertex -0.839799560546875 -2.168195556640625 106.9
   vertex -0.8746950073242188 -2.1480485839843753 106.93
   vertex -0.8746950073242188 -2.1480485839843753 106.9
  endloop
 endfacet
 facet normal -0.5 -0.866025447845459 1.3278720416565193e-06
  outer loop
   vertex 0.38494119262695314 -2.8752998046875002 106.93
   vertex -0.8746950073242188 -2.1480485839843753 106.93
   vertex -0.839799560546875 -2.168195556640625 106.9
  endloop
 endfacet
 facet normal 0.5323251485824585 0.8465400338172913 -0.0
  outer loop
   vertex -0.9346950073242187 -2.2519716796875002 106.9
   vertex -0.9385250854492188 -2.249563232421875 106.9
   vertex -0.9346950073242187 -2.2519716796875002 106.93
  endloop
 endfacet
 facet normal 0.5513878464698792 0.8342419862747192 -0.0034210211597383022
  outer loop
   vertex -0.9346950073242187 -2.2519716796875002 106.93
   vertex -0.9385250854492188 -2.249563232421875 106.9
   vertex -0.9407395629882813 -2.2479765625 106.93
  endloop
 endfacet
 facet normal 0.6479066610336304 0.7617148756980896 -0.0027257828041911125
  outer loop
   vertex -0.9407395629882813 -2.2479765625 106.93
   vertex -0.942162841796875 -2.246873291015625 106.9
   vertex -0.9462584838867187 -2.2432822265625 106.93
  endloop
 endfacet
 facet normal 0.5945570468902588 0.8040522933006287 0.001362251816317439
  outer loop
   vertex -0.9385250854492188 -2.249563232421875 106.9
   vertex -0.942162841796875 -2.246873291015625 106.9
   vertex -0.9407395629882813 -2.2479765625 106.93
  endloop
 endfacet
 facet normal 0.6534752249717712 0.7569466233253479 -0.001394782098941505
  outer loop
   vertex -0.942162841796875 -2.246873291015625 106.9
   vertex -0.9455875244140626 -2.243916748046875 106.9
   vertex -0.9462584838867187 -2.2432822265625 106.93
  endloop
 endfacet
 facet normal 0.7350013852119446 0.6780558824539185 -0.0036475686356425285
  outer loop
   vertex -0.9462584838867187 -2.2432822265625 106.93
   vertex -0.9487796630859375 -2.2407106933593752 106.9
   vertex -0.9511713256835937 -2.237956787109375 106.93
  endloop
 endfacet
 facet normal 0.7086427807807922 0.7055668830871582 0.0009257750934921205
  outer loop
   vertex -0.9455875244140626 -2.243916748046875 106.9
   vertex -0.9487796630859375 -2.2407106933593752 106.9
   vertex -0.9462584838867187 -2.2432822265625 106.93
  endloop
 endfacet
 facet normal 0.7597912549972534 0.6501665115356445 0.0008888872689567506
  outer loop
   vertex -0.9487796630859375 -2.2407106933593752 106.9
   vertex -0.95172119140625 -2.2372731933593752 106.9
   vertex -0.9511713256835937 -2.237956787109375 106.93
  endloop
 endfacet
 facet normal 0.8113809823989868 0.5845110416412354 -0.0027733517345041037
  outer loop
   vertex -0.9511713256835937 -2.237956787109375 106.93
   vertex -0.9543953247070313 -2.233623779296875 106.9
   vertex -0.9554064331054688 -2.232077880859375 106.93
  endloop
 endfacet
 facet normal 0.80662602186203 0.5910607576370239 -0.001316351117566228
  outer loop
   vertex -0.95172119140625 -2.2372731933593752 106.9
   vertex -0.9543953247070313 -2.233623779296875 106.9
   vertex -0.9511713256835937 -2.237956787109375 106.93
  endloop
 endfacet
 facet normal 0.8759075999259949 0.4824669361114502 -0.003400830551981926
  outer loop
   vertex -0.9554064331054688 -2.232077880859375 106.93
   vertex -0.9567868652343751 -2.2297832031250002 106.9
   vertex -0.9589020385742187 -2.225731689453125 106.93
  endloop
 endfacet
 facet normal 0.8488724231719971 0.5285959243774414 0.001371548743918538
  outer loop
   vertex -0.9543953247070313 -2.233623779296875 106.9
   vertex -0.9567868652343751 -2.2297832031250002 106.9
   vertex -0.9554064331054688 -2.232077880859375 106.93
  endloop
 endfacet
 facet normal 0.8862868547439575 0.4631367027759552 -5.84789268032182e-05
  outer loop
   vertex -0.9567868652343751 -2.2297832031250002 106.9
   vertex -0.9588822021484376 -2.2257734375 106.9
   vertex -0.9589020385742187 -2.225731689453125 106.93
  endloop
 endfacet
 facet normal 0.9186656475067139 0.3950359523296356 5.770213101641275e-05
  outer loop
   vertex -0.9588822021484376 -2.2257734375 106.9
   vertex -0.96066943359375 -2.2216171875 106.9
   vertex -0.9589020385742187 -2.225731689453125 106.93
  endloop
 endfacet
 facet normal 0.9276824593544006 0.37335410714149475 -0.0034471715334802866
  outer loop
   vertex -0.9589020385742187 -2.225731689453125 106.93
   vertex -0.96066943359375 -2.2216171875 106.9
   vertex -0.9616072387695312 -2.219010009765625 106.93
  endloop
 endfacet
 facet normal 0.9458224773406982 0.3246813118457794 0.0013498460175469518
  outer loop
   vertex -0.96066943359375 -2.2216171875 106.9
   vertex -0.962138427734375 -2.217337890625 106.9
   vertex -0.9616072387695312 -2.219010009765625 106.93
  endloop
 endfacet
 facet normal 0.9659226536750793 0.2588171362876892 -0.0026771461125463247
  outer loop
   vertex -0.9616072387695312 -2.219010009765625 106.93
   vertex -0.962138427734375 -2.217337890625 106.9
   vertex -0.9634824829101563 -2.212011474609375 106.93
  endloop
 endfacet
 facet normal 0.9675951600074768 0.25250235199928284 -0.0014810417778789997
  outer loop
   vertex -0.962138427734375 -2.217337890625 106.9
   vertex -0.9632808227539063 -2.212960205078125 106.9
   vertex -0.9634824829101563 -2.212011474609375 106.93
  endloop
 endfacet
 facet normal 0.9838709831237793 0.17887704074382782 0.0009567156666889787
  outer loop
   vertex -0.9632808227539063 -2.212960205078125 106.9
   vertex -0.964090087890625 -2.208509033203125 106.9
   vertex -0.9634824829101563 -2.212011474609375 106.93
  endloop
 endfacet
 facet normal 0.9900730848312378 0.1405063420534134 -0.0036486040335148573
  outer loop
   vertex -0.9634824829101563 -2.212011474609375 106.93
   vertex -0.964090087890625 -2.208509033203125 106.9
   vertex -0.96450048828125 -2.204838134765625 106.93
  endloop
 endfacet
 facet normal 0.9945546388626099 0.10421212762594223 0.0008537835092283785
  outer loop
   vertex -0.964090087890625 -2.208509033203125 106.9
   vertex -0.9645615844726563 -2.20400927734375 106.9
   vertex -0.96450048828125 -2.204838134765625 106.93
  endloop
 endfacet
 facet normal 0.9997178912162781 0.023712653666734695 -0.001380818197503686
  outer loop
   vertex -0.9645615844726563 -2.20400927734375 106.9
   vertex -0.9646838989257813 -2.1988525390625 106.9
   vertex -0.96450048828125 -2.204838134765625 106.93
  endloop
 endfacet
 facet normal 0.9997950792312622 0.020132703706622124 -0.0020955612417310476
  outer loop
   vertex -0.96450048828125 -2.204838134765625 106.93
   vertex -0.9646838989257813 -2.1988525390625 106.9
   vertex -0.9646463623046875 -2.197593994140625 106.93
  endloop
 endfacet
 facet normal 0.9980595707893372 -0.06225151941180229 0.001362751703709364
  outer loop
   vertex -0.9646838989257813 -2.1988525390625 106.9
   vertex -0.96436279296875 -2.193704345703125 106.9
   vertex -0.9646463623046875 -2.197593994140625 106.93
  endloop
 endfacet
 facet normal 0.994928240776062 -0.1005222275853157 -0.0036288327537477016
  outer loop
   vertex -0.9646463623046875 -2.197593994140625 106.93
   vertex -0.96436279296875 -2.193704345703125 106.9
   vertex -0.9639180297851563 -2.19038525390625 106.93
  endloop
 endfacet
 facet normal 0.9890232682228088 -0.14774999022483826 0.001683821203187108
  outer loop
   vertex -0.96436279296875 -2.193704345703125 106.9
   vertex -0.9636007080078125 -2.18860302734375 106.9
   vertex -0.9639180297851563 -2.19038525390625 106.93
  endloop
 endfacet
 facet normal 0.9755606651306152 -0.21971343457698822 -0.0027337484061717987
  outer loop
   vertex -0.9639180297851563 -2.19038525390625 106.93
   vertex -0.9636007080078125 -2.18860302734375 106.9
   vertex -0.9623261108398438 -2.18331689453125 106.93
  endloop
 endfacet
 facet normal 0.9726817607879639 -0.23214250802993774 -0.00042137422133237123
  outer loop
   vertex -0.9636007080078125 -2.18860302734375 106.9
   vertex -0.9624032592773438 -2.183585693359375 106.9
   vertex -0.9623261108398438 -2.18331689453125 106.93
  endloop
 endfacet
 facet normal 0.9419628977775574 -0.33570170402526855 -0.0032097361981868744
  outer loop
   vertex -0.9623261108398438 -2.18331689453125 106.93
   vertex -0.9607793579101562 -2.17868994140625 106.9
   vertex -0.959893798828125 -2.176491943359375 106.93
  endloop
 endfacet
 facet normal 0.9491483569145203 -0.3148287236690521 0.00038000926724635065
  outer loop
   vertex -0.9624032592773438 -2.183585693359375 106.9
   vertex -0.9607793579101562 -2.17868994140625 106.9
   vertex -0.9623261108398438 -2.18331689453125 106.93
  endloop
 endfacet
 facet normal 0.8946273326873779 -0.44679978489875793 -0.0034529452677816153
  outer loop
   vertex -0.959893798828125 -2.176491943359375 106.93
   vertex -0.9587409057617188 -2.17395166015625 106.9
   vertex -0.9566565551757813 -2.170010009765625 106.93
  endloop
 endfacet
 facet normal 0.9185978770256042 -0.3951892554759979 0.001838418422266841
  outer loop
   vertex -0.9607793579101562 -2.17868994140625 106.9
   vertex -0.9587409057617188 -2.17395166015625 106.9
   vertex -0.959893798828125 -2.176491943359375 106.93
  endloop
 endfacet
 facet normal 0.8812621235847473 -0.47262704372406006 0.0008690452086739242
  outer loop
   vertex -0.9587409057617188 -2.17395166015625 106.9
   vertex -0.9563030395507812 -2.169406005859375 106.9
   vertex -0.9566565551757813 -2.170010009765625 106.93
  endloop
 endfacet
 facet normal 0.8342512845993042 -0.5513798594474792 -0.0022620144300162792
  outer loop
   vertex -0.9566565551757813 -2.170010009765625 106.93
   vertex -0.9534837646484375 -2.16508642578125 106.9
   vertex -0.95266162109375 -2.1639655761718752 106.93
  endloop
 endfacet
 facet normal 0.8374186158180237 -0.5465608239173889 -0.0011361438082531095
  outer loop
   vertex -0.9563030395507812 -2.169406005859375 106.9
   vertex -0.9534837646484375 -2.16508642578125 106.9
   vertex -0.9566565551757813 -2.170010009765625 106.93
  endloop
 endfacet
 facet normal 0.7617114186286926 -0.6479062438011169 -0.003642050316557288
  outer loop
   vertex -0.95266162109375 -2.1639655761718752 106.93
   vertex -0.950303955078125 -2.161025146484375 106.9
   vertex -0.9479671630859375 -2.158446533203125 106.93
  endloop
 endfacet
 facet normal 0.7873708009719849 -0.6164779663085938 0.0014549081679433584
  outer loop
   vertex -0.9534837646484375 -2.16508642578125 106.9
   vertex -0.950303955078125 -2.161025146484375 106.9
   vertex -0.95266162109375 -2.1639655761718752 106.93
  endloop
 endfacet
 facet normal 0.6780622601509094 -0.7349998354911804 -0.0025987669359892607
  outer loop
   vertex -0.9479671630859375 -2.158446533203125 106.93
   vertex -0.9467869873046875 -2.1572517089843752 106.9
   vertex -0.9426417846679688 -2.15353369140625 106.93
  endloop
 endfacet
 facet normal 0.7315286993980408 -0.6818087697029114 0.0016230265609920025
  outer loop
   vertex -0.950303955078125 -2.161025146484375 106.9
   vertex -0.9467869873046875 -2.1572517089843752 106.9
   vertex -0.9479671630859375 -2.158446533203125 106.93
  endloop
 endfacet
 facet normal 0.6702306270599365 -0.7421526312828064 -0.0006301772082224488
  outer loop
   vertex -0.9467869873046875 -2.1572517089843752 106.9
   vertex -0.942958984375 -2.153794677734375 106.9
   vertex -0.9426417846679688 -2.15353369140625 106.93
  endloop
 endfacet
 facet normal 0.5845181345939636 -0.8113739490509033 -0.00329357897862792
  outer loop
   vertex -0.9426417846679688 -2.15353369140625 106.93
   vertex -0.93884814453125 -2.150678955078125 106.9
   vertex -0.9367630004882813 -2.149298583984375 106.93
  endloop
 endfacet
 facet normal 0.6040362119674683 -0.7969567179679871 0.0005464901914820075
  outer loop
   vertex -0.942958984375 -2.153794677734375 106.9
   vertex -0.93884814453125 -2.150678955078125 106.9
   vertex -0.9426417846679688 -2.15353369140625 106.93
  endloop
 endfacet
 facet normal 0.4824526906013489 -0.8759154677391052 -0.003389478661119938
  outer loop
   vertex -0.9367630004882813 -2.149298583984375 106.93
   vertex -0.9344849243164063 -2.147927734375 106.9
   vertex -0.9304165649414062 -2.145802978515625 106.93
  endloop
 endfacet
 facet normal 0.5333686470985413 -0.8458808660507202 0.0018492998788133264
  outer loop
   vertex -0.93884814453125 -2.150678955078125 106.9
   vertex -0.9344849243164063 -2.147927734375 106.9
   vertex -0.9367630004882813 -2.149298583984375 106.93
  endloop
 endfacet
 facet normal 0.4587344527244568 -0.888573169708252 0.0007234818767756224
  outer loop
   vertex -0.9344849243164063 -2.147927734375 106.9
   vertex -0.9299015502929687 -2.1455615234375 106.9
   vertex -0.9304165649414062 -2.145802978515625 106.93
  endloop
 endfacet
 facet normal 0.37335240840911865 -0.9276863932609558 -0.0024184908252209425
  outer loop
   vertex -0.9304165649414062 -2.145802978515625 106.93
   vertex -0.9251318359375 -2.143597900390625 106.9
   vertex -0.9236951293945312 -2.143097900390625 106.93
  endloop
 endfacet
 facet normal 0.3806871473789215 -0.9247034192085266 -0.0009071628446690738
  outer loop
   vertex -0.9299015502929687 -2.1455615234375 106.9
   vertex -0.9251318359375 -2.143597900390625 106.9
   vertex -0.9304165649414062 -2.145802978515625 106.93
  endloop
 endfacet
 facet normal 0.25881633162498474 -0.9659196734428406 -0.0036492927465587854
  outer loop
   vertex -0.9236951293945312 -2.143097900390625 106.93
   vertex -0.9202111206054687 -2.142051025390625 106.9
   vertex -0.9166965942382813 -2.14122265625 106.93
  endloop
 endfacet
 facet normal 0.29989054799079895 -0.9539723992347717 0.001537715783342719
  outer loop
   vertex -0.9251318359375 -2.143597900390625 106.9
   vertex -0.9202111206054687 -2.142051025390625 106.9
   vertex -0.9236951293945312 -2.143097900390625 106.93
  endloop
 endfacet
 facet normal 0.22396405041217804 -0.9745970964431763 0.0006732874317094684
  outer loop
   vertex -0.9202111206054687 -2.142051025390625 106.9
   vertex -0.9160380249023438 -2.141092041015625 106.9
   vertex -0.9166965942382813 -2.14122265625 106.93
  endloop
 endfacet
 facet normal 0.14051012694835663 -0.9900741577148438 -0.003156766528263688
  outer loop
   vertex -0.9166965942382813 -2.14122265625 106.93
   vertex -0.9118071899414063 -2.14043310546875 106.9
   vertex -0.9095230102539062 -2.14020458984375 106.93
  endloop
 endfacet
 facet normal 0.15389065444469452 -0.9880874752998352 -0.0009237203630618751
  outer loop
   vertex -0.9160380249023438 -2.141092041015625 106.9
   vertex -0.9118071899414063 -2.14043310546875 106.9
   vertex -0.9166965942382813 -2.14122265625 106.93
  endloop
 endfacet
 facet normal 0.020150011405348778 -0.9997926950454712 -0.002899038139730692
  outer loop
   vertex -0.9095230102539062 -2.14020458984375 106.93
   vertex -0.9075401000976563 -2.14007763671875 106.9
   vertex -0.902279052734375 -2.14005859375 106.93
  endloop
 endfacet
 facet normal 0.08301709592342377 -0.9965472221374512 0.00127002177760005
  outer loop
   vertex -0.9118071899414063 -2.14043310546875 106.9
   vertex -0.9075401000976563 -2.14007763671875 106.9
   vertex -0.9095230102539062 -2.14020458984375 106.93
  endloop
 endfacet
 facet normal 0.011745603755116463 -0.9999300241470337 -0.0014250846579670906
  outer loop
   vertex -0.9075401000976563 -2.14007763671875 106.9
   vertex -0.9032585449218751 -2.14002734375 106.9
   vertex -0.902279052734375 -2.14005859375 106.93
  endloop
 endfacet
 facet normal -0.10054808109998703 -0.9949256181716919 -0.003617958165705204
  outer loop
   vertex -0.902279052734375 -2.14005859375 106.93
   vertex -0.8989843139648438 -2.140282470703125 106.9
   vertex -0.8950703735351563 -2.140787109375 106.93
  endloop
 endfacet
 facet normal -0.05958348512649536 -0.9982229471206665 0.0009055697009898722
  outer loop
   vertex -0.9032585449218751 -2.14002734375 106.9
   vertex -0.8989843139648438 -2.140282470703125 106.9
   vertex -0.902279052734375 -2.14005859375 106.93
  endloop
 endfacet
 facet normal -0.1306285560131073 -0.9914313554763794 0.000365259445970878
  outer loop
   vertex -0.8989843139648438 -2.140282470703125 106.9
   vertex -0.8947391967773438 -2.140841796875 106.9
   vertex -0.8950703735351563 -2.140787109375 106.93
  endloop
 endfacet
 facet normal -0.21969695389270782 -0.9755622744560242 -0.003370473627001047
  outer loop
   vertex -0.8950703735351563 -2.140787109375 106.93
   vertex -0.8905447387695312 -2.14170263671875 106.9
   vertex -0.8880020141601562 -2.14237890625 106.93
  endloop
 endfacet
 facet normal -0.2010423243045807 -0.9795824289321899 -0.00043365434976294637
  outer loop
   vertex -0.8947391967773438 -2.140841796875 106.9
   vertex -0.8905447387695312 -2.14170263671875 106.9
   vertex -0.8950703735351563 -2.140787109375 106.93
  endloop
 endfacet
 facet normal -0.3357097804546356 -0.9419620037078857 -0.0025683853309601545
  outer loop
   vertex -0.8880020141601562 -2.14237890625 106.93
   vertex -0.8864223022460938 -2.142860107421875 106.9
   vertex -0.8811770629882812 -2.144811279296875 106.93
  endloop
 endfacet
 facet normal -0.27032020688056946 -0.9627698063850403 0.0012085980270057917
  outer loop
   vertex -0.8905447387695312 -2.14170263671875 106.9
   vertex -0.8864223022460938 -2.142860107421875 106.9
   vertex -0.8880020141601562 -2.14237890625 106.93
  endloop
 endfacet
 facet normal -0.33834320306777954 -0.9410206079483032 -0.002046728739514947
  outer loop
   vertex -0.8864223022460938 -2.142860107421875 106.9
   vertex -0.8823930053710938 -2.144308837890625 106.9
   vertex -0.8811770629882812 -2.144811279296875 106.93
  endloop
 endfacet
 facet normal -0.404592901468277 -0.9144963026046753 0.0010826954385265708
  outer loop
   vertex -0.8823930053710938 -2.144308837890625 106.9
   vertex -0.8784772338867187 -2.146041259765625 106.9
   vertex -0.8811770629882812 -2.144811279296875 106.93
  endloop
 endfacet
 facet normal -0.44679969549179077 -0.8946270942687988 -0.003530299523845315
  outer loop
   vertex -0.8811770629882812 -2.144811279296875 106.93
   vertex -0.8784772338867187 -2.146041259765625 106.9
   vertex -0.8746950073242188 -2.1480485839843753 106.93
  endloop
 endfacet
 facet normal -0.4687938690185547 -0.8833075761795044 0.0
  outer loop
   vertex -0.8784772338867187 -2.146041259765625 106.9
   vertex -0.8746950073242188 -2.1480485839843753 106.9
   vertex -0.8746950073242188 -2.1480485839843753 106.93
  endloop
 endfacet
 facet normal 0.49999991059303284 0.866025447845459 0.0
  outer loop
   vertex -0.9346950073242187 -2.2519716796875002 106.93
   vertex -0.889979248046875 -2.277788330078125 106.9
   vertex -0.9346950073242187 -2.2519716796875002 106.9
  endloop
 endfacet
 facet normal 0.4999999403953552 0.8660253882408142 2.76532404086538e-07
  outer loop
   vertex -0.889979248046875 -2.277788330078125 106.9
   vertex 0.32494119262695315 -2.979222900390625 106.93
   vertex 0.32494119262695315 -2.979222900390625 106.9
  endloop
 endfacet
 facet normal 0.5 0.866025447845459 3.8097187626817686e-08
  outer loop
   vertex -0.9346950073242187 -2.2519716796875002 106.93
   vertex 0.32494119262695315 -2.979222900390625 106.93
   vertex -0.889979248046875 -2.277788330078125 106.9
  endloop
 endfacet
 facet normal 0.192988321185112 0.9812010526657104 5.182930126745866e-11
  outer loop
   vertex 0.24713966369628906 -4.602419921875 103.0
   vertex 0.17943571472167968 -4.589103515625 103.0
   vertex 0.17943571472167968 -4.589103515625 106.9
  endloop
 endfacet
 facet normal 0.192988321185112 0.9812010526657104 -0.0
  outer loop
   vertex 0.24713966369628906 -4.602419921875 103.0
   vertex 0.17943571472167968 -4.589103515625 106.9
   vertex 0.24713966369628906 -4.602419921875 106.9
  endloop
 endfacet
 facet normal 0.16955554485321045 0.985520601272583 -0.0
  outer loop
   vertex 0.31514276123046875 -4.61411962890625 103.0
   vertex 0.24713966369628906 -4.602419921875 106.9
   vertex 0.31514276123046875 -4.61411962890625 106.9
  endloop
 endfacet
 facet normal 0.16955554485321045 0.985520601272583 5.440327702221914e-11
  outer loop
   vertex 0.31514276123046875 -4.61411962890625 103.0
   vertex 0.24713966369628906 -4.602419921875 103.0
   vertex 0.24713966369628906 -4.602419921875 106.9
  endloop
 endfacet
 facet normal 0.14888489246368408 0.9888545274734497 -0.0
  outer loop
   vertex 0.3732677001953125 -4.62287109375 103.0
   vertex 0.31514276123046875 -4.61411962890625 106.9
   vertex 0.3732677001953125 -4.62287109375 106.9
  endloop
 endfacet
 facet normal 0.14888489246368408 0.9888545274734497 -6.617183190282816e-11
  outer loop
   vertex 0.3732677001953125 -4.62287109375 103.0
   vertex 0.31514276123046875 -4.61411962890625 103.0
   vertex 0.31514276123046875 -4.61411962890625 106.9
  endloop
 endfacet
 facet normal 0.12803445756435394 0.9917696714401245 -0.0
  outer loop
   vertex 0.43156402587890624 -4.63039697265625 103.0
   vertex 0.3732677001953125 -4.62287109375 106.9
   vertex 0.43156402587890624 -4.63039697265625 106.9
  endloop
 endfacet
 facet normal 0.12803445756435394 0.9917696714401245 -3.783102650589676e-11
  outer loop
   vertex 0.43156402587890624 -4.63039697265625 103.0
   vertex 0.3732677001953125 -4.62287109375 103.0
   vertex 0.3732677001953125 -4.62287109375 106.9
  endloop
 endfacet
 facet normal 0.10849400609731674 0.9940970540046692 -0.0
  outer loop
   vertex 0.46523065185546875 -4.6340712890625 103.0
   vertex 0.43156402587890624 -4.63039697265625 106.9
   vertex 0.46523065185546875 -4.6340712890625 106.9
  endloop
 endfacet
 facet normal 0.09471859782934189 0.9955040812492371 -0.0
  outer loop
   vertex 0.46523065185546875 -4.6340712890625 103.0
   vertex 0.46523065185546875 -4.6340712890625 106.9
   vertex 0.48630221557617187 -4.6360761718750005 106.9
  endloop
 endfacet
 facet normal 0.10849400609731674 0.9940970540046692 -4.0615067732618915e-12
  outer loop
   vertex 0.46523065185546875 -4.6340712890625 103.0
   vertex 0.43156402587890624 -4.63039697265625 103.0
   vertex 0.43156402587890624 -4.63039697265625 106.9
  endloop
 endfacet
 facet normal 0.09471859782934189 0.9955040812492371 -0.0
  outer loop
   vertex 0.48630221557617187 -4.6360761718750005 103.0
   vertex 0.46523065185546875 -4.6340712890625 103.0
   vertex 0.48630221557617187 -4.6360761718750005 106.9
  endloop
 endfacet
 facet normal 0.08267606049776077 0.9965764284133911 -0.0
  outer loop
   vertex 0.5073966979980469 -4.637826171875 103.0
   vertex 0.48630221557617187 -4.6360761718750005 106.9
   vertex 0.5073966979980469 -4.637826171875 106.9
  endloop
 endfacet
 facet normal 0.08267606049776077 0.9965764284133911 0.0
  outer loop
   vertex 0.5073966979980469 -4.637826171875 103.0
   vertex 0.48630221557617187 -4.6360761718750005 103.0
   vertex 0.48630221557617187 -4.6360761718750005 106.9
  endloop
 endfacet
 facet normal 0.05763401463627815 0.9983378052711487 -0.0
  outer loop
   vertex 0.558956787109375 -4.640802734375 103.0
   vertex 0.5073966979980469 -4.637826171875 106.9
   vertex 0.558956787109375 -4.640802734375 106.9
  endloop
 endfacet
 facet normal 0.05763401463627815 0.9983378052711487 2.2490181592060843e-11
  outer loop
   vertex 0.558956787109375 -4.640802734375 103.0
   vertex 0.5073966979980469 -4.637826171875 103.0
   vertex 0.5073966979980469 -4.637826171875 106.9
  endloop
 endfacet
 facet normal 0.016516638919711113 0.9998636245727539 -0.0
  outer loop
   vertex 0.60078271484375 -4.64149365234375 103.0
   vertex 0.558956787109375 -4.640802734375 106.9
   vertex 0.60078271484375 -4.64149365234375 106.9
  endloop
 endfacet
 facet normal 0.016516638919711113 0.9998636245727539 -7.307026077957302e-13
  outer loop
   vertex 0.60078271484375 -4.64149365234375 103.0
   vertex 0.558956787109375 -4.640802734375 103.0
   vertex 0.558956787109375 -4.640802734375 106.9
  endloop
 endfacet
 facet normal -0.031016463413834572 0.999518871307373 0.0
  outer loop
   vertex 0.6391290893554687 -4.6403037109375 103.0
   vertex 0.60078271484375 -4.64149365234375 106.9
   vertex 0.6391290893554687 -4.6403037109375 106.9
  endloop
 endfacet
 facet normal -0.0877581238746643 0.9961418509483337 0.0
  outer loop
   vertex 0.6391290893554687 -4.6403037109375 103.0
   vertex 0.6391290893554687 -4.6403037109375 106.9
   vertex 0.6717964477539062 -4.63742578125 106.9
  endloop
 endfacet
 facet normal -0.031016463413834572 0.999518871307373 -8.166502196704784e-12
  outer loop
   vertex 0.6391290893554687 -4.6403037109375 103.0
   vertex 0.60078271484375 -4.64149365234375 103.0
   vertex 0.60078271484375 -4.64149365234375 106.9
  endloop
 endfacet
 facet normal -0.0877581238746643 0.9961418509483337 0.0
  outer loop
   vertex 0.6717964477539062 -4.63742578125 103.0
   vertex 0.6391290893554687 -4.6403037109375 103.0
   vertex 0.6717964477539062 -4.63742578125 106.9
  endloop
 endfacet
 facet normal -0.15397591888904572 0.9880746603012085 0.0
  outer loop
   vertex 0.6994544067382813 -4.6331157226562505 103.0
   vertex 0.6717964477539062 -4.63742578125 106.9
   vertex 0.6994544067382813 -4.6331157226562505 106.9
  endloop
 endfacet
 facet normal -0.2328011691570282 0.9725243449211121 0.0
  outer loop
   vertex 0.6994544067382813 -4.6331157226562505 103.0
   vertex 0.6994544067382813 -4.6331157226562505 106.9
   vertex 0.7221348266601563 -4.6276865234375 106.9
  endloop
 endfacet
 facet normal -0.15397591888904572 0.9880746603012085 3.1667453381789556e-11
  outer loop
   vertex 0.6994544067382813 -4.6331157226562505 103.0
   vertex 0.6717964477539062 -4.63742578125 103.0
   vertex 0.6717964477539062 -4.63742578125 106.9
  endloop
 endfacet
 facet normal -0.2328011691570282 0.9725243449211121 0.0
  outer loop
   vertex 0.7221348266601563 -4.6276865234375 103.0
   vertex 0.6994544067382813 -4.6331157226562505 103.0
   vertex 0.7221348266601563 -4.6276865234375 106.9
  endloop
 endfacet
 facet normal -0.32143399119377136 0.9469320178031921 0.0
  outer loop
   vertex 0.7221348266601563 -4.6276865234375 103.0
   vertex 0.7221348266601563 -4.6276865234375 106.9
   vertex 0.7386684570312501 -4.62207421875 106.9
  endloop
 endfacet
 facet normal -0.4236479699611664 0.9058269262313843 0.0
  outer loop
   vertex 0.7386684570312501 -4.62207421875 103.0
   vertex 0.7386684570312501 -4.62207421875 106.9
   vertex 0.7513721313476562 -4.6161328125 106.9
  endloop
 endfacet
 facet normal -0.32143399119377136 0.9469320178031921 0.0
  outer loop
   vertex 0.7386684570312501 -4.62207421875 103.0
   vertex 0.7221348266601563 -4.6276865234375 103.0
   vertex 0.7386684570312501 -4.62207421875 106.9
  endloop
 endfacet
 facet normal -0.4236479699611664 0.9058269262313843 0.0
  outer loop
   vertex 0.7513721313476562 -4.6161328125 103.0
   vertex 0.7386684570312501 -4.62207421875 103.0
   vertex 0.7513721313476562 -4.6161328125 106.9
  endloop
 endfacet
 facet normal -0.5488609075546265 0.8359135985374451 4.8419927789478123e-11
  outer loop
   vertex 0.761926025390625 -4.6092031250000005 103.0
   vertex 0.7513721313476562 -4.6161328125 103.0
   vertex 0.7513721313476562 -4.6161328125 106.9
  endloop
 endfacet
 facet normal -0.5488609075546265 0.8359135985374451 0.0
  outer loop
   vertex 0.761926025390625 -4.6092031250000005 103.0
   vertex 0.7513721313476562 -4.6161328125 106.9
   vertex 0.761926025390625 -4.6092031250000005 106.9
  endloop
 endfacet
 facet normal -0.7027308940887451 0.7114556431770325 4.7138466741092344e-11
  outer loop
   vertex 0.7679234008789063 -4.603279296875 103.0
   vertex 0.761926025390625 -4.6092031250000005 103.0
   vertex 0.761926025390625 -4.6092031250000005 106.9
  endloop
 endfacet
 facet normal -0.7027308940887451 0.7114556431770325 0.0
  outer loop
   vertex 0.7679234008789063 -4.603279296875 103.0
   vertex 0.761926025390625 -4.6092031250000005 106.9
   vertex 0.7679234008789063 -4.603279296875 106.9
  endloop
 endfacet
 facet normal -0.8459204435348511 0.5333091020584106 0.0
  outer loop
   vertex 0.7717655029296875 -4.59718505859375 103.0
   vertex 0.7679234008789063 -4.603279296875 106.9
   vertex 0.7717655029296875 -4.59718505859375 106.9
  endloop
 endfacet
 facet normal -0.8459204435348511 0.5333091020584106 -2.8639099772242993e-11
  outer loop
   vertex 0.7717655029296875 -4.59718505859375 103.0
   vertex 0.7679234008789063 -4.603279296875 103.0
   vertex 0.7679234008789063 -4.603279296875 106.9
  endloop
 endfacet
 facet normal -0.9469476938247681 0.32138770818710327 -7.997717071939192e-12
  outer loop
   vertex 0.7736079711914062 -4.59175634765625 103.0
   vertex 0.7717655029296875 -4.59718505859375 103.0
   vertex 0.7717655029296875 -4.59718505859375 106.9
  endloop
 endfacet
 facet normal -0.9469476938247681 0.32138770818710327 0.0
  outer loop
   vertex 0.7736079711914062 -4.59175634765625 103.0
   vertex 0.7717655029296875 -4.59718505859375 106.9
   vertex 0.7736079711914062 -4.59175634765625 106.9
  endloop
 endfacet
 facet normal -0.9965808391571045 0.0826234519481659 0.0
  outer loop
   vertex 0.7739837646484375 -4.5872236328125 103.0
   vertex 0.7736079711914062 -4.59175634765625 106.9
   vertex 0.7739837646484375 -4.5872236328125 106.9
  endloop
 endfacet
 facet normal -0.9886972308158875 -0.14992588758468628 0.0
  outer loop
   vertex 0.7739837646484375 -4.5872236328125 103.0
   vertex 0.7739837646484375 -4.5872236328125 106.9
   vertex 0.773367431640625 -4.5831591796875 106.9
  endloop
 endfacet
 facet normal -0.9965808391571045 0.0826234519481659 -1.6801174167191402e-12
  outer loop
   vertex 0.7739837646484375 -4.5872236328125 103.0
   vertex 0.7736079711914062 -4.59175634765625 103.0
   vertex 0.7736079711914062 -4.59175634765625 106.9
  endloop
 endfacet
 facet normal -0.9886972308158875 -0.14992588758468628 0.0
  outer loop
   vertex 0.773367431640625 -4.5831591796875 103.0
   vertex 0.7739837646484375 -4.5872236328125 103.0
   vertex 0.773367431640625 -4.5831591796875 106.9
  endloop
 endfacet
 facet normal -0.9424804449081421 -0.3342612683773041 0.0
  outer loop
   vertex 0.771966796875 -4.5792099609375 103.0
   vertex 0.773367431640625 -4.5831591796875 103.0
   vertex 0.773367431640625 -4.5831591796875 106.9
  endloop
 endfacet
 facet normal -0.9424804449081421 -0.3342612683773041 0.0
  outer loop
   vertex 0.771966796875 -4.5792099609375 103.0
   vertex 0.773367431640625 -4.5831591796875 106.9
   vertex 0.771966796875 -4.5792099609375 106.9
  endloop
 endfacet
 facet normal -0.8779832124710083 -0.47869130969047546 0.0
  outer loop
   vertex 0.7699296875 -4.5754736328125 103.0
   vertex 0.771966796875 -4.5792099609375 103.0
   vertex 0.771966796875 -4.5792099609375 106.9
  endloop
 endfacet
 facet normal -0.8779832124710083 -0.47869130969047546 0.0
  outer loop
   vertex 0.7699296875 -4.5754736328125 103.0
   vertex 0.771966796875 -4.5792099609375 106.9
   vertex 0.7699296875 -4.5754736328125 106.9
  endloop
 endfacet
 facet normal -0.7924498915672302 -0.6099370121955872 0.0
  outer loop
   vertex 0.7664788818359375 -4.570990234375 103.0
   vertex 0.7699296875 -4.5754736328125 106.9
   vertex 0.7664788818359375 -4.570990234375 106.9
  endloop
 endfacet
 facet normal -0.6811412572860718 -0.732151985168457 0.0
  outer loop
   vertex 0.7664788818359375 -4.570990234375 103.0
   vertex 0.7664788818359375 -4.570990234375 106.9
   vertex 0.7619436645507812 -4.56677099609375 106.9
  endloop
 endfacet
 facet normal -0.7924498915672302 -0.6099370121955872 -1.620806787394624e-11
  outer loop
   vertex 0.7664788818359375 -4.570990234375 103.0
   vertex 0.7699296875 -4.5754736328125 103.0
   vertex 0.7699296875 -4.5754736328125 106.9
  endloop
 endfacet
 facet normal -0.6811412572860718 -0.732151985168457 0.0
  outer loop
   vertex 0.7619436645507812 -4.56677099609375 103.0
   vertex 0.7664788818359375 -4.570990234375 103.0
   vertex 0.7619436645507812 -4.56677099609375 106.9
  endloop
 endfacet
 facet normal -0.5652269721031189 -0.8249354958534241 0.0
  outer loop
   vertex 0.7540213012695313 -4.5613427734375005 103.0
   vertex 0.7619436645507812 -4.56677099609375 106.9
   vertex 0.7540213012695313 -4.5613427734375005 106.9
  endloop
 endfacet
 facet normal -0.5652269721031189 -0.8249354958534241 1.909685951040352e-11
  outer loop
   vertex 0.7540213012695313 -4.5613427734375005 103.0
   vertex 0.7619436645507812 -4.56677099609375 103.0
   vertex 0.7619436645507812 -4.56677099609375 106.9
  endloop
 endfacet
 facet normal -0.4611046314239502 -0.8873457908630371 0.0
  outer loop
   vertex 0.7442950439453125 -4.55628857421875 103.0
   vertex 0.7540213012695313 -4.5613427734375005 106.9
   vertex 0.7442950439453125 -4.55628857421875 106.9
  endloop
 endfacet
 facet normal -0.4611046314239502 -0.8873457908630371 2.997789169678633e-11
  outer loop
   vertex 0.7442950439453125 -4.55628857421875 103.0
   vertex 0.7540213012695313 -4.5613427734375005 103.0
   vertex 0.7540213012695313 -4.5613427734375005 106.9
  endloop
 endfacet
 facet normal -0.36095184087753296 -0.9325844645500183 0.0
  outer loop
   vertex 0.7293341674804688 -4.550498046875 103.0
   vertex 0.7442950439453125 -4.55628857421875 106.9
   vertex 0.7293341674804688 -4.550498046875 106.9
  endloop
 endfacet
 facet normal -0.36095184087753296 -0.9325844645500183 -2.1435280633808063e-11
  outer loop
   vertex 0.7293341674804688 -4.550498046875 103.0
   vertex 0.7442950439453125 -4.55628857421875 103.0
   vertex 0.7442950439453125 -4.55628857421875 106.9
  endloop
 endfacet
 facet normal -0.2683979868888855 -0.9633080959320068 3.039391655024204e-11
  outer loop
   vertex 0.7099586181640625 -4.545099609375 103.0
   vertex 0.7293341674804688 -4.550498046875 103.0
   vertex 0.7293341674804688 -4.550498046875 106.9
  endloop
 endfacet
 facet normal -0.2683979868888855 -0.9633080959320068 0.0
  outer loop
   vertex 0.7099586181640625 -4.545099609375 103.0
   vertex 0.7293341674804688 -4.550498046875 106.9
   vertex 0.7099586181640625 -4.545099609375 106.9
  endloop
 endfacet
 facet normal -0.18932589888572693 -0.9819142818450928 0.0
  outer loop
   vertex 0.7099586181640625 -4.545099609375 103.0
   vertex 0.7099586181640625 -4.545099609375 106.9
   vertex 0.6862679443359375 -4.54053173828125 106.9
  endloop
 endfacet
 facet normal -0.18932589888572693 -0.9819142818450928 0.0
  outer loop
   vertex 0.6862679443359375 -4.54053173828125 103.0
   vertex 0.7099586181640625 -4.545099609375 103.0
   vertex 0.6862679443359375 -4.54053173828125 106.9
  endloop
 endfacet
 facet normal -0.12116912007331848 -0.9926318526268005 0.0
  outer loop
   vertex 0.6576915283203125 -4.53704345703125 103.0
   vertex 0.6862679443359375 -4.54053173828125 106.9
   vertex 0.6576915283203125 -4.53704345703125 106.9
  endloop
 endfacet
 facet normal -0.12116912007331848 -0.9926318526268005 2.548221529619088e-11
  outer loop
   vertex 0.6576915283203125 -4.53704345703125 103.0
   vertex 0.6862679443359375 -4.54053173828125 103.0
   vertex 0.6862679443359375 -4.54053173828125 106.9
  endloop
 endfacet
 facet normal -0.06230867654085159 -0.998056948184967 0.0
  outer loop
   vertex 0.6240757446289062 -4.5349448242187504 103.0
   vertex 0.6576915283203125 -4.53704345703125 106.9
   vertex 0.6240757446289062 -4.5349448242187504 106.9
  endloop
 endfacet
 facet normal -0.06230867654085159 -0.998056948184967 8.621466388025745e-12
  outer loop
   vertex 0.6240757446289062 -4.5349448242187504 103.0
   vertex 0.6576915283203125 -4.53704345703125 103.0
   vertex 0.6576915283203125 -4.53704345703125 106.9
  endloop
 endfacet
 facet normal -0.011135529726743698 -0.9999380111694336 3.143567003927039e-12
  outer loop
   vertex 0.5851841430664063 -4.53451171875 103.0
   vertex 0.6240757446289062 -4.5349448242187504 103.0
   vertex 0.6240757446289062 -4.5349448242187504 106.9
  endloop
 endfacet
 facet normal -0.011135529726743698 -0.9999380111694336 0.0
  outer loop
   vertex 0.5851841430664063 -4.53451171875 103.0
   vertex 0.6240757446289062 -4.5349448242187504 106.9
   vertex 0.5851841430664063 -4.53451171875 106.9
  endloop
 endfacet
 facet normal 0.024290621280670166 -0.9997049570083618 0.0
  outer loop
   vertex 0.5595822143554687 -4.5351337890625 103.0
   vertex 0.5851841430664063 -4.53451171875 106.9
   vertex 0.5595822143554687 -4.5351337890625 106.9
  endloop
 endfacet
 facet normal 0.024290621280670166 -0.9997049570083618 -1.1935610919749928e-12
  outer loop
   vertex 0.5595822143554687 -4.5351337890625 103.0
   vertex 0.5851841430664063 -4.53451171875 103.0
   vertex 0.5851841430664063 -4.53451171875 106.9
  endloop
 endfacet
 facet normal 0.04735828563570976 -0.998878002166748 8.354449944347753e-12
  outer loop
   vertex 0.534 -4.5363466796875 103.0
   vertex 0.5595822143554687 -4.5351337890625 103.0
   vertex 0.5595822143554687 -4.5351337890625 106.9
  endloop
 endfacet
 facet normal 0.04735828563570976 -0.998878002166748 0.0
  outer loop
   vertex 0.534 -4.5363466796875 103.0
   vertex 0.5595822143554687 -4.5351337890625 106.9
   vertex 0.534 -4.5363466796875 106.9
  endloop
 endfacet
 facet normal 0.07009755074977875 -0.9975401163101196 0.0
  outer loop
   vertex 0.49823553466796877 -4.5388598632812505 103.0
   vertex 0.534 -4.5363466796875 106.9
   vertex 0.49823553466796877 -4.5388598632812505 106.9
  endloop
 endfacet
 facet normal 0.07009755074977875 -0.9975401163101196 -2.131395781439574e-13
  outer loop
   vertex 0.49823553466796877 -4.5388598632812505 103.0
   vertex 0.534 -4.5363466796875 103.0
   vertex 0.534 -4.5363466796875 106.9
  endloop
 endfacet
 facet normal 0.09210821241140366 -0.9957489371299744 -2.7069369315513292e-11
  outer loop
   vertex 0.4625361328125 -4.542162109375 103.0
   vertex 0.49823553466796877 -4.5388598632812505 103.0
   vertex 0.49823553466796877 -4.5388598632812505 106.9
  endloop
 endfacet
 facet normal 0.09210821241140366 -0.9957489371299744 0.0
  outer loop
   vertex 0.4625361328125 -4.542162109375 103.0
   vertex 0.49823553466796877 -4.5388598632812505 106.9
   vertex 0.4625361328125 -4.542162109375 106.9
  endloop
 endfacet
 facet normal 0.10759145766496658 -0.9941952228546143 0.0
  outer loop
   vertex 0.4625361328125 -4.542162109375 103.0
   vertex 0.4625361328125 -4.542162109375 106.9
   vertex 0.4382528381347656 -4.5447900390625 106.9
  endloop
 endfacet
 facet normal 0.10759145766496658 -0.9941952228546143 0.0
  outer loop
   vertex 0.4382528381347656 -4.5447900390625 103.0
   vertex 0.4625361328125 -4.542162109375 103.0
   vertex 0.4382528381347656 -4.5447900390625 106.9
  endloop
 endfacet
 facet normal 0.11856625229120255 -0.9929461479187012 0.0
  outer loop
   vertex 0.41400000000000003 -4.54768603515625 103.0
   vertex 0.4382528381347656 -4.5447900390625 106.9
   vertex 0.41400000000000003 -4.54768603515625 106.9
  endloop
 endfacet
 facet normal 0.11856625229120255 -0.9929461479187012 2.487228825676091e-11
  outer loop
   vertex 0.41400000000000003 -4.54768603515625 103.0
   vertex 0.4382528381347656 -4.5447900390625 103.0
   vertex 0.4382528381347656 -4.5447900390625 106.9
  endloop
 endfacet
 facet normal 0.13634586334228516 -0.9906613230705261 -6.265734459054428e-11
  outer loop
   vertex 0.3463408203125 -4.556998046875 103.0
   vertex 0.41400000000000003 -4.54768603515625 103.0
   vertex 0.41400000000000003 -4.54768603515625 106.9
  endloop
 endfacet
 facet normal 0.13634586334228516 -0.9906613230705261 0.0
  outer loop
   vertex 0.3463408203125 -4.556998046875 103.0
   vertex 0.41400000000000003 -4.54768603515625 106.9
   vertex 0.3463408203125 -4.556998046875 106.9
  endloop
 endfacet
 facet normal 0.15929533541202545 -0.9872310161590576 7.899297882474343e-11
  outer loop
   vertex 0.2789158935546875 -4.56787744140625 103.0
   vertex 0.3463408203125 -4.556998046875 103.0
   vertex 0.3463408203125 -4.556998046875 106.9
  endloop
 endfacet
 facet normal 0.15929533541202545 -0.9872310161590576 0.0
  outer loop
   vertex 0.2789158935546875 -4.56787744140625 103.0
   vertex 0.3463408203125 -4.556998046875 106.9
   vertex 0.2789158935546875 -4.56787744140625 106.9
  endloop
 endfacet
 facet normal 0.17840106785297394 -0.983957827091217 1.9843576434808163e-11
  outer loop
   vertex 0.2290885467529297 -4.57691162109375 103.0
   vertex 0.2789158935546875 -4.56787744140625 103.0
   vertex 0.2789158935546875 -4.56787744140625 106.9
  endloop
 endfacet
 facet normal 0.17840106785297394 -0.983957827091217 0.0
  outer loop
   vertex 0.2290885467529297 -4.57691162109375 103.0
   vertex 0.2789158935546875 -4.56787744140625 106.9
   vertex 0.2290885467529297 -4.57691162109375 106.9
  endloop
 endfacet
 facet normal 0.19637759029865265 -0.9805283546447754 3.6217032844954034e-11
  outer loop
   vertex 0.17943571472167968 -4.58685595703125 103.0
   vertex 0.2290885467529297 -4.57691162109375 103.0
   vertex 0.2290885467529297 -4.57691162109375 106.9
  endloop
 endfacet
 facet normal 0.19637759029865265 -0.9805283546447754 0.0
  outer loop
   vertex 0.17943571472167968 -4.58685595703125 103.0
   vertex 0.2290885467529297 -4.57691162109375 106.9
   vertex 0.17943571472167968 -4.58685595703125 106.9
  endloop
 endfacet
 facet normal 0.7517504096031189 -0.6594477295875549 1.4508484691422296e-10
  outer loop
   vertex -0.7958370361328125 -1.987041015625 103.0
   vertex -0.7583860473632813 -1.9443480224609375 103.0
   vertex -0.7583860473632813 -1.9443480224609375 106.9
  endloop
 endfacet
 facet normal 0.7517504096031189 -0.6594477295875549 0.0
  outer loop
   vertex -0.7958370361328125 -1.987041015625 103.0
   vertex -0.7583860473632813 -1.9443480224609375 106.9
   vertex -0.7958370361328125 -1.987041015625 106.9
  endloop
 endfacet
 facet normal 0.7648847699165344 -0.6441671848297119 0.0
  outer loop
   vertex -0.8324207763671875 -2.0304805908203125 103.0
   vertex -0.7958370361328125 -1.987041015625 106.9
   vertex -0.8324207763671875 -2.0304805908203125 106.9
  endloop
 endfacet
 facet normal 0.7648847699165344 -0.6441671848297119 2.677620625224364e-11
  outer loop
   vertex -0.8324207763671875 -2.0304805908203125 103.0
   vertex -0.7958370361328125 -1.987041015625 103.0
   vertex -0.7958370361328125 -1.987041015625 106.9
  endloop
 endfacet
 facet normal 0.7772998213768005 -0.6291303634643555 0.0
  outer loop
   vertex -0.8719937133789063 -2.07937353515625 103.0
   vertex -0.8324207763671875 -2.0304805908203125 106.9
   vertex -0.8719937133789063 -2.07937353515625 106.9
  endloop
 endfacet
 facet normal 0.7772998213768005 -0.6291303634643555 1.7038476532449387e-11
  outer loop
   vertex -0.8719937133789063 -2.07937353515625 103.0
   vertex -0.8324207763671875 -2.0304805908203125 103.0
   vertex -0.8324207763671875 -2.0304805908203125 106.9
  endloop
 endfacet
 facet normal 0.7880329489707947 -0.6156331300735474 0.0
  outer loop
   vertex -0.8963359375000001 -2.110532470703125 103.0
   vertex -0.8719937133789063 -2.07937353515625 106.9
   vertex -0.8963359375000001 -2.110532470703125 106.9
  endloop
 endfacet
 facet normal 0.7880329489707947 -0.6156331300735474 6.000795693683614e-11
  outer loop
   vertex -0.8963359375000001 -2.110532470703125 103.0
   vertex -0.8719937133789063 -2.07937353515625 103.0
   vertex -0.8719937133789063 -2.07937353515625 106.9
  endloop
 endfacet
 facet normal 0.7971227169036865 -0.603817343711853 0.0
  outer loop
   vertex -0.9202111206054687 -2.142051025390625 103.0
   vertex -0.8963359375000001 -2.110532470703125 106.9
   vertex -0.9202111206054687 -2.142051025390625 106.9
  endloop
 endfacet
 facet normal 0.7971227169036865 -0.603817343711853 -1.7586758438437045e-10
  outer loop
   vertex -0.9202111206054687 -2.142051025390625 103.0
   vertex -0.8963359375000001 -2.110532470703125 103.0
   vertex -0.8963359375000001 -2.110532470703125 106.9
  endloop
 endfacet
 facet normal 0.8054624795913696 -0.5926467776298523 0.0
  outer loop
   vertex -0.9352643432617188 -2.162509765625 103.0
   vertex -0.9202111206054687 -2.142051025390625 106.9
   vertex -0.9352643432617188 -2.162509765625 106.9
  endloop
 endfacet
 facet normal 0.8054624795913696 -0.5926467776298523 1.3237458004744518e-11
  outer loop
   vertex -0.9352643432617188 -2.162509765625 103.0
   vertex -0.9202111206054687 -2.142051025390625 103.0
   vertex -0.9202111206054687 -2.142051025390625 106.9
  endloop
 endfacet
 facet normal 0.8128169178962708 -0.5825192332267761 0.0
  outer loop
   vertex -0.950060302734375 -2.1831552734375 103.0
   vertex -0.9352643432617188 -2.162509765625 106.9
   vertex -0.950060302734375 -2.1831552734375 106.9
  endloop
 endfacet
 facet normal 0.8128169178962708 -0.5825192332267761 4.1517549814740207e-11
  outer loop
   vertex -0.950060302734375 -2.1831552734375 103.0
   vertex -0.9352643432617188 -2.162509765625 103.0
   vertex -0.9352643432617188 -2.162509765625 106.9
  endloop
 endfacet
 facet normal 0.8210131525993347 -0.5709092617034912 0.0
  outer loop
   vertex -0.9645615844726563 -2.20400927734375 103.0
   vertex -0.950060302734375 -2.1831552734375 106.9
   vertex -0.9645615844726563 -2.20400927734375 106.9
  endloop
 endfacet
 facet normal 0.8210131525993347 -0.5709092617034912 -4.0614390323101546e-11
  outer loop
   vertex -0.9645615844726563 -2.20400927734375 103.0
   vertex -0.950060302734375 -2.1831552734375 103.0
   vertex -0.950060302734375 -2.1831552734375 106.9
  endloop
 endfacet
 facet normal 0.8355982899665833 -0.5493408441543579 1.826891277145748e-10
  outer loop
   vertex -0.9925029907226562 -2.2465107421875 103.0
   vertex -0.9645615844726563 -2.20400927734375 103.0
   vertex -0.9645615844726563 -2.20400927734375 106.9
  endloop
 endfacet
 facet normal 0.8355982899665833 -0.5493408441543579 0.0
  outer loop
   vertex -0.9925029907226562 -2.2465107421875 103.0
   vertex -0.9645615844726563 -2.20400927734375 106.9
   vertex -0.9925029907226562 -2.2465107421875 106.9
  endloop
 endfacet
 facet normal 0.8570650815963745 -0.5152082443237305 0.0
  outer loop
   vertex -1.013728515625 -2.2818200683593752 103.0
   vertex -0.9925029907226562 -2.2465107421875 106.9
   vertex -1.013728515625 -2.2818200683593752 106.9
  endloop
 endfacet
 facet normal 0.8800748586654663 -0.47483494877815247 0.0
  outer loop
   vertex -1.013728515625 -2.2818200683593752 103.0
   vertex -1.013728515625 -2.2818200683593752 106.9
   vertex -1.031780029296875 -2.31527734375 106.9
  endloop
 endfacet
 facet normal 0.8570650815963745 -0.5152082443237305 -1.5117065585434908e-11
  outer loop
   vertex -1.013728515625 -2.2818200683593752 103.0
   vertex -0.9925029907226562 -2.2465107421875 103.0
   vertex -0.9925029907226562 -2.2465107421875 106.9
  endloop
 endfacet
 facet normal 0.8800748586654663 -0.47483494877815247 0.0
  outer loop
   vertex -1.031780029296875 -2.31527734375 103.0
   vertex -1.013728515625 -2.2818200683593752 103.0
   vertex -1.031780029296875 -2.31527734375 106.9
  endloop
 endfacet
 facet normal 0.9050740599632263 -0.4252540171146393 0.0
  outer loop
   vertex -1.031780029296875 -2.31527734375 103.0
   vertex -1.031780029296875 -2.31527734375 106.9
   vertex -1.0456163330078125 -2.344725341796875 106.9
  endloop
 endfacet
 facet normal 0.9050740599632263 -0.4252540171146393 0.0
  outer loop
   vertex -1.0456163330078125 -2.344725341796875 103.0
   vertex -1.031780029296875 -2.31527734375 103.0
   vertex -1.0456163330078125 -2.344725341796875 106.9
  endloop
 endfacet
 facet normal 0.9307214021682739 -0.36572909355163574 -1.2670825499938587e-10
  outer loop
   vertex -1.0558065185546874 -2.37065771484375 103.0
   vertex -1.0456163330078125 -2.344725341796875 103.0
   vertex -1.0456163330078125 -2.344725341796875 106.9
  endloop
 endfacet
 facet normal 0.9307214021682739 -0.36572909355163574 0.0
  outer loop
   vertex -1.0558065185546874 -2.37065771484375 103.0
   vertex -1.0456163330078125 -2.344725341796875 106.9
   vertex -1.0558065185546874 -2.37065771484375 106.9
  endloop
 endfacet
 facet normal 0.956329882144928 -0.29228952527046204 0.0
  outer loop
   vertex -1.0558065185546874 -2.37065771484375 103.0
   vertex -1.0558065185546874 -2.37065771484375 106.9
   vertex -1.0626253662109375 -2.392968017578125 106.9
  endloop
 endfacet
 facet normal 0.956329882144928 -0.29228952527046204 0.0
  outer loop
   vertex -1.0626253662109375 -2.392968017578125 103.0
   vertex -1.0558065185546874 -2.37065771484375 103.0
   vertex -1.0626253662109375 -2.392968017578125 106.9
  endloop
 endfacet
 facet normal 0.9784745573997498 -0.20636725425720215 -2.5224039870708204e-11
  outer loop
   vertex -1.06625146484375 -2.410160888671875 103.0
   vertex -1.0626253662109375 -2.392968017578125 103.0
   vertex -1.0626253662109375 -2.392968017578125 106.9
  endloop
 endfacet
 facet normal 0.9784745573997498 -0.20636725425720215 0.0
  outer loop
   vertex -1.06625146484375 -2.410160888671875 103.0
   vertex -1.0626253662109375 -2.392968017578125 106.9
   vertex -1.06625146484375 -2.410160888671875 106.9
  endloop
 endfacet
 facet normal 0.9947409629821777 -0.1024223193526268 0.0
  outer loop
   vertex -1.06625146484375 -2.410160888671875 103.0
   vertex -1.06625146484375 -2.410160888671875 106.9
   vertex -1.0677052001953125 -2.42427978515625 106.9
  endloop
 endfacet
 facet normal 0.9947409629821777 -0.1024223193526268 0.0
  outer loop
   vertex -1.0677052001953125 -2.42427978515625 103.0
   vertex -1.06625146484375 -2.410160888671875 103.0
   vertex -1.0677052001953125 -2.42427978515625 106.9
  endloop
 endfacet
 facet normal 0.9994117617607117 0.034294288605451584 0.0
  outer loop
   vertex -1.0672657470703126 -2.43708642578125 103.0
   vertex -1.0677052001953125 -2.42427978515625 103.0
   vertex -1.0677052001953125 -2.42427978515625 106.9
  endloop
 endfacet
 facet normal 0.9994117617607117 0.034294288605451584 -0.0
  outer loop
   vertex -1.0672657470703126 -2.43708642578125 103.0
   vertex -1.0677052001953125 -2.42427978515625 106.9
   vertex -1.0672657470703126 -2.43708642578125 106.9
  endloop
 endfacet
 facet normal 0.9801799058914185 0.1981094479560852 -0.0
  outer loop
   vertex -1.0658125 -2.444276611328125 103.0
   vertex -1.0672657470703126 -2.43708642578125 106.9
   vertex -1.0658125 -2.444276611328125 106.9
  endloop
 endfacet
 facet normal 0.9190599918365479 0.39411768317222595 -0.0
  outer loop
   vertex -1.0658125 -2.444276611328125 103.0
   vertex -1.0658125 -2.444276611328125 106.9
   vertex -1.0627984619140625 -2.45130517578125 106.9
  endloop
 endfacet
 facet normal 0.9801799058914185 0.1981094479560852 -1.1458925822105392e-11
  outer loop
   vertex -1.0658125 -2.444276611328125 103.0
   vertex -1.0672657470703126 -2.43708642578125 103.0
   vertex -1.0672657470703126 -2.43708642578125 106.9
  endloop
 endfacet
 facet normal 0.9190599918365479 0.39411768317222595 -0.0
  outer loop
   vertex -1.0627984619140625 -2.45130517578125 103.0
   vertex -1.0658125 -2.444276611328125 103.0
   vertex -1.0627984619140625 -2.45130517578125 106.9
  endloop
 endfacet
 facet normal 0.804639458656311 0.5937637686729431 2.9759573277887696e-11
  outer loop
   vertex -1.0591392822265626 -2.456263916015625 103.0
   vertex -1.0627984619140625 -2.45130517578125 103.0
   vertex -1.0627984619140625 -2.45130517578125 106.9
  endloop
 endfacet
 facet normal 0.804639458656311 0.5937637686729431 -0.0
  outer loop
   vertex -1.0591392822265626 -2.456263916015625 103.0
   vertex -1.0627984619140625 -2.45130517578125 106.9
   vertex -1.0591392822265626 -2.456263916015625 106.9
  endloop
 endfacet
 facet normal 0.6411917209625244 0.7673807144165039 -1.7251141487539812e-11
  outer loop
   vertex -1.055400146484375 -2.45938818359375 103.0
   vertex -1.0591392822265626 -2.456263916015625 103.0
   vertex -1.0591392822265626 -2.456263916015625 106.9
  endloop
 endfacet
 facet normal 0.6411917209625244 0.7673807144165039 -0.0
  outer loop
   vertex -1.055400146484375 -2.45938818359375 103.0
   vertex -1.0591392822265626 -2.456263916015625 106.9
   vertex -1.055400146484375 -2.45938818359375 106.9
  endloop
 endfacet
 facet normal 0.43454867601394653 0.9006484150886536 -0.0
  outer loop
   vertex -1.0514730224609374 -2.461282958984375 103.0
   vertex -1.055400146484375 -2.45938818359375 106.9
   vertex -1.0514730224609374 -2.461282958984375 106.9
  endloop
 endfacet
 facet normal 0.43454867601394653 0.9006484150886536 8.762665072714615e-12
  outer loop
   vertex -1.0514730224609374 -2.461282958984375 103.0
   vertex -1.055400146484375 -2.45938818359375 103.0
   vertex -1.055400146484375 -2.45938818359375 106.9
  endloop
 endfacet
 facet normal 0.23205558955669403 0.9727024435997009 -0.0
  outer loop
   vertex -1.047156494140625 -2.462312744140625 103.0
   vertex -1.0514730224609374 -2.461282958984375 106.9
   vertex -1.047156494140625 -2.462312744140625 106.9
  endloop
 endfacet
 facet normal 0.23205558955669403 0.9727024435997009 1.0331947103425776e-11
  outer loop
   vertex -1.047156494140625 -2.462312744140625 103.0
   vertex -1.0514730224609374 -2.461282958984375 103.0
   vertex -1.0514730224609374 -2.461282958984375 106.9
  endloop
 endfacet
 facet normal 0.057551007717847824 0.9983425736427307 -0.0
  outer loop
   vertex -1.047156494140625 -2.462312744140625 103.0
   vertex -1.047156494140625 -2.462312744140625 106.9
   vertex -1.042641845703125 -2.462572998046875 106.9
  endloop
 endfacet
 facet normal 0.057551007717847824 0.9983425736427307 -0.0
  outer loop
   vertex -1.042641845703125 -2.462572998046875 103.0
   vertex -1.047156494140625 -2.462312744140625 103.0
   vertex -1.042641845703125 -2.462572998046875 106.9
  endloop
 endfacet
 facet normal -0.09097933769226074 0.9958527684211731 0.0
  outer loop
   vertex -1.0381202392578126 -2.462159912109375 103.0
   vertex -1.042641845703125 -2.462572998046875 106.9
   vertex -1.0381202392578126 -2.462159912109375 106.9
  endloop
 endfacet
 facet normal -0.09097933769226074 0.9958527684211731 0.0
  outer loop
   vertex -1.0381202392578126 -2.462159912109375 103.0
   vertex -1.042641845703125 -2.462572998046875 103.0
   vertex -1.042641845703125 -2.462572998046875 106.9
  endloop
 endfacet
 facet normal -0.24123501777648926 0.9704667329788208 0.0
  outer loop
   vertex -1.0323756103515624 -2.46073193359375 103.0
   vertex -1.0381202392578126 -2.462159912109375 106.9
   vertex -1.0323756103515624 -2.46073193359375 106.9
  endloop
 endfacet
 facet normal -0.24123501777648926 0.9704667329788208 -1.549121247945706e-11
  outer loop
   vertex -1.0323756103515624 -2.46073193359375 103.0
   vertex -1.0381202392578126 -2.462159912109375 103.0
   vertex -1.0381202392578126 -2.462159912109375 106.9
  endloop
 endfacet
 facet normal -0.3945973813533783 0.9188541769981384 0.0
  outer loop
   vertex -1.0243511962890626 -2.457285888671875 103.0
   vertex -1.0323756103515624 -2.46073193359375 106.9
   vertex -1.0243511962890626 -2.457285888671875 106.9
  endloop
 endfacet
 facet normal -0.5180128216743469 0.8553728461265564 0.0
  outer loop
   vertex -1.0243511962890626 -2.457285888671875 103.0
   vertex -1.0243511962890626 -2.457285888671875 106.9
   vertex -1.013489013671875 -2.450707763671875 106.9
  endloop
 endfacet
 facet normal -0.3945973813533783 0.9188541769981384 2.100051729736485e-11
  outer loop
   vertex -1.0243511962890626 -2.457285888671875 103.0
   vertex -1.0323756103515624 -2.46073193359375 103.0
   vertex -1.0323756103515624 -2.46073193359375 106.9
  endloop
 endfacet
 facet normal -0.5180128216743469 0.8553728461265564 0.0
  outer loop
   vertex -1.013489013671875 -2.450707763671875 103.0
   vertex -1.0243511962890626 -2.457285888671875 103.0
   vertex -1.013489013671875 -2.450707763671875 106.9
  endloop
 endfacet
 facet normal -0.618362307548523 0.7858931422233582 0.0
  outer loop
   vertex -1.001364013671875 -2.44116748046875 103.0
   vertex -1.013489013671875 -2.450707763671875 106.9
   vertex -1.001364013671875 -2.44116748046875 106.9
  endloop
 endfacet
 facet normal -0.618362307548523 0.7858931422233582 0.0
  outer loop
   vertex -1.001364013671875 -2.44116748046875 103.0
   vertex -1.013489013671875 -2.450707763671875 103.0
   vertex -1.013489013671875 -2.450707763671875 106.9
  endloop
 endfacet
 facet normal -0.6923207640647888 0.721589982509613 0.0
  outer loop
   vertex -0.9875370483398438 -2.4279013671875003 103.0
   vertex -1.001364013671875 -2.44116748046875 106.9
   vertex -0.9875370483398438 -2.4279013671875003 106.9
  endloop
 endfacet
 facet normal -0.6923207640647888 0.721589982509613 5.6230020639702616e-11
  outer loop
   vertex -0.9875370483398438 -2.4279013671875003 103.0
   vertex -1.001364013671875 -2.44116748046875 103.0
   vertex -1.001364013671875 -2.44116748046875 106.9
  endloop
 endfacet
 facet normal -0.7488098740577698 0.6627848148345947 0.0
  outer loop
   vertex -0.9720658569335938 -2.410422119140625 103.0
   vertex -0.9875370483398438 -2.4279013671875003 106.9
   vertex -0.9720658569335938 -2.410422119140625 106.9
  endloop
 endfacet
 facet normal -0.7488098740577698 0.6627848148345947 -1.37493946783529e-10
  outer loop
   vertex -0.9720658569335938 -2.410422119140625 103.0
   vertex -0.9875370483398438 -2.4279013671875003 103.0
   vertex -0.9875370483398438 -2.4279013671875003 106.9
  endloop
 endfacet
 facet normal -0.7931371927261353 0.6090430021286011 1.0009063022842213e-11
  outer loop
   vertex -0.9553263549804688 -2.388622802734375 103.0
   vertex -0.9720658569335938 -2.410422119140625 103.0
   vertex -0.9720658569335938 -2.410422119140625 106.9
  endloop
 endfacet
 facet normal -0.7931371927261353 0.6090430021286011 0.0
  outer loop
   vertex -0.9553263549804688 -2.388622802734375 103.0
   vertex -0.9720658569335938 -2.410422119140625 106.9
   vertex -0.9553263549804688 -2.388622802734375 106.9
  endloop
 endfacet
 facet normal -0.8278719782829285 0.5609171390533447 0.0
  outer loop
   vertex -0.9372613525390625 -2.361960205078125 103.0
   vertex -0.9553263549804688 -2.388622802734375 106.9
   vertex -0.9372613525390625 -2.361960205078125 106.9
  endloop
 endfacet
 facet normal -0.8278719782829285 0.5609171390533447 8.090969561003192e-11
  outer loop
   vertex -0.9372613525390625 -2.361960205078125 103.0
   vertex -0.9553263549804688 -2.388622802734375 103.0
   vertex -0.9553263549804688 -2.388622802734375 106.9
  endloop
 endfacet
 facet normal -0.8557278513908386 0.517426073551178 -1.3892362260570223e-10
  outer loop
   vertex -0.917992919921875 -2.33009375 103.0
   vertex -0.9372613525390625 -2.361960205078125 103.0
   vertex -0.9372613525390625 -2.361960205078125 106.9
  endloop
 endfacet
 facet normal -0.8557278513908386 0.517426073551178 0.0
  outer loop
   vertex -0.917992919921875 -2.33009375 103.0
   vertex -0.9372613525390625 -2.361960205078125 106.9
   vertex -0.917992919921875 -2.33009375 106.9
  endloop
 endfacet
 facet normal -0.8749635815620422 0.48418864607810974 0.0
  outer loop
   vertex -0.9036275634765625 -2.304134521484375 103.0
   vertex -0.917992919921875 -2.33009375 106.9
   vertex -0.9036275634765625 -2.304134521484375 106.9
  endloop
 endfacet
 facet normal -0.8749635815620422 0.48418864607810974 -3.0650013777000495e-11
  outer loop
   vertex -0.9036275634765625 -2.304134521484375 103.0
   vertex -0.917992919921875 -2.33009375 103.0
   vertex -0.917992919921875 -2.33009375 106.9
  endloop
 endfacet
 facet normal -0.8879290223121643 0.4599805176258087 1.2928544346202386e-10
  outer loop
   vertex -0.889979248046875 -2.277788330078125 103.0
   vertex -0.9036275634765625 -2.304134521484375 103.0
   vertex -0.9036275634765625 -2.304134521484375 106.9
  endloop
 endfacet
 facet normal -0.8879290223121643 0.4599805176258087 0.0
  outer loop
   vertex -0.889979248046875 -2.277788330078125 103.0
   vertex -0.9036275634765625 -2.304134521484375 106.9
   vertex -0.889979248046875 -2.277788330078125 106.9
  endloop
 endfacet
 facet normal -0.8987131714820862 0.4385369122028351 9.322255467569818e-11
  outer loop
   vertex -0.874953125 -2.24699462890625 103.0
   vertex -0.889979248046875 -2.277788330078125 103.0
   vertex -0.889979248046875 -2.277788330078125 106.9
  endloop
 endfacet
 facet normal -0.8987131714820862 0.4385369122028351 0.0
  outer loop
   vertex -0.874953125 -2.24699462890625 103.0
   vertex -0.889979248046875 -2.277788330078125 106.9
   vertex -0.874953125 -2.24699462890625 106.9
  endloop
 endfacet
 facet normal -0.9078512191772461 0.4192924499511719 -2.096449749910967e-11
  outer loop
   vertex -0.8605867919921876 -2.215888671875 103.0
   vertex -0.874953125 -2.24699462890625 103.0
   vertex -0.874953125 -2.24699462890625 106.9
  endloop
 endfacet
 facet normal -0.9078512191772461 0.4192924499511719 0.0
  outer loop
   vertex -0.8605867919921876 -2.215888671875 103.0
   vertex -0.874953125 -2.24699462890625 106.9
   vertex -0.8605867919921876 -2.215888671875 106.9
  endloop
 endfacet
 facet normal -0.9143266677856445 0.40497738122940063 -1.821281320202317e-11
  outer loop
   vertex -0.8500518798828125 -2.192103759765625 103.0
   vertex -0.8605867919921876 -2.215888671875 103.0
   vertex -0.8605867919921876 -2.215888671875 106.9
  endloop
 endfacet
 facet normal -0.9143266677856445 0.40497738122940063 0.0
  outer loop
   vertex -0.8500518798828125 -2.192103759765625 103.0
   vertex -0.8605867919921876 -2.215888671875 106.9
   vertex -0.8500518798828125 -2.192103759765625 106.9
  endloop
 endfacet
 facet normal -0.9190621972084045 0.39411240816116333 7.050090979759949e-12
  outer loop
   vertex -0.839799560546875 -2.168195556640625 103.0
   vertex -0.8500518798828125 -2.192103759765625 103.0
   vertex -0.8500518798828125 -2.192103759765625 106.9
  endloop
 endfacet
 facet normal -0.9190621972084045 0.39411240816116333 0.0
  outer loop
   vertex -0.839799560546875 -2.168195556640625 103.0
   vertex -0.8500518798828125 -2.192103759765625 106.9
   vertex -0.839799560546875 -2.168195556640625 106.9
  endloop
 endfacet
 facet normal -0.9259944558143616 0.3775371015071869 0.0
  outer loop
   vertex -0.839799560546875 -2.168195556640625 103.0
   vertex -0.839799560546875 -2.168195556640625 106.9
   vertex -0.8146725463867188 -2.10656591796875 106.9
  endloop
 endfacet
 facet normal -0.9259944558143616 0.3775371015071869 0.0
  outer loop
   vertex -0.8146725463867188 -2.10656591796875 103.0
   vertex -0.839799560546875 -2.168195556640625 103.0
   vertex -0.8146725463867188 -2.10656591796875 106.9
  endloop
 endfacet
 facet normal -0.9343116283416748 0.35645729303359985 0.0
  outer loop
   vertex -0.8146725463867188 -2.10656591796875 103.0
   vertex -0.8146725463867188 -2.10656591796875 106.9
   vertex -0.790948486328125 -2.0443826904296873 106.9
  endloop
 endfacet
 facet normal -0.9343116283416748 0.35645729303359985 0.0
  outer loop
   vertex -0.790948486328125 -2.0443826904296873 103.0
   vertex -0.8146725463867188 -2.10656591796875 103.0
   vertex -0.790948486328125 -2.0443826904296873 106.9
  endloop
 endfacet
 facet normal -0.9410413503646851 0.3382914364337921 0.0
  outer loop
   vertex -0.7732282104492187 -1.99508935546875 103.0
   vertex -0.790948486328125 -2.0443826904296873 106.9
   vertex -0.7732282104492187 -1.99508935546875 106.9
  endloop
 endfacet
 facet normal -0.9472456574440002 0.32050850987434387 0.0
  outer loop
   vertex -0.7732282104492187 -1.99508935546875 103.0
   vertex -0.7732282104492187 -1.99508935546875 106.9
   vertex -0.756439697265625 -1.9454718017578125 106.9
  endloop
 endfacet
 facet normal -0.9410413503646851 0.3382914364337921 -1.0580197135068303e-10
  outer loop
   vertex -0.7732282104492187 -1.99508935546875 103.0
   vertex -0.790948486328125 -2.0443826904296873 103.0
   vertex -0.790948486328125 -2.0443826904296873 106.9
  endloop
 endfacet
 facet normal -0.9472456574440002 0.32050850987434387 0.0
  outer loop
   vertex -0.756439697265625 -1.9454718017578125 103.0
   vertex -0.7732282104492187 -1.99508935546875 103.0
   vertex -0.756439697265625 -1.9454718017578125 106.9
  endloop
 endfacet
 facet normal -0.49999621510505676 0.8660275340080261 -1.0058916366517678e-08
  outer loop
   vertex 1.847799560546875 -2.272118408203125 103.0
   vertex 1.882695068359375 -2.2519716796875002 103.0
   vertex 1.882695068359375 -2.2519716796875002 102.97
  endloop
 endfacet
 facet normal -0.5 0.866025447845459 -5.772957138105994e-06
  outer loop
   vertex 0.623058837890625 -2.979222900390625 102.97
   vertex 1.847799560546875 -2.272118408203125 103.0
   vertex 1.882695068359375 -2.2519716796875002 102.97
  endloop
 endfacet
 facet normal -0.5000000596046448 0.8660253882408142 0.0
  outer loop
   vertex 0.623058837890625 -2.979222900390625 103.0
   vertex 1.847799560546875 -2.272118408203125 103.0
   vertex 0.623058837890625 -2.979222900390625 102.97
  endloop
 endfacet
 facet normal -0.5280687212944031 0.8492016792297363 0.0
  outer loop
   vertex 1.882695068359375 -2.2519716796875002 103.0
   vertex 1.8860283203125001 -2.24989892578125 103.0
   vertex 1.882695068359375 -2.2519716796875002 102.97
  endloop
 endfacet
 facet normal -0.5513874292373657 0.8342413902282715 0.0036245398223400116
  outer loop
   vertex 1.882695068359375 -2.2519716796875002 102.97
   vertex 1.8860283203125001 -2.24989892578125 103.0
   vertex 1.8887396240234375 -2.2479765625 102.97
  endloop
 endfacet
 facet normal -0.5824877023696899 0.8128393292427063 -0.0005576183903031051
  outer loop
   vertex 1.8860283203125001 -2.24989892578125 103.0
   vertex 1.8892188720703125 -2.247612548828125 103.0
   vertex 1.8887396240234375 -2.2479765625 102.97
  endloop
 endfacet
 facet normal -0.6479052901268005 0.7617132663726807 0.0034197987988591194
  outer loop
   vertex 1.8887396240234375 -2.2479765625 102.97
   vertex 1.8922532958984375 -2.24512255859375 103.0
   vertex 1.894258544921875 -2.2432822265625 102.97
  endloop
 endfacet
 facet normal -0.6343479156494141 0.7730473875999451 0.0007536722696386278
  outer loop
   vertex 1.8892188720703125 -2.247612548828125 103.0
   vertex 1.8922532958984375 -2.24512255859375 103.0
   vertex 1.8887396240234375 -2.2479765625 102.97
  endloop
 endfacet
 facet normal -0.6835248470306396 0.7299267053604126 -0.0009110041428357363
  outer loop
   vertex 1.8922532958984375 -2.24512255859375 103.0
   vertex 1.8951182861328126 -2.242439697265625 103.0
   vertex 1.894258544921875 -2.2432822265625 102.97
  endloop
 endfacet
 facet normal -0.7350029349327087 0.6780573129653931 0.0030175596475601196
  outer loop
   vertex 1.894258544921875 -2.2432822265625 102.97
   vertex 1.8978017578125 -2.239574951171875 103.0
   vertex 1.89917138671875 -2.237956787109375 102.97
  endloop
 endfacet
 facet normal -0.7298192381858826 0.6836379766464233 0.001715687569230795
  outer loop
   vertex 1.8951182861328126 -2.242439697265625 103.0
   vertex 1.8978017578125 -2.239574951171875 103.0
   vertex 1.894258544921875 -2.2432822265625 102.97
  endloop
 endfacet
 facet normal -0.8113811016082764 0.5845111608505249 0.0027267644181847572
  outer loop
   vertex 1.89917138671875 -2.237956787109375 102.97
   vertex 1.9002921142578126 -2.236541015625 103.0
   vertex 1.903406494140625 -2.232077880859375 102.97
  endloop
 endfacet
 facet normal -0.7729513049125671 0.63446444272995 -0.0010662967106327415
  outer loop
   vertex 1.8978017578125 -2.239574951171875 103.0
   vertex 1.9002921142578126 -2.236541015625 103.0
   vertex 1.89917138671875 -2.237956787109375 102.97
  endloop
 endfacet
 facet normal -0.8127614855766296 0.5825920701026917 0.0022979627829045057
  outer loop
   vertex 1.9002921142578126 -2.236541015625 103.0
   vertex 1.902578857421875 -2.233350830078125 103.0
   vertex 1.903406494140625 -2.232077880859375 102.97
  endloop
 endfacet
 facet normal -0.8759080171585083 0.4824671745300293 0.0032375087030231953
  outer loop
   vertex 1.903406494140625 -2.232077880859375 102.97
   vertex 1.904652099609375 -2.230017822265625 103.0
   vertex 1.906902099609375 -2.225731689453125 102.97
  endloop
 endfacet
 facet normal -0.8491280674934387 0.528186023235321 -0.0010138528887182474
  outer loop
   vertex 1.902578857421875 -2.233350830078125 103.0
   vertex 1.904652099609375 -2.230017822265625 103.0
   vertex 1.903406494140625 -2.232077880859375 102.97
  endloop
 endfacet
 facet normal -0.8818507194519043 0.4715270400047302 0.0012287793215364218
  outer loop
   vertex 1.904652099609375 -2.230017822265625 103.0
   vertex 1.9065029296875 -2.226556396484375 103.0
   vertex 1.906902099609375 -2.225731689453125 102.97
  endloop
 endfacet
 facet normal -0.9107853770256042 0.41287940740585327 -0.0007684517768211663
  outer loop
   vertex 1.9065029296875 -2.226556396484375 103.0
   vertex 1.90812353515625 -2.2229814453125 103.0
   vertex 1.906902099609375 -2.225731689453125 102.97
  endloop
 endfacet
 facet normal -0.9276880025863647 0.3733395040035248 0.003544544568285346
  outer loop
   vertex 1.906902099609375 -2.225731689453125 102.97
   vertex 1.90812353515625 -2.2229814453125 103.0
   vertex 1.909607177734375 -2.219010009765625 102.97
  endloop
 endfacet
 facet normal -0.9358425736427307 0.3524181842803955 0.00037167302798479795
  outer loop
   vertex 1.90812353515625 -2.2229814453125 103.0
   vertex 1.9095068359375 -2.21930810546875 103.0
   vertex 1.909607177734375 -2.219010009765625 102.97
  endloop
 endfacet
 facet normal -0.9568743705749512 0.2905019223690033 -0.0003139038453809917
  outer loop
   vertex 1.9095068359375 -2.21930810546875 103.0
   vertex 1.9106470947265626 -2.21555224609375 103.0
   vertex 1.909607177734375 -2.219010009765625 102.97
  endloop
 endfacet
 facet normal -0.9659196734428406 0.25881633162498474 0.0036516862455755472
  outer loop
   vertex 1.909607177734375 -2.219010009765625 102.97
   vertex 1.9106470947265626 -2.21555224609375 103.0
   vertex 1.911482421875 -2.212011474609375 102.97
  endloop
 endfacet
 facet normal -0.976725697517395 0.2144838273525238 -0.0018815762596204877
  outer loop
   vertex 1.9106470947265626 -2.21555224609375 103.0
   vertex 1.9118271484375 -2.210178466796875 103.0
   vertex 1.911482421875 -2.212011474609375 102.97
  endloop
 endfacet
 facet normal -0.990074634552002 0.14051498472690582 0.0027913320809602737
  outer loop
   vertex 1.911482421875 -2.212011474609375 102.97
   vertex 1.9118271484375 -2.210178466796875 103.0
   vertex 1.91250048828125 -2.204838134765625 102.97
  endloop
 endfacet
 facet normal -0.9922703504562378 0.12409480661153793 -0.00018092327809426934
  outer loop
   vertex 1.9118271484375 -2.210178466796875 103.0
   vertex 1.9125098876953126 -2.20471923828125 103.0
   vertex 1.91250048828125 -2.204838134765625 102.97
  endloop
 endfacet
 facet normal -0.9994651079177856 0.03270460292696953 0.0001835307921282947
  outer loop
   vertex 1.9125098876953126 -2.20471923828125 103.0
   vertex 1.9126898193359376 -2.199220458984375 103.0
   vertex 1.91250048828125 -2.204838134765625 102.97
  endloop
 endfacet
 facet normal -0.9997941255569458 0.020132683217525482 0.0025397727731615305
  outer loop
   vertex 1.91250048828125 -2.204838134765625 102.97
   vertex 1.9126898193359376 -2.199220458984375 103.0
   vertex 1.9126463623046874 -2.197593994140625 102.97
  endloop
 endfacet
 facet normal -0.9982566237449646 -0.05899636447429657 -0.0017524746945127845
  outer loop
   vertex 1.9126898193359376 -2.199220458984375 103.0
   vertex 1.912365234375 -2.193728271484375 103.0
   vertex 1.9126463623046874 -2.197593994140625 102.97
  endloop
 endfacet
 facet normal -0.9949290156364441 -0.10051387548446655 0.003628548700362444
  outer loop
   vertex 1.9126463623046874 -2.197593994140625 102.97
   vertex 1.912365234375 -2.193728271484375 103.0
   vertex 1.9119180908203126 -2.19038525390625 102.97
  endloop
 endfacet
 facet normal -0.9886593222618103 -0.15016262233257294 -0.001997454324737191
  outer loop
   vertex 1.912365234375 -2.193728271484375 103.0
   vertex 1.9115390625 -2.188288818359375 103.0
   vertex 1.9119180908203126 -2.19038525390625 102.97
  endloop
 endfacet
 facet normal -0.9755597710609436 -0.2197132259607315 0.0030283278319984674
  outer loop
   vertex 1.9119180908203126 -2.19038525390625 102.97
   vertex 1.9115390625 -2.188288818359375 103.0
   vertex 1.910326171875 -2.18331689453125 102.97
  endloop
 endfacet
 facet normal -0.9707449078559875 -0.24011248350143433 -0.0005471194162964821
  outer loop
   vertex 1.9115390625 -2.188288818359375 103.0
   vertex 1.9102180175781251 -2.182947998046875 103.0
   vertex 1.910326171875 -2.18331689453125 102.97
  endloop
 endfacet
 facet normal -0.9446689486503601 -0.32802483439445496 0.000627906818408519
  outer loop
   vertex 1.9102180175781251 -2.182947998046875 103.0
   vertex 1.908413330078125 -2.1777507324218752 103.0
   vertex 1.910326171875 -2.18331689453125 102.97
  endloop
 endfacet
 facet normal -0.941962718963623 -0.3357100486755371 0.0022263627033680677
  outer loop
   vertex 1.910326171875 -2.18331689453125 102.97
   vertex 1.908413330078125 -2.1777507324218752 103.0
   vertex 1.907893798828125 -2.176491943359375 102.97
  endloop
 endfacet
 facet normal -0.9106523394584656 -0.4131704568862915 -0.0015660697827115655
  outer loop
   vertex 1.908413330078125 -2.1777507324218752 103.0
   vertex 1.90614013671875 -2.172740478515625 103.0
   vertex 1.907893798828125 -2.176491943359375 102.97
  endloop
 endfacet
 facet normal -0.8946302533149719 -0.4467928409576416 0.0035749468952417374
  outer loop
   vertex 1.907893798828125 -2.176491943359375 102.97
   vertex 1.90614013671875 -2.172740478515625 103.0
   vertex 1.9046566162109375 -2.170010009765625 102.97
  endloop
 endfacet
 facet normal -0.8689613342285156 -0.4948757290840149 -0.002070692600682378
  outer loop
   vertex 1.90614013671875 -2.172740478515625 103.0
   vertex 1.90341748046875 -2.167959716796875 103.0
   vertex 1.9046566162109375 -2.170010009765625 102.97
  endloop
 endfacet
 facet normal -0.8342451453208923 -0.5513842105865479 0.0032252066303044558
  outer loop
   vertex 1.9046566162109375 -2.170010009765625 102.97
   vertex 1.90341748046875 -2.167959716796875 103.0
   vertex 1.9006616210937501 -2.1639655761718752 102.97
  endloop
 endfacet
 facet normal -0.819998025894165 -0.5723656415939331 -0.000876988866366446
  outer loop
   vertex 1.90341748046875 -2.167959716796875 103.0
   vertex 1.9002684326171875 -2.1634482421875 103.0
   vertex 1.9006616210937501 -2.1639655761718752 102.97
  endloop
 endfacet
 facet normal -0.7641242742538452 -0.6450681686401367 0.001109028235077858
  outer loop
   vertex 1.9002684326171875 -2.1634482421875 103.0
   vertex 1.8967193603515626 -2.1592441406250003 103.0
   vertex 1.9006616210937501 -2.1639655761718752 102.97
  endloop
 endfacet
 facet normal -0.7617151141166687 -0.6479093432426453 0.001872758730314672
  outer loop
   vertex 1.9006616210937501 -2.1639655761718752 102.97
   vertex 1.8967193603515626 -2.1592441406250003 103.0
   vertex 1.8959671630859376 -2.158446533203125 102.97
  endloop
 endfacet
 facet normal -0.7018057107925415 -0.7123671770095825 -0.00134310033172369
  outer loop
   vertex 1.8967193603515626 -2.1592441406250003 103.0
   vertex 1.8928001708984374 -2.155383056640625 103.0
   vertex 1.8959671630859376 -2.158446533203125 102.97
  endloop
 endfacet
 facet normal -0.6780562400817871 -0.735001802444458 0.0034754001535475254
  outer loop
   vertex 1.8959671630859376 -2.158446533203125 102.97
   vertex 1.8928001708984374 -2.155383056640625 103.0
   vertex 1.8906417236328126 -2.15353369140625 102.97
  endloop
 endfacet
 facet normal -0.5845179557800293 -0.8113737106323242 0.0033886246383190155
  outer loop
   vertex 1.8906417236328126 -2.15353369140625 102.97
   vertex 1.888543701171875 -2.15189697265625 103.0
   vertex 1.8847629394531251 -2.149298583984375 102.97
  endloop
 endfacet
 facet normal -0.6336193084716797 -0.7736420631408691 -0.002103765495121479
  outer loop
   vertex 1.8928001708984374 -2.155383056640625 103.0
   vertex 1.888543701171875 -2.15189697265625 103.0
   vertex 1.8906417236328126 -2.15353369140625 102.97
  endloop
 endfacet
 facet normal -0.48246198892593384 -0.8759154677391052 0.0016093773301690817
  outer loop
   vertex 1.8847629394531251 -2.149298583984375 102.97
   vertex 1.8839858398437501 -2.1488154296875 103.0
   vertex 1.8784166259765624 -2.145802978515625 102.97
  endloop
 endfacet
 facet normal -0.560094952583313 -0.8284275531768799 -0.0011663759360089898
  outer loop
   vertex 1.888543701171875 -2.15189697265625 103.0
   vertex 1.8839858398437501 -2.1488154296875 103.0
   vertex 1.8847629394531251 -2.149298583984375 102.97
  endloop
 endfacet
 facet normal -0.48183050751686096 -0.8762632012367249 0.0014572308864444494
  outer loop
   vertex 1.8839858398437501 -2.1488154296875 103.0
   vertex 1.8791649169921876 -2.14616455078125 103.0
   vertex 1.8784166259765624 -2.145802978515625 102.97
  endloop
 endfacet
 facet normal -0.3733452558517456 -0.9276854991912842 0.0035901779774576426
  outer loop
   vertex 1.8784166259765624 -2.145802978515625 102.97
   vertex 1.874681884765625 -2.144183837890625 103.0
   vertex 1.871695068359375 -2.143097900390625 102.97
  endloop
 endfacet
 facet normal -0.404136061668396 -0.9146984219551086 -0.0009439404821023345
  outer loop
   vertex 1.8791649169921876 -2.14616455078125 103.0
   vertex 1.874681884765625 -2.144183837890625 103.0
   vertex 1.8784166259765624 -2.145802978515625 102.97
  endloop
 endfacet
 facet normal -0.2588171362876892 -0.9659227132797241 0.0026478238869458437
  outer loop
   vertex 1.871695068359375 -2.143097900390625 102.97
   vertex 1.8700521240234376 -2.142575439453125 103.0
   vertex 1.8646965332031251 -2.14122265625 102.97
  endloop
 endfacet
 facet normal -0.3281646966934204 -0.9446191787719727 -0.0015209900448098779
  outer loop
   vertex 1.874681884765625 -2.144183837890625 103.0
   vertex 1.8700521240234376 -2.142575439453125 103.0
   vertex 1.871695068359375 -2.143097900390625 102.97
  endloop
 endfacet
 facet normal -0.24996528029441833 -0.9682543277740479 0.0009624543017707765
  outer loop
   vertex 1.8700521240234376 -2.142575439453125 103.0
   vertex 1.865306640625 -2.141350341796875 103.0
   vertex 1.8646965332031251 -2.14122265625 102.97
  endloop
 endfacet
 facet normal -0.14051231741905212 -0.9900726675987244 0.0035299116279929876
  outer loop
   vertex 1.8646965332031251 -2.14122265625 102.97
   vertex 1.8604769287109375 -2.140516845703125 103.0
   vertex 1.8575230712890625 -2.14020458984375 102.97
  endloop
 endfacet
 facet normal -0.1700628250837326 -0.9854329228401184 -0.0007356315036304295
  outer loop
   vertex 1.865306640625 -2.141350341796875 103.0
   vertex 1.8604769287109375 -2.140516845703125 103.0
   vertex 1.8646965332031251 -2.14122265625 102.97
  endloop
 endfacet
 facet normal -0.020149845629930496 -0.9997929334640503 0.0028547460678964853
  outer loop
   vertex 1.8575230712890625 -2.14020458984375 102.97
   vertex 1.8555953369140625 -2.140080078125 103.0
   vertex 1.850279052734375 -2.14005859375 102.97
  endloop
 endfacet
 facet normal -0.08911626040935516 -0.9960198998451233 -0.0015925437910482287
  outer loop
   vertex 1.8604769287109375 -2.140516845703125 103.0
   vertex 1.8555953369140625 -2.140080078125 103.0
   vertex 1.8575230712890625 -2.14020458984375 102.97
  endloop
 endfacet
 facet normal -0.007471955846995115 -0.999971866607666 0.000607975700404495
  outer loop
   vertex 1.8555953369140625 -2.140080078125 103.0
   vertex 1.8506943359375 -2.14004345703125 103.0
   vertex 1.850279052734375 -2.14005859375 102.97
  endloop
 endfacet
 facet normal 0.10054729878902435 -0.9949263334274292 0.003443693043664098
  outer loop
   vertex 1.850279052734375 -2.14005859375 102.97
   vertex 1.845806640625 -2.14040673828125 103.0
   vertex 1.8430703125 -2.140787109375 102.97
  endloop
 endfacet
 facet normal 0.07412121444940567 -0.9972491264343262 -0.00052287383005023
  outer loop
   vertex 1.8506943359375 -2.14004345703125 103.0
   vertex 1.845806640625 -2.14040673828125 103.0
   vertex 1.850279052734375 -2.14005859375 102.97
  endloop
 endfacet
 facet normal 0.21969717741012573 -0.9755633473396301 0.0030399218667298555
  outer loop
   vertex 1.8430703125 -2.140787109375 102.97
   vertex 1.840965087890625 -2.141167724609375 103.0
   vertex 1.836001953125 -2.14237890625 102.97
  endloop
 endfacet
 facet normal 0.15527164936065674 -0.9878703951835632 -0.0016372277168557048
  outer loop
   vertex 1.845806640625 -2.14040673828125 103.0
   vertex 1.840965087890625 -2.141167724609375 103.0
   vertex 1.8430703125 -2.140787109375 102.97
  endloop
 endfacet
 facet normal 0.23541466891765594 -0.9718949794769287 0.00029155288939364254
  outer loop
   vertex 1.840965087890625 -2.141167724609375 103.0
   vertex 1.83620166015625 -2.142321533203125 103.0
   vertex 1.836001953125 -2.14237890625 102.97
  endloop
 endfacet
 facet normal 0.3357090353965759 -0.9419598579406738 0.00332953711040318
  outer loop
   vertex 1.836001953125 -2.14237890625 102.97
   vertex 1.83154833984375 -2.143860107421875 103.0
   vertex 1.829177001953125 -2.144811279296875 102.97
  endloop
 endfacet
 facet normal 0.3139254152774811 -0.9494475722312927 -0.00027401381521485746
  outer loop
   vertex 1.83620166015625 -2.142321533203125 103.0
   vertex 1.83154833984375 -2.143860107421875 103.0
   vertex 1.836001953125 -2.14237890625 102.97
  endloop
 endfacet
 facet normal 0.446806937456131 -0.8946247100830078 0.0031946387607604265
  outer loop
   vertex 1.829177001953125 -2.144811279296875 102.97
   vertex 1.8270360107421875 -2.1457734375 103.0
   vertex 1.822695068359375 -2.1480485839843753 102.97
  endloop
 endfacet
 facet normal 0.3903779089450836 -0.9206532835960388 -0.0016672820784151554
  outer loop
   vertex 1.83154833984375 -2.143860107421875 103.0
   vertex 1.8270360107421875 -2.1457734375 103.0
   vertex 1.829177001953125 -2.144811279296875 102.97
  endloop
 endfacet
 facet normal 0.46421825885772705 -0.8857209086418152 -2.0269438905096138e-10
  outer loop
   vertex 1.8270360107421875 -2.1457734375 103.0
   vertex 1.822695068359375 -2.1480485839843753 103.0
   vertex 1.822695068359375 -2.1480485839843753 102.97
  endloop
 endfacet
 facet normal 0.4999999403953552 0.8660253882408142 2.76532404086538e-07
  outer loop
   vertex -0.889979248046875 -2.277788330078125 103.0
   vertex 0.32494119262695315 -2.979222900390625 103.0
   vertex 0.32494119262695315 -2.979222900390625 102.97
  endloop
 endfacet
 facet normal 0.5 0.866025447845459 -6.023801546461982e-08
  outer loop
   vertex -0.9346950073242187 -2.2519716796875002 102.97
   vertex -0.889979248046875 -2.277788330078125 103.0
   vertex 0.32494119262695315 -2.979222900390625 102.97
  endloop
 endfacet
 facet normal 0.49999991059303284 0.866025447845459 0.0
  outer loop
   vertex -0.9346950073242187 -2.2519716796875002 103.0
   vertex -0.889979248046875 -2.277788330078125 103.0
   vertex -0.9346950073242187 -2.2519716796875002 102.97
  endloop
 endfacet
 facet normal 0.9975717663764954 -0.06964638829231262 0.0
  outer loop
   vertex 0.32494119262695315 -2.979222900390625 103.0
   vertex 0.32405599975585936 -2.99190185546875 103.0
   vertex 0.32494119262695315 -2.979222900390625 102.97
  endloop
 endfacet
 facet normal 0.9998867511749268 0.015052663162350655 -0.0
  outer loop
   vertex 0.32405599975585936 -2.99190185546875 102.97
   vertex 0.32405599975585936 -2.99190185546875 103.0
   vertex 0.324247314453125 -3.004610107421875 102.97
  endloop
 endfacet
 facet normal 0.9975717663764954 -0.06964638829231262 -8.20689405323094e-10
  outer loop
   vertex 0.32494119262695315 -2.979222900390625 102.97
   vertex 0.32405599975585936 -2.99190185546875 103.0
   vertex 0.32405599975585936 -2.99190185546875 102.97
  endloop
 endfacet
 facet normal 0.9998867511749268 0.015052663162350655 -1.9540417894869933e-11
  outer loop
   vertex 0.32405599975585936 -2.99190185546875 103.0
   vertex 0.324247314453125 -3.004610107421875 103.0
   vertex 0.324247314453125 -3.004610107421875 102.97
  endloop
 endfacet
 facet normal 0.9830151796340942 0.18352417647838593 -0.0
  outer loop
   vertex 0.3255137939453125 -3.0172568359375003 102.97
   vertex 0.3255137939453125 -3.0172568359375003 103.0
   vertex 0.32784634399414064 -3.029750732421875 102.97
  endloop
 endfacet
 facet normal 0.9950230717658997 0.09964445233345032 1.328717691428949e-09
  outer loop
   vertex 0.324247314453125 -3.004610107421875 102.97
   vertex 0.3255137939453125 -3.0172568359375003 103.0
   vertex 0.3255137939453125 -3.0172568359375003 102.97
  endloop
 endfacet
 facet normal 0.9950230717658997 0.09964445233345032 0.0
  outer loop
   vertex 0.324247314453125 -3.004610107421875 103.0
   vertex 0.3255137939453125 -3.0172568359375003 103.0
   vertex 0.324247314453125 -3.004610107421875 102.97
  endloop
 endfacet
 facet normal 0.9830151796340942 0.18352417647838593 8.011522001361016e-10
  outer loop
   vertex 0.3255137939453125 -3.0172568359375003 103.0
   vertex 0.32784634399414064 -3.029750732421875 103.0
   vertex 0.32784634399414064 -3.029750732421875 102.97
  endloop
 endfacet
 facet normal 0.9639491438865662 0.2660863399505615 3.6345271237081533e-09
  outer loop
   vertex 0.32784634399414064 -3.029750732421875 102.97
   vertex 0.33122821044921874 -3.0420021972656253 103.0
   vertex 0.33122821044921874 -3.0420021972656253 102.97
  endloop
 endfacet
 facet normal 0.9639491438865662 0.2660863399505615 0.0
  outer loop
   vertex 0.32784634399414064 -3.029750732421875 103.0
   vertex 0.33122821044921874 -3.0420021972656253 103.0
   vertex 0.32784634399414064 -3.029750732421875 102.97
  endloop
 endfacet
 facet normal 0.9379647374153137 0.346730500459671 2.071259386227098e-09
  outer loop
   vertex 0.33122821044921874 -3.0420021972656253 102.97
   vertex 0.3356351013183594 -3.0539235839843752 103.0
   vertex 0.3356351013183594 -3.0539235839843752 102.97
  endloop
 endfacet
 facet normal 0.9379647374153137 0.346730500459671 0.0
  outer loop
   vertex 0.33122821044921874 -3.0420021972656253 103.0
   vertex 0.3356351013183594 -3.0539235839843752 103.0
   vertex 0.33122821044921874 -3.0420021972656253 102.97
  endloop
 endfacet
 facet normal 0.8660261631011963 0.4999987483024597 -0.0
  outer loop
   vertex 0.3410353698730469 -3.06542919921875 102.97
   vertex 0.3410353698730469 -3.06542919921875 103.0
   vertex 0.3473902893066406 -3.076436279296875 102.97
  endloop
 endfacet
 facet normal 0.9052468538284302 0.4248861074447632 -1.9540067341949907e-09
  outer loop
   vertex 0.3356351013183594 -3.0539235839843752 102.97
   vertex 0.3410353698730469 -3.06542919921875 103.0
   vertex 0.3410353698730469 -3.06542919921875 102.97
  endloop
 endfacet
 facet normal 0.9052468538284302 0.4248861074447632 0.0
  outer loop
   vertex 0.3356351013183594 -3.0539235839843752 103.0
   vertex 0.3410353698730469 -3.06542919921875 103.0
   vertex 0.3356351013183594 -3.0539235839843752 102.97
  endloop
 endfacet
 facet normal 0.8660261631011963 0.4999987483024597 -7.308013305618033e-09
  outer loop
   vertex 0.3410353698730469 -3.06542919921875 103.0
   vertex 0.3473902893066406 -3.076436279296875 103.0
   vertex 0.3473902893066406 -3.076436279296875 102.97
  endloop
 endfacet
 facet normal 0.8205870985984802 0.5715214610099792 8.265569562126984e-09
  outer loop
   vertex 0.3473902893066406 -3.076436279296875 102.97
   vertex 0.3546541748046875 -3.08686572265625 103.0
   vertex 0.3546541748046875 -3.08686572265625 102.97
  endloop
 endfacet
 facet normal 0.8205870985984802 0.5715214610099792 0.0
  outer loop
   vertex 0.3473902893066406 -3.076436279296875 103.0
   vertex 0.3546541748046875 -3.08686572265625 103.0
   vertex 0.3473902893066406 -3.076436279296875 102.97
  endloop
 endfacet
 facet normal 0.7692582607269287 0.6389380097389221 1.348280043167449e-09
  outer loop
   vertex 0.3546541748046875 -3.08686572265625 102.97
   vertex 0.3627749328613281 -3.096642822265625 103.0
   vertex 0.3627749328613281 -3.096642822265625 102.97
  endloop
 endfacet
 facet normal 0.7692582607269287 0.6389380097389221 0.0
  outer loop
   vertex 0.3546541748046875 -3.08686572265625 103.0
   vertex 0.3627749328613281 -3.096642822265625 103.0
   vertex 0.3546541748046875 -3.08686572265625 102.97
  endloop
 endfacet
 facet normal 0.7124135494232178 0.7017598748207092 -8.128695938580677e-09
  outer loop
   vertex 0.3627749328613281 -3.096642822265625 102.97
   vertex 0.3716942138671875 -3.105697509765625 103.0
   vertex 0.3716942138671875 -3.105697509765625 102.97
  endloop
 endfacet
 facet normal 0.7124135494232178 0.7017598748207092 0.0
  outer loop
   vertex 0.3627749328613281 -3.096642822265625 103.0
   vertex 0.3716942138671875 -3.105697509765625 103.0
   vertex 0.3627749328613281 -3.096642822265625 102.97
  endloop
 endfacet
 facet normal 0.6504353284835815 0.7595615983009338 7.8161548344724e-09
  outer loop
   vertex 0.3716942138671875 -3.105697509765625 102.97
   vertex 0.3813480224609375 -3.11396435546875 103.0
   vertex 0.3813480224609375 -3.11396435546875 102.97
  endloop
 endfacet
 facet normal 0.6504353284835815 0.7595615983009338 0.0
  outer loop
   vertex 0.3716942138671875 -3.105697509765625 103.0
   vertex 0.3813480224609375 -3.11396435546875 103.0
   vertex 0.3716942138671875 -3.105697509765625 102.97
  endloop
 endfacet
 facet normal 0.5838127732276917 0.8118883371353149 -6.018379128391871e-09
  outer loop
   vertex 0.3813480224609375 -3.11396435546875 102.97
   vertex 0.3916669921875 -3.121384521484375 103.0
   vertex 0.3916669921875 -3.121384521484375 102.97
  endloop
 endfacet
 facet normal 0.5838127732276917 0.8118883371353149 0.0
  outer loop
   vertex 0.3813480224609375 -3.11396435546875 103.0
   vertex 0.3916669921875 -3.121384521484375 103.0
   vertex 0.3813480224609375 -3.11396435546875 102.97
  endloop
 endfacet
 facet normal 0.512973427772522 0.8584044575691223 -9.183938054491136e-10
  outer loop
   vertex 0.3916669921875 -3.121384521484375 102.97
   vertex 0.4025771179199219 -3.127904296875 103.0
   vertex 0.4025771179199219 -3.127904296875 102.97
  endloop
 endfacet
 facet normal 0.512973427772522 0.8584044575691223 0.0
  outer loop
   vertex 0.3916669921875 -3.121384521484375 103.0
   vertex 0.4025771179199219 -3.127904296875 103.0
   vertex 0.3916669921875 -3.121384521484375 102.97
  endloop
 endfacet
 facet normal 0.4384783208370209 0.8987417817115784 -2.716082025955302e-09
  outer loop
   vertex 0.4025771179199219 -3.127904296875 102.97
   vertex 0.41400000000000003 -3.133477294921875 103.0
   vertex 0.41400000000000003 -3.133477294921875 102.97
  endloop
 endfacet
 facet normal 0.4384783208370209 0.8987417817115784 0.0
  outer loop
   vertex 0.4025771179199219 -3.127904296875 103.0
   vertex 0.41400000000000003 -3.133477294921875 103.0
   vertex 0.4025771179199219 -3.127904296875 102.97
  endloop
 endfacet
 facet normal 1.0 0.0 0.0
  outer loop
   vertex 0.41400000000000003 -4.54768603515625 103.0
   vertex 0.41400000000000003 -4.58797998046875 103.0
   vertex 0.41400000000000003 -4.58797998046875 102.97
  endloop
 endfacet
 facet normal 1.0 0.0 0.0
  outer loop
   vertex 0.41400000000000003 -3.133477294921875 102.97
   vertex 0.41400000000000003 -4.54768603515625 103.0
   vertex 0.41400000000000003 -4.58797998046875 102.97
  endloop
 endfacet
 facet normal 1.0 0.0 0.0
  outer loop
   vertex 0.41400000000000003 -3.133477294921875 103.0
   vertex 0.41400000000000003 -4.54768603515625 103.0
   vertex 0.41400000000000003 -3.133477294921875 102.97
  endloop
 endfacet
 facet normal -1.0 0.0 0.0
  outer loop
   vertex 0.534 -4.5363466796875 103.0
   vertex 0.534 -3.133477294921875 103.0
   vertex 0.534 -3.133477294921875 102.97
  endloop
 endfacet
 facet normal -1.0 0.0 0.0
  outer loop
   vertex 0.534 -4.58797998046875 102.97
   vertex 0.534 -4.5363466796875 103.0
   vertex 0.534 -3.133477294921875 102.97
  endloop
 endfacet
 facet normal -1.0 0.0 0.0
  outer loop
   vertex 0.534 -4.58797998046875 103.0
   vertex 0.534 -4.5363466796875 103.0
   vertex 0.534 -4.58797998046875 102.97
  endloop
 endfacet
 facet normal -0.43847736716270447 0.8987421989440918 0.0
  outer loop
   vertex 0.534 -3.133477294921875 102.97
   vertex 0.534 -3.133477294921875 103.0
   vertex 0.5454229125976563 -3.127904296875 102.97
  endloop
 endfacet
 facet normal -0.43847736716270447 0.8987421989440918 -1.445968678126519e-09
  outer loop
   vertex 0.534 -3.133477294921875 103.0
   vertex 0.5454229125976563 -3.127904296875 103.0
   vertex 0.5454229125976563 -3.127904296875 102.97
  endloop
 endfacet
 facet normal -0.5838127732276917 0.8118883371353149 0.0
  outer loop
   vertex 0.5563330078125001 -3.121384521484375 102.97
   vertex 0.5563330078125001 -3.121384521484375 103.0
   vertex 0.5666519775390625 -3.11396435546875 102.97
  endloop
 endfacet
 facet normal -0.5129745006561279 0.8584038615226746 -6.643713357235015e-10
  outer loop
   vertex 0.5454229125976563 -3.127904296875 102.97
   vertex 0.5563330078125001 -3.121384521484375 103.0
   vertex 0.5563330078125001 -3.121384521484375 102.97
  endloop
 endfacet
 facet normal -0.5129745006561279 0.8584038615226746 0.0
  outer loop
   vertex 0.5454229125976563 -3.127904296875 103.0
   vertex 0.5563330078125001 -3.121384521484375 103.0
   vertex 0.5454229125976563 -3.127904296875 102.97
  endloop
 endfacet
 facet normal -0.6504353284835815 0.7595615983009338 0.0
  outer loop
   vertex 0.5666519775390625 -3.11396435546875 102.97
   vertex 0.5666519775390625 -3.11396435546875 103.0
   vertex 0.5763057861328125 -3.105697509765625 102.97
  endloop
 endfacet
 facet normal -0.5838127732276917 0.8118883371353149 6.018379128391871e-09
  outer loop
   vertex 0.5563330078125001 -3.121384521484375 103.0
   vertex 0.5666519775390625 -3.11396435546875 103.0
   vertex 0.5666519775390625 -3.11396435546875 102.97
  endloop
 endfacet
 facet normal -0.6504353284835815 0.7595615983009338 -7.8161548344724e-09
  outer loop
   vertex 0.5666519775390625 -3.11396435546875 103.0
   vertex 0.5763057861328125 -3.105697509765625 103.0
   vertex 0.5763057861328125 -3.105697509765625 102.97
  endloop
 endfacet
 facet normal -0.7124123573303223 0.7017611265182495 -7.503399679364975e-09
  outer loop
   vertex 0.5763057861328125 -3.105697509765625 102.97
   vertex 0.58522509765625 -3.096642822265625 103.0
   vertex 0.58522509765625 -3.096642822265625 102.97
  endloop
 endfacet
 facet normal -0.7124123573303223 0.7017611265182495 0.0
  outer loop
   vertex 0.5763057861328125 -3.105697509765625 103.0
   vertex 0.58522509765625 -3.096642822265625 103.0
   vertex 0.5763057861328125 -3.105697509765625 102.97
  endloop
 endfacet
 facet normal -0.8205860257148743 0.571523129940033 0.0
  outer loop
   vertex 0.5933458251953125 -3.08686572265625 102.97
   vertex 0.5933458251953125 -3.08686572265625 103.0
   vertex 0.6006097412109375 -3.076436279296875 102.97
  endloop
 endfacet
 facet normal -0.7692593932151794 0.6389365196228027 -3.517257374241467e-09
  outer loop
   vertex 0.58522509765625 -3.096642822265625 102.97
   vertex 0.5933458251953125 -3.08686572265625 103.0
   vertex 0.5933458251953125 -3.08686572265625 102.97
  endloop
 endfacet
 facet normal -0.7692593932151794 0.6389365196228027 0.0
  outer loop
   vertex 0.58522509765625 -3.096642822265625 103.0
   vertex 0.5933458251953125 -3.08686572265625 103.0
   vertex 0.58522509765625 -3.096642822265625 102.97
  endloop
 endfacet
 facet normal -0.8660282492637634 0.4999951720237732 0.0
  outer loop
   vertex 0.6006097412109375 -3.076436279296875 102.97
   vertex 0.6006097412109375 -3.076436279296875 103.0
   vertex 0.606964599609375 -3.06542919921875 102.97
  endloop
 endfacet
 facet normal -0.8205860257148743 0.571523129940033 6.096582350068047e-09
  outer loop
   vertex 0.5933458251953125 -3.08686572265625 103.0
   vertex 0.6006097412109375 -3.076436279296875 103.0
   vertex 0.6006097412109375 -3.076436279296875 102.97
  endloop
 endfacet
 facet normal -0.9052449464797974 0.42489004135131836 0.0
  outer loop
   vertex 0.606964599609375 -3.06542919921875 102.97
   vertex 0.606964599609375 -3.06542919921875 103.0
   vertex 0.6123649291992188 -3.0539235839843752 102.97
  endloop
 endfacet
 facet normal -0.8660282492637634 0.4999951720237732 6.1746998625267224e-09
  outer loop
   vertex 0.6006097412109375 -3.076436279296875 103.0
   vertex 0.606964599609375 -3.06542919921875 103.0
   vertex 0.606964599609375 -3.06542919921875 102.97
  endloop
 endfacet
 facet normal -0.9052449464797974 0.42489004135131836 2.8528437390207273e-09
  outer loop
   vertex 0.606964599609375 -3.06542919921875 103.0
   vertex 0.6123649291992188 -3.0539235839843752 103.0
   vertex 0.6123649291992188 -3.0539235839843752 102.97
  endloop
 endfacet
 facet normal -0.9379655718803406 0.3467284142971039 4.220682914279905e-09
  outer loop
   vertex 0.6123649291992188 -3.0539235839843752 102.97
   vertex 0.6167717895507813 -3.0420021972656253 103.0
   vertex 0.6167717895507813 -3.0420021972656253 102.97
  endloop
 endfacet
 facet normal -0.9379655718803406 0.3467284142971039 0.0
  outer loop
   vertex 0.6123649291992188 -3.0539235839843752 103.0
   vertex 0.6167717895507813 -3.0420021972656253 103.0
   vertex 0.6123649291992188 -3.0539235839843752 102.97
  endloop
 endfacet
 facet normal -0.9639497995376587 0.26608410477638245 -3.751772226223693e-09
  outer loop
   vertex 0.6167717895507813 -3.0420021972656253 102.97
   vertex 0.6201536254882812 -3.029750732421875 103.0
   vertex 0.6201536254882812 -3.029750732421875 102.97
  endloop
 endfacet
 facet normal -0.9639497995376587 0.26608410477638245 0.0
  outer loop
   vertex 0.6167717895507813 -3.0420021972656253 103.0
   vertex 0.6201536254882812 -3.029750732421875 103.0
   vertex 0.6167717895507813 -3.0420021972656253 102.97
  endloop
 endfacet
 facet normal -0.9830147624015808 0.18352650105953217 -1.2896591572442162e-09
  outer loop
   vertex 0.6201536254882812 -3.029750732421875 102.97
   vertex 0.6224862060546875 -3.0172568359375003 103.0
   vertex 0.6224862060546875 -3.0172568359375003 102.97
  endloop
 endfacet
 facet normal -0.9830147624015808 0.18352650105953217 0.0
  outer loop
   vertex 0.6201536254882812 -3.029750732421875 103.0
   vertex 0.6224862060546875 -3.0172568359375003 103.0
   vertex 0.6201536254882812 -3.029750732421875 102.97
  endloop
 endfacet
 facet normal -0.9950230717658997 0.09964445233345032 -1.328717691428949e-09
  outer loop
   vertex 0.6224862060546875 -3.0172568359375003 102.97
   vertex 0.623752685546875 -3.004610107421875 103.0
   vertex 0.623752685546875 -3.004610107421875 102.97
  endloop
 endfacet
 facet normal -0.9950230717658997 0.09964445233345032 0.0
  outer loop
   vertex 0.6224862060546875 -3.0172568359375003 103.0
   vertex 0.623752685546875 -3.004610107421875 103.0
   vertex 0.6224862060546875 -3.0172568359375003 102.97
  endloop
 endfacet
 facet normal -0.9975717663764954 -0.06964638829231262 0.0
  outer loop
   vertex 0.6239440307617188 -2.99190185546875 102.97
   vertex 0.6239440307617188 -2.99190185546875 103.0
   vertex 0.623058837890625 -2.979222900390625 102.97
  endloop
 endfacet
 facet normal -0.999886691570282 0.015055062249302864 -1.9540416507091152e-10
  outer loop
   vertex 0.623752685546875 -3.004610107421875 102.97
   vertex 0.6239440307617188 -2.99190185546875 103.0
   vertex 0.6239440307617188 -2.99190185546875 102.97
  endloop
 endfacet
 facet normal -0.999886691570282 0.015055062249302864 0.0
  outer loop
   vertex 0.623752685546875 -3.004610107421875 103.0
   vertex 0.6239440307617188 -2.99190185546875 103.0
   vertex 0.623752685546875 -3.004610107421875 102.97
  endloop
 endfacet
 facet normal -0.9975717663764954 -0.06964638829231262 8.20689405323094e-10
  outer loop
   vertex 0.6239440307617188 -2.99190185546875 103.0
   vertex 0.623058837890625 -2.979222900390625 103.0
   vertex 0.623058837890625 -2.979222900390625 102.97
  endloop
 endfacet
 facet normal 0.4999999403953552 -0.8660253882408142 -2.76532404086538e-07
  outer loop
   vertex 1.777979248046875 -2.173865234375 103.0
   vertex 0.563058837890625 -2.8752998046875002 103.0
   vertex 0.563058837890625 -2.8752998046875002 102.97
  endloop
 endfacet
 facet normal 0.5 -0.866025447845459 1.077490651368862e-06
  outer loop
   vertex 1.822695068359375 -2.1480485839843753 102.97
   vertex 1.777979248046875 -2.173865234375 103.0
   vertex 0.563058837890625 -2.8752998046875002 102.97
  endloop
 endfacet
 facet normal 0.49999940395355225 -0.8660257458686829 0.0
  outer loop
   vertex 1.822695068359375 -2.1480485839843753 103.0
   vertex 1.777979248046875 -2.173865234375 103.0
   vertex 1.822695068359375 -2.1480485839843753 102.97
  endloop
 endfacet
 facet normal -0.5565875172615051 -0.8307889699935913 0.0
  outer loop
   vertex 0.563058837890625 -2.8752998046875002 102.97
   vertex 0.563058837890625 -2.8752998046875002 103.0
   vertex 0.5517459106445313 -2.8677207031250003 102.97
  endloop
 endfacet
 facet normal -0.47895702719688416 -0.8778383731842041 0.0
  outer loop
   vertex 0.5517459106445313 -2.8677207031250003 102.97
   vertex 0.5517459106445313 -2.8677207031250003 103.0
   vertex 0.5397923583984375 -2.86119873046875 102.97
  endloop
 endfacet
 facet normal -0.5565875172615051 -0.8307889699935913 -8.024856334998276e-09
  outer loop
   vertex 0.563058837890625 -2.8752998046875002 103.0
   vertex 0.5517459106445313 -2.8677207031250003 103.0
   vertex 0.5517459106445313 -2.8677207031250003 102.97
  endloop
 endfacet
 facet normal -0.47895702719688416 -0.8778383731842041 -4.304259615395267e-09
  outer loop
   vertex 0.5517459106445313 -2.8677207031250003 103.0
   vertex 0.5397923583984375 -2.86119873046875 103.0
   vertex 0.5397923583984375 -2.86119873046875 102.97
  endloop
 endfacet
 facet normal -0.3125207722187042 -0.9499109387397766 0.0
  outer loop
   vertex 0.5272965698242188 -2.855787841796875 102.97
   vertex 0.5272965698242188 -2.855787841796875 103.0
   vertex 0.514361572265625 -2.8515322265625 102.97
  endloop
 endfacet
 facet normal -0.39736300706863403 -0.9176614880561829 -3.5382574647968568e-09
  outer loop
   vertex 0.5397923583984375 -2.86119873046875 102.97
   vertex 0.5272965698242188 -2.855787841796875 103.0
   vertex 0.5272965698242188 -2.855787841796875 102.97
  endloop
 endfacet
 facet normal -0.39736300706863403 -0.9176614880561829 -0.0
  outer loop
   vertex 0.5397923583984375 -2.86119873046875 103.0
   vertex 0.5272965698242188 -2.855787841796875 103.0
   vertex 0.5397923583984375 -2.86119873046875 102.97
  endloop
 endfacet
 facet normal -0.3125207722187042 -0.9499109387397766 -2.9546116664391775e-09
  outer loop
   vertex 0.5272965698242188 -2.855787841796875 103.0
   vertex 0.514361572265625 -2.8515322265625 103.0
   vertex 0.514361572265625 -2.8515322265625 102.97
  endloop
 endfacet
 facet normal -0.13579463958740234 -0.9907370209693909 0.0
  outer loop
   vertex 0.5010939331054688 -2.84846728515625 102.97
   vertex 0.5010939331054688 -2.84846728515625 103.0
   vertex 0.48760302734375 -2.8466181640625 102.97
  endloop
 endfacet
 facet normal -0.22508111596107483 -0.97434002161026 -2.699277024120761e-09
  outer loop
   vertex 0.514361572265625 -2.8515322265625 102.97
   vertex 0.5010939331054688 -2.84846728515625 103.0
   vertex 0.5010939331054688 -2.84846728515625 102.97
  endloop
 endfacet
 facet normal -0.22508111596107483 -0.97434002161026 -0.0
  outer loop
   vertex 0.514361572265625 -2.8515322265625 103.0
   vertex 0.5010939331054688 -2.84846728515625 103.0
   vertex 0.514361572265625 -2.8515322265625 102.97
  endloop
 endfacet
 facet normal -0.13579463958740234 -0.9907370209693909 -1.8238375254497896e-09
  outer loop
   vertex 0.5010939331054688 -2.84846728515625 103.0
   vertex 0.48760302734375 -2.8466181640625 103.0
   vertex 0.48760302734375 -2.8466181640625 102.97
  endloop
 endfacet
 facet normal -0.04539627209305763 -0.9989690184593201 1.1672537381102188e-09
  outer loop
   vertex 0.48760302734375 -2.8466181640625 102.97
   vertex 0.47400000000000003 -2.846 103.0
   vertex 0.47400000000000003 -2.846 102.97
  endloop
 endfacet
 facet normal -0.04539627209305763 -0.9989690184593201 -0.0
  outer loop
   vertex 0.48760302734375 -2.8466181640625 103.0
   vertex 0.47400000000000003 -2.846 103.0
   vertex 0.48760302734375 -2.8466181640625 102.97
  endloop
 endfacet
 facet normal 0.13579463958740234 -0.9907370209693909 0.0
  outer loop
   vertex 0.46039697265625 -2.8466181640625 102.97
   vertex 0.46039697265625 -2.8466181640625 103.0
   vertex 0.4469060668945313 -2.84846728515625 102.97
  endloop
 endfacet
 facet normal 0.04539627209305763 -0.9989690184593201 -1.1672537381102188e-09
  outer loop
   vertex 0.47400000000000003 -2.846 102.97
   vertex 0.46039697265625 -2.8466181640625 103.0
   vertex 0.46039697265625 -2.8466181640625 102.97
  endloop
 endfacet
 facet normal 0.04539627209305763 -0.9989690184593201 0.0
  outer loop
   vertex 0.47400000000000003 -2.846 103.0
   vertex 0.46039697265625 -2.8466181640625 103.0
   vertex 0.47400000000000003 -2.846 102.97
  endloop
 endfacet
 facet normal 0.13579463958740234 -0.9907370209693909 1.8238375254497896e-09
  outer loop
   vertex 0.46039697265625 -2.8466181640625 103.0
   vertex 0.4469060668945313 -2.84846728515625 103.0
   vertex 0.4469060668945313 -2.84846728515625 102.97
  endloop
 endfacet
 facet normal 0.22508160769939423 -0.9743399024009705 -2.1521309179206582e-09
  outer loop
   vertex 0.4469060668945313 -2.84846728515625 102.97
   vertex 0.43363845825195313 -2.8515322265625 103.0
   vertex 0.43363845825195313 -2.8515322265625 102.97
  endloop
 endfacet
 facet normal 0.22508160769939423 -0.9743399024009705 0.0
  outer loop
   vertex 0.4469060668945313 -2.84846728515625 103.0
   vertex 0.43363845825195313 -2.8515322265625 103.0
   vertex 0.4469060668945313 -2.84846728515625 102.97
  endloop
 endfacet
 facet normal 0.39736300706863403 -0.9176614880561829 0.0
  outer loop
   vertex 0.42070343017578127 -2.855787841796875 102.97
   vertex 0.42070343017578127 -2.855787841796875 103.0
   vertex 0.40820764160156253 -2.86119873046875 102.97
  endloop
 endfacet
 facet normal 0.3125200867652893 -0.9499111175537109 3.3740863436548807e-09
  outer loop
   vertex 0.43363845825195313 -2.8515322265625 102.97
   vertex 0.42070343017578127 -2.855787841796875 103.0
   vertex 0.42070343017578127 -2.855787841796875 102.97
  endloop
 endfacet
 facet normal 0.3125200867652893 -0.9499111175537109 0.0
  outer loop
   vertex 0.43363845825195313 -2.8515322265625 103.0
   vertex 0.42070343017578127 -2.855787841796875 103.0
   vertex 0.43363845825195313 -2.8515322265625 102.97
  endloop
 endfacet
 facet normal 0.39736300706863403 -0.9176614880561829 3.5382574647968568e-09
  outer loop
   vertex 0.42070343017578127 -2.855787841796875 103.0
   vertex 0.40820764160156253 -2.86119873046875 103.0
   vertex 0.40820764160156253 -2.86119873046875 102.97
  endloop
 endfacet
 facet normal 0.5565896034240723 -0.8307875990867615 0.0
  outer loop
   vertex 0.3962540588378906 -2.8677207031250003 102.97
   vertex 0.3962540588378906 -2.8677207031250003 103.0
   vertex 0.38494119262695314 -2.8752998046875002 102.97
  endloop
 endfacet
 facet normal 0.47895607352256775 -0.8778388500213623 5.945702152843069e-09
  outer loop
   vertex 0.40820764160156253 -2.86119873046875 102.97
   vertex 0.3962540588378906 -2.8677207031250003 103.0
   vertex 0.3962540588378906 -2.8677207031250003 102.97
  endloop
 endfacet
 facet normal 0.47895607352256775 -0.8778388500213623 0.0
  outer loop
   vertex 0.40820764160156253 -2.86119873046875 103.0
   vertex 0.3962540588378906 -2.8677207031250003 103.0
   vertex 0.40820764160156253 -2.86119873046875 102.97
  endloop
 endfacet
 facet normal 0.5565896034240723 -0.8307875990867615 -3.7935827812418665e-09
  outer loop
   vertex 0.3962540588378906 -2.8677207031250003 103.0
   vertex 0.38494119262695314 -2.8752998046875002 103.0
   vertex 0.38494119262695314 -2.8752998046875002 102.97
  endloop
 endfacet
 facet normal -0.5000014305114746 -0.8660245537757874 -1.1907961727786187e-08
  outer loop
   vertex -0.839799560546875 -2.168195556640625 103.0
   vertex -0.8746950073242188 -2.1480485839843753 103.0
   vertex -0.8746950073242188 -2.1480485839843753 102.97
  endloop
 endfacet
 facet normal -0.5 -0.866025447845459 -1.388712803418457e-06
  outer loop
   vertex 0.38494119262695314 -2.8752998046875002 102.97
   vertex -0.839799560546875 -2.168195556640625 103.0
   vertex -0.8746950073242188 -2.1480485839843753 102.97
  endloop
 endfacet
 facet normal -0.49999991059303284 -0.866025447845459 -0.0
  outer loop
   vertex 0.38494119262695314 -2.8752998046875002 103.0
   vertex -0.839799560546875 -2.168195556640625 103.0
   vertex 0.38494119262695314 -2.8752998046875002 102.97
  endloop
 endfacet
 facet normal -0.9802705645561218 0.1976604014635086 0.0
  outer loop
   vertex 0.4160444641113281 -2.980470947265625 103.0
   vertex 0.4160444641113281 -2.980470947265625 102.97
   vertex 0.41455511474609374 -2.987857177734375 102.97
  endloop
 endfacet
 facet normal -0.9802705645561218 0.1976604014635086 0.0
  outer loop
   vertex 0.41455511474609374 -2.987857177734375 103.0
   vertex 0.4160444641113281 -2.980470947265625 103.0
   vertex 0.41455511474609374 -2.987857177734375 102.97
  endloop
 endfacet
 facet normal -0.9973145127296448 0.0732375979423523 7.251521050299914e-10
  outer loop
   vertex 0.4140032958984375 -2.99537158203125 103.0
   vertex 0.41455511474609374 -2.987857177734375 103.0
   vertex 0.41455511474609374 -2.987857177734375 102.97
  endloop
 endfacet
 facet normal -0.9973145127296448 0.0732375979423523 0.0
  outer loop
   vertex 0.4140032958984375 -2.99537158203125 103.0
   vertex 0.41455511474609374 -2.987857177734375 102.97
   vertex 0.4140032958984375 -2.99537158203125 102.97
  endloop
 endfacet
 facet normal -0.9986295700073242 -0.052335627377033234 -6.59198945429651e-11
  outer loop
   vertex 0.41439764404296875 -3.002896240234375 103.0
   vertex 0.4140032958984375 -2.99537158203125 103.0
   vertex 0.4140032958984375 -2.99537158203125 102.97
  endloop
 endfacet
 facet normal -0.9986295700073242 -0.052335627377033234 -0.0
  outer loop
   vertex 0.41439764404296875 -3.002896240234375 103.0
   vertex 0.4140032958984375 -2.99537158203125 102.97
   vertex 0.41439764404296875 -3.002896240234375 102.97
  endloop
 endfacet
 facet normal -0.9841960072517395 -0.1770823746919632 1.911710567625846e-09
  outer loop
   vertex 0.41573193359375 -3.01031201171875 103.0
   vertex 0.41439764404296875 -3.002896240234375 103.0
   vertex 0.41439764404296875 -3.002896240234375 102.97
  endloop
 endfacet
 facet normal -0.9841960072517395 -0.1770823746919632 -0.0
  outer loop
   vertex 0.41573193359375 -3.01031201171875 103.0
   vertex 0.41439764404296875 -3.002896240234375 102.97
   vertex 0.41573193359375 -3.01031201171875 102.97
  endloop
 endfacet
 facet normal -0.9542415738105774 -0.29903683066368103 3.75743924863059e-09
  outer loop
   vertex 0.41798516845703126 -3.017502197265625 103.0
   vertex 0.41573193359375 -3.01031201171875 103.0
   vertex 0.41573193359375 -3.01031201171875 102.97
  endloop
 endfacet
 facet normal -0.9542415738105774 -0.29903683066368103 -0.0
  outer loop
   vertex 0.41798516845703126 -3.017502197265625 103.0
   vertex 0.41573193359375 -3.01031201171875 102.97
   vertex 0.41798516845703126 -3.017502197265625 102.97
  endloop
 endfacet
 facet normal -0.909232497215271 -0.41628873348236084 2.8676085950252173e-09
  outer loop
   vertex 0.42112179565429686 -3.02435302734375 103.0
   vertex 0.41798516845703126 -3.017502197265625 103.0
   vertex 0.41798516845703126 -3.017502197265625 102.97
  endloop
 endfacet
 facet normal -0.909232497215271 -0.41628873348236084 -0.0
  outer loop
   vertex 0.42112179565429686 -3.02435302734375 103.0
   vertex 0.41798516845703126 -3.017502197265625 102.97
   vertex 0.42112179565429686 -3.02435302734375 102.97
  endloop
 endfacet
 facet normal -0.8498914837837219 -0.5269578099250793 -1.6480257158946188e-09
  outer loop
   vertex 0.42509234619140623 -3.0307568359375 103.0
   vertex 0.42112179565429686 -3.02435302734375 103.0
   vertex 0.42112179565429686 -3.02435302734375 102.97
  endloop
 endfacet
 facet normal -0.8498914837837219 -0.5269578099250793 -0.0
  outer loop
   vertex 0.42509234619140623 -3.0307568359375 103.0
   vertex 0.42112179565429686 -3.02435302734375 102.97
   vertex 0.42509234619140623 -3.0307568359375 102.97
  endloop
 endfacet
 facet normal -0.7771486639976501 -0.629317045211792 2.5049946561495062e-09
  outer loop
   vertex 0.42983416748046877 -3.036612548828125 103.0
   vertex 0.42509234619140623 -3.0307568359375 103.0
   vertex 0.42509234619140623 -3.0307568359375 102.97
  endloop
 endfacet
 facet normal -0.7771486639976501 -0.629317045211792 -0.0
  outer loop
   vertex 0.42983416748046877 -3.036612548828125 103.0
   vertex 0.42509234619140623 -3.0307568359375 102.97
   vertex 0.42983416748046877 -3.036612548828125 102.97
  endloop
 endfacet
 facet normal -0.596222460269928 -0.8028193116188049 -0.0
  outer loop
   vertex 0.4352725524902344 -3.0418278808593753 103.0
   vertex 0.4352725524902344 -3.0418278808593753 102.97
   vertex 0.44132165527343753 -3.0463203125000002 102.97
  endloop
 endfacet
 facet normal -0.6921506524085999 -0.7217530608177185 -0.0
  outer loop
   vertex 0.4352725524902344 -3.0418278808593753 103.0
   vertex 0.42983416748046877 -3.036612548828125 102.97
   vertex 0.4352725524902344 -3.0418278808593753 102.97
  endloop
 endfacet
 facet normal -0.6921506524085999 -0.7217530608177185 7.25120574696092e-10
  outer loop
   vertex 0.4352725524902344 -3.0418278808593753 103.0
   vertex 0.42983416748046877 -3.036612548828125 103.0
   vertex 0.42983416748046877 -3.036612548828125 102.97
  endloop
 endfacet
 facet normal -0.596222460269928 -0.8028193116188049 -0.0
  outer loop
   vertex 0.44132165527343753 -3.0463203125000002 103.0
   vertex 0.4352725524902344 -3.0418278808593753 103.0
   vertex 0.44132165527343753 -3.0463203125000002 102.97
  endloop
 endfacet
 facet normal -0.4908870458602905 -0.8712232112884521 -0.0
  outer loop
   vertex 0.44788613891601564 -3.05001904296875 103.0
   vertex 0.44132165527343753 -3.0463203125000002 102.97
   vertex 0.44788613891601564 -3.05001904296875 102.97
  endloop
 endfacet
 facet normal -0.4908870458602905 -0.8712232112884521 2.7027855509231813e-09
  outer loop
   vertex 0.44788613891601564 -3.05001904296875 103.0
   vertex 0.44132165527343753 -3.0463203125000002 103.0
   vertex 0.44132165527343753 -3.0463203125000002 102.97
  endloop
 endfacet
 facet normal -0.3778632581233978 -0.9258613586425781 -0.0
  outer loop
   vertex 0.4548624267578125 -3.0528662109375 103.0
   vertex 0.44788613891601564 -3.05001904296875 102.97
   vertex 0.4548624267578125 -3.0528662109375 102.97
  endloop
 endfacet
 facet normal -0.3778632581233978 -0.9258613586425781 -6.592049128784083e-11
  outer loop
   vertex 0.4548624267578125 -3.0528662109375 103.0
   vertex 0.44788613891601564 -3.05001904296875 103.0
   vertex 0.44788613891601564 -3.05001904296875 102.97
  endloop
 endfacet
 facet normal -0.25879183411598206 -0.9659331440925598 -0.0
  outer loop
   vertex 0.46214056396484376 -3.054816162109375 103.0
   vertex 0.4548624267578125 -3.0528662109375 102.97
   vertex 0.46214056396484376 -3.054816162109375 102.97
  endloop
 endfacet
 facet normal -0.25879183411598206 -0.9659331440925598 -1.5161896183002455e-09
  outer loop
   vertex 0.46214056396484376 -3.054816162109375 103.0
   vertex 0.4548624267578125 -3.0528662109375 103.0
   vertex 0.4548624267578125 -3.0528662109375 102.97
  endloop
 endfacet
 facet normal -0.13572949171066284 -0.9907459616661072 -0.0
  outer loop
   vertex 0.469605712890625 -3.0558388671875 103.0
   vertex 0.46214056396484376 -3.054816162109375 102.97
   vertex 0.469605712890625 -3.0558388671875 102.97
  endloop
 endfacet
 facet normal -0.13572949171066284 -0.9907459616661072 9.888124763435258e-10
  outer loop
   vertex 0.469605712890625 -3.0558388671875 103.0
   vertex 0.46214056396484376 -3.054816162109375 103.0
   vertex 0.46214056396484376 -3.054816162109375 102.97
  endloop
 endfacet
 facet normal -0.010465668514370918 -0.9999451637268066 -0.0
  outer loop
   vertex 0.4771401672363281 -3.055917724609375 103.0
   vertex 0.469605712890625 -3.0558388671875 102.97
   vertex 0.4771401672363281 -3.055917724609375 102.97
  endloop
 endfacet
 facet normal -0.010465668514370918 -0.9999451637268066 -9.888137531000041e-11
  outer loop
   vertex 0.4771401672363281 -3.055917724609375 103.0
   vertex 0.469605712890625 -3.0558388671875 103.0
   vertex 0.469605712890625 -3.0558388671875 102.97
  endloop
 endfacet
 facet normal 0.23853960633277893 -0.9711326956748962 0.0
  outer loop
   vertex 0.48462509155273437 -3.0550517578125 103.0
   vertex 0.48462509155273437 -3.0550517578125 102.97
   vertex 0.4919424438476563 -3.0532543945312502 102.97
  endloop
 endfacet
 facet normal 0.11492817103862762 -0.9933737516403198 0.0
  outer loop
   vertex 0.48462509155273437 -3.0550517578125 103.0
   vertex 0.4771401672363281 -3.055917724609375 102.97
   vertex 0.48462509155273437 -3.0550517578125 102.97
  endloop
 endfacet
 facet normal 0.11492817103862762 -0.9933737516403198 -8.569736587027421e-10
  outer loop
   vertex 0.48462509155273437 -3.0550517578125 103.0
   vertex 0.4771401672363281 -3.055917724609375 103.0
   vertex 0.4771401672363281 -3.055917724609375 102.97
  endloop
 endfacet
 facet normal 0.35836154222488403 -0.9335829019546509 0.0
  outer loop
   vertex 0.4919424438476563 -3.0532543945312502 103.0
   vertex 0.4919424438476563 -3.0532543945312502 102.97
   vertex 0.4989768371582031 -3.05055419921875 102.97
  endloop
 endfacet
 facet normal 0.23853960633277893 -0.9711326956748962 0.0
  outer loop
   vertex 0.4919424438476563 -3.0532543945312502 103.0
   vertex 0.48462509155273437 -3.0550517578125 103.0
   vertex 0.4919424438476563 -3.0532543945312502 102.97
  endloop
 endfacet
 facet normal 0.35836154222488403 -0.9335829019546509 0.0
  outer loop
   vertex 0.4989768371582031 -3.05055419921875 103.0
   vertex 0.4919424438476563 -3.0532543945312502 103.0
   vertex 0.4989768371582031 -3.05055419921875 102.97
  endloop
 endfacet
 facet normal 0.4725446105003357 -0.8813067674636841 0.0
  outer loop
   vertex 0.5056173400878906 -3.04699365234375 103.0
   vertex 0.4989768371582031 -3.05055419921875 102.97
   vertex 0.5056173400878906 -3.04699365234375 102.97
  endloop
 endfacet
 facet normal 0.4725446105003357 -0.8813067674636841 1.0547388518133971e-09
  outer loop
   vertex 0.5056173400878906 -3.04699365234375 103.0
   vertex 0.4989768371582031 -3.05055419921875 103.0
   vertex 0.4989768371582031 -3.05055419921875 102.97
  endloop
 endfacet
 facet normal 0.5792976021766663 -0.8151161670684814 0.0
  outer loop
   vertex 0.5117592163085938 -3.042628662109375 103.0
   vertex 0.5056173400878906 -3.04699365234375 102.97
   vertex 0.5117592163085938 -3.042628662109375 102.97
  endloop
 endfacet
 facet normal 0.5792976021766663 -0.8151161670684814 3.658560787656029e-09
  outer loop
   vertex 0.5117592163085938 -3.042628662109375 103.0
   vertex 0.5056173400878906 -3.04699365234375 103.0
   vertex 0.5056173400878906 -3.04699365234375 102.97
  endloop
 endfacet
 facet normal 0.6768711805343628 -0.7361014485359192 0.0
  outer loop
   vertex 0.5173056030273437 -3.037528564453125 103.0
   vertex 0.5117592163085938 -3.042628662109375 102.97
   vertex 0.5173056030273437 -3.037528564453125 102.97
  endloop
 endfacet
 facet normal 0.6768711805343628 -0.7361014485359192 3.1642268805143203e-09
  outer loop
   vertex 0.5173056030273437 -3.037528564453125 103.0
   vertex 0.5117592163085938 -3.042628662109375 103.0
   vertex 0.5117592163085938 -3.042628662109375 102.97
  endloop
 endfacet
 facet normal 0.8386648893356323 -0.544647753238678 0.0
  outer loop
   vertex 0.5221690673828125 -3.0317734375 103.0
   vertex 0.5221690673828125 -3.0317734375 102.97
   vertex 0.5262728271484375 -3.025454345703125 102.97
  endloop
 endfacet
 facet normal 0.7637957334518433 -0.6454581022262573 0.0
  outer loop
   vertex 0.5221690673828125 -3.0317734375 103.0
   vertex 0.5173056030273437 -3.037528564453125 102.97
   vertex 0.5221690673828125 -3.0317734375 102.97
  endloop
 endfacet
 facet normal 0.7637957334518433 -0.6454581022262573 -6.59206023101433e-11
  outer loop
   vertex 0.5221690673828125 -3.0317734375 103.0
   vertex 0.5173056030273437 -3.037528564453125 103.0
   vertex 0.5173056030273437 -3.037528564453125 102.97
  endloop
 endfacet
 facet normal 0.8386648893356323 -0.544647753238678 0.0
  outer loop
   vertex 0.5262728271484375 -3.025454345703125 103.0
   vertex 0.5221690673828125 -3.0317734375 103.0
   vertex 0.5262728271484375 -3.025454345703125 102.97
  endloop
 endfacet
 facet normal 0.9003220796585083 -0.4352242350578308 3.559662342667025e-09
  outer loop
   vertex 0.52955224609375 -3.01867041015625 103.0
   vertex 0.5262728271484375 -3.025454345703125 103.0
   vertex 0.5262728271484375 -3.025454345703125 102.97
  endloop
 endfacet
 facet normal 0.9003220796585083 -0.4352242350578308 0.0
  outer loop
   vertex 0.52955224609375 -3.01867041015625 103.0
   vertex 0.5262728271484375 -3.025454345703125 102.97
   vertex 0.52955224609375 -3.01867041015625 102.97
  endloop
 endfacet
 facet normal 0.9477689266204834 -0.3189578950405121 -1.0547281936723607e-09
  outer loop
   vertex 0.53195556640625 -3.011529052734375 103.0
   vertex 0.52955224609375 -3.01867041015625 103.0
   vertex 0.52955224609375 -3.01867041015625 102.97
  endloop
 endfacet
 facet normal 0.9477689266204834 -0.3189578950405121 0.0
  outer loop
   vertex 0.53195556640625 -3.011529052734375 103.0
   vertex 0.52955224609375 -3.01867041015625 102.97
   vertex 0.53195556640625 -3.011529052734375 102.97
  endloop
 endfacet
 facet normal 0.9802713394165039 -0.197656512260437 9.228908748326603e-10
  outer loop
   vertex 0.5334448852539062 -3.0041428222656252 103.0
   vertex 0.53195556640625 -3.011529052734375 103.0
   vertex 0.53195556640625 -3.011529052734375 102.97
  endloop
 endfacet
 facet normal 0.9802713394165039 -0.197656512260437 0.0
  outer loop
   vertex 0.5334448852539062 -3.0041428222656252 103.0
   vertex 0.53195556640625 -3.011529052734375 102.97
   vertex 0.5334448852539062 -3.0041428222656252 102.97
  endloop
 endfacet
 facet normal 0.9973145127296448 -0.0732375979423523 7.251521050299914e-10
  outer loop
   vertex 0.5339967041015625 -2.99662841796875 103.0
   vertex 0.5334448852539062 -3.0041428222656252 103.0
   vertex 0.5334448852539062 -3.0041428222656252 102.97
  endloop
 endfacet
 facet normal 0.9986295700073242 0.052335627377033234 0.0
  outer loop
   vertex 0.5339967041015625 -2.99662841796875 103.0
   vertex 0.5339967041015625 -2.99662841796875 102.97
   vertex 0.5336023559570313 -2.989103759765625 102.97
  endloop
 endfacet
 facet normal 0.9973145127296448 -0.0732375979423523 0.0
  outer loop
   vertex 0.5339967041015625 -2.99662841796875 103.0
   vertex 0.5334448852539062 -3.0041428222656252 102.97
   vertex 0.5339967041015625 -2.99662841796875 102.97
  endloop
 endfacet
 facet normal 0.9986295700073242 0.052335627377033234 0.0
  outer loop
   vertex 0.5336023559570313 -2.989103759765625 103.0
   vertex 0.5339967041015625 -2.99662841796875 103.0
   vertex 0.5336023559570313 -2.989103759765625 102.97
  endloop
 endfacet
 facet normal 0.9841960072517395 0.1770823746919632 1.911710567625846e-09
  outer loop
   vertex 0.53226806640625 -2.98168798828125 103.0
   vertex 0.5336023559570313 -2.989103759765625 103.0
   vertex 0.5336023559570313 -2.989103759765625 102.97
  endloop
 endfacet
 facet normal 0.9841960072517395 0.1770823746919632 0.0
  outer loop
   vertex 0.53226806640625 -2.98168798828125 103.0
   vertex 0.5336023559570313 -2.989103759765625 102.97
   vertex 0.53226806640625 -2.98168798828125 102.97
  endloop
 endfacet
 facet normal 0.9542415738105774 0.29903683066368103 0.0
  outer loop
   vertex 0.5300148315429688 -2.974497802734375 103.0
   vertex 0.53226806640625 -2.98168798828125 102.97
   vertex 0.5300148315429688 -2.974497802734375 102.97
  endloop
 endfacet
 facet normal 0.9542415738105774 0.29903683066368103 3.75743924863059e-09
  outer loop
   vertex 0.5300148315429688 -2.974497802734375 103.0
   vertex 0.53226806640625 -2.98168798828125 103.0
   vertex 0.53226806640625 -2.98168798828125 102.97
  endloop
 endfacet
 facet normal 0.8498896360397339 0.5269607305526733 0.0
  outer loop
   vertex 0.5268782348632812 -2.96764697265625 103.0
   vertex 0.5268782348632812 -2.96764697265625 102.97
   vertex 0.5229076538085937 -2.9612431640625 102.97
  endloop
 endfacet
 facet normal 0.9092340469360352 0.41628536581993103 0.0
  outer loop
   vertex 0.5268782348632812 -2.96764697265625 103.0
   vertex 0.5300148315429688 -2.974497802734375 102.97
   vertex 0.5268782348632812 -2.96764697265625 102.97
  endloop
 endfacet
 facet normal 0.9092340469360352 0.41628536581993103 -3.955328842231154e-10
  outer loop
   vertex 0.5268782348632812 -2.96764697265625 103.0
   vertex 0.5300148315429688 -2.974497802734375 103.0
   vertex 0.5300148315429688 -2.974497802734375 102.97
  endloop
 endfacet
 facet normal 0.8498896360397339 0.5269607305526733 0.0
  outer loop
   vertex 0.5229076538085937 -2.9612431640625 103.0
   vertex 0.5268782348632812 -2.96764697265625 103.0
   vertex 0.5229076538085937 -2.9612431640625 102.97
  endloop
 endfacet
 facet normal 0.7771486639976501 0.629317045211792 0.0
  outer loop
   vertex 0.5181658325195313 -2.955387451171875 103.0
   vertex 0.5229076538085937 -2.9612431640625 102.97
   vertex 0.5181658325195313 -2.955387451171875 102.97
  endloop
 endfacet
 facet normal 0.7771486639976501 0.629317045211792 2.5049946561495062e-09
  outer loop
   vertex 0.5181658325195313 -2.955387451171875 103.0
   vertex 0.5229076538085937 -2.9612431640625 103.0
   vertex 0.5229076538085937 -2.9612431640625 102.97
  endloop
 endfacet
 facet normal 0.5962204933166504 0.8028207421302795 0.0
  outer loop
   vertex 0.5127274780273438 -2.950172119140625 103.0
   vertex 0.5127274780273438 -2.950172119140625 102.97
   vertex 0.5066783447265625 -2.9456796875 102.97
  endloop
 endfacet
 facet normal 0.692152738571167 0.7217511534690857 0.0
  outer loop
   vertex 0.5127274780273438 -2.950172119140625 103.0
   vertex 0.5181658325195313 -2.955387451171875 102.97
   vertex 0.5127274780273438 -2.950172119140625 102.97
  endloop
 endfacet
 facet normal 0.692152738571167 0.7217511534690857 -3.955214822326525e-09
  outer loop
   vertex 0.5127274780273438 -2.950172119140625 103.0
   vertex 0.5181658325195313 -2.955387451171875 103.0
   vertex 0.5181658325195313 -2.955387451171875 102.97
  endloop
 endfacet
 facet normal 0.5962204933166504 0.8028207421302795 0.0
  outer loop
   vertex 0.5066783447265625 -2.9456796875 103.0
   vertex 0.5127274780273438 -2.950172119140625 103.0
   vertex 0.5066783447265625 -2.9456796875 102.97
  endloop
 endfacet
 facet normal 0.4908870458602905 0.8712232112884521 0.0
  outer loop
   vertex 0.5001138610839844 -2.94198095703125 103.0
   vertex 0.5066783447265625 -2.9456796875 102.97
   vertex 0.5001138610839844 -2.94198095703125 102.97
  endloop
 endfacet
 facet normal 0.4908870458602905 0.8712232112884521 2.7027855509231813e-09
  outer loop
   vertex 0.5001138610839844 -2.94198095703125 103.0
   vertex 0.5066783447265625 -2.9456796875 103.0
   vertex 0.5066783447265625 -2.9456796875 102.97
  endloop
 endfacet
 facet normal 0.3778632581233978 0.9258613586425781 0.0
  outer loop
   vertex 0.4931375732421875 -2.9391337890625002 103.0
   vertex 0.5001138610839844 -2.94198095703125 102.97
   vertex 0.4931375732421875 -2.9391337890625002 102.97
  endloop
 endfacet
 facet normal 0.3778632581233978 0.9258613586425781 -6.592049128784083e-11
  outer loop
   vertex 0.4931375732421875 -2.9391337890625002 103.0
   vertex 0.5001138610839844 -2.94198095703125 103.0
   vertex 0.5001138610839844 -2.94198095703125 102.97
  endloop
 endfacet
 facet normal 0.13572949171066284 0.9907459616661072 0.0
  outer loop
   vertex 0.48585943603515624 -2.937183837890625 103.0
   vertex 0.48585943603515624 -2.937183837890625 102.97
   vertex 0.478394287109375 -2.9361611328125 102.97
  endloop
 endfacet
 facet normal 0.25879183411598206 0.9659331440925598 0.0
  outer loop
   vertex 0.48585943603515624 -2.937183837890625 103.0
   vertex 0.4931375732421875 -2.9391337890625002 102.97
   vertex 0.48585943603515624 -2.937183837890625 102.97
  endloop
 endfacet
 facet normal 0.25879183411598206 0.9659331440925598 -1.5161896183002455e-09
  outer loop
   vertex 0.48585943603515624 -2.937183837890625 103.0
   vertex 0.4931375732421875 -2.9391337890625002 103.0
   vertex 0.4931375732421875 -2.9391337890625002 102.97
  endloop
 endfacet
 facet normal 0.13572949171066284 0.9907459616661072 0.0
  outer loop
   vertex 0.478394287109375 -2.9361611328125 103.0
   vertex 0.48585943603515624 -2.937183837890625 103.0
   vertex 0.478394287109375 -2.9361611328125 102.97
  endloop
 endfacet
 facet normal -0.11492817103862762 0.9933737516403198 0.0
  outer loop
   vertex 0.4708598327636719 -2.9360822753906253 103.0
   vertex 0.4708598327636719 -2.9360822753906253 102.97
   vertex 0.46337490844726564 -2.9369482421875 102.97
  endloop
 endfacet
 facet normal 0.010465668514370918 0.9999451637268066 0.0
  outer loop
   vertex 0.4708598327636719 -2.9360822753906253 103.0
   vertex 0.478394287109375 -2.9361611328125 102.97
   vertex 0.4708598327636719 -2.9360822753906253 102.97
  endloop
 endfacet
 facet normal 0.010465668514370918 0.9999451637268066 -9.888137531000041e-11
  outer loop
   vertex 0.4708598327636719 -2.9360822753906253 103.0
   vertex 0.478394287109375 -2.9361611328125 103.0
   vertex 0.478394287109375 -2.9361611328125 102.97
  endloop
 endfacet
 facet normal -0.11492817103862762 0.9933737516403198 0.0
  outer loop
   vertex 0.46337490844726564 -2.9369482421875 103.0
   vertex 0.4708598327636719 -2.9360822753906253 103.0
   vertex 0.46337490844726564 -2.9369482421875 102.97
  endloop
 endfacet
 facet normal -0.23853960633277893 0.9711326956748962 0.0
  outer loop
   vertex 0.4560575561523438 -2.93874560546875 103.0
   vertex 0.46337490844726564 -2.9369482421875 102.97
   vertex 0.4560575561523438 -2.93874560546875 102.97
  endloop
 endfacet
 facet normal -0.23853960633277893 0.9711326956748962 -6.59209561937324e-11
  outer loop
   vertex 0.4560575561523438 -2.93874560546875 103.0
   vertex 0.46337490844726564 -2.9369482421875 103.0
   vertex 0.46337490844726564 -2.9369482421875 102.97
  endloop
 endfacet
 facet normal -0.35836154222488403 0.9335829019546509 0.0
  outer loop
   vertex 0.4490231628417969 -2.94144580078125 103.0
   vertex 0.4560575561523438 -2.93874560546875 102.97
   vertex 0.4490231628417969 -2.94144580078125 102.97
  endloop
 endfacet
 facet normal -0.35836154222488403 0.9335829019546509 -6.592119627946147e-10
  outer loop
   vertex 0.4490231628417969 -2.94144580078125 103.0
   vertex 0.4560575561523438 -2.93874560546875 103.0
   vertex 0.4560575561523438 -2.93874560546875 102.97
  endloop
 endfacet
 facet normal -0.4725446105003357 0.8813067674636841 0.0
  outer loop
   vertex 0.4423826599121094 -2.9450063476562502 103.0
   vertex 0.4490231628417969 -2.94144580078125 102.97
   vertex 0.4423826599121094 -2.9450063476562502 102.97
  endloop
 endfacet
 facet normal -0.4725446105003357 0.8813067674636841 1.0547388518133971e-09
  outer loop
   vertex 0.4423826599121094 -2.9450063476562502 103.0
   vertex 0.4490231628417969 -2.94144580078125 103.0
   vertex 0.4490231628417969 -2.94144580078125 102.97
  endloop
 endfacet
 facet normal -0.5792976021766663 0.8151161670684814 0.0
  outer loop
   vertex 0.4362407836914063 -2.949371337890625 103.0
   vertex 0.4423826599121094 -2.9450063476562502 102.97
   vertex 0.4362407836914063 -2.949371337890625 102.97
  endloop
 endfacet
 facet normal -0.5792976021766663 0.8151161670684814 3.658560787656029e-09
  outer loop
   vertex 0.4362407836914063 -2.949371337890625 103.0
   vertex 0.4423826599121094 -2.9450063476562502 103.0
   vertex 0.4423826599121094 -2.9450063476562502 102.97
  endloop
 endfacet
 facet normal -0.7637977004051208 0.6454557180404663 0.0
  outer loop
   vertex 0.43069439697265627 -2.954471435546875 103.0
   vertex 0.43069439697265627 -2.954471435546875 102.97
   vertex 0.42583096313476565 -2.9602265625 102.97
  endloop
 endfacet
 facet normal -0.6768711805343628 0.7361014485359192 0.0
  outer loop
   vertex 0.43069439697265627 -2.954471435546875 103.0
   vertex 0.4362407836914063 -2.949371337890625 102.97
   vertex 0.43069439697265627 -2.954471435546875 102.97
  endloop
 endfacet
 facet normal -0.6768711805343628 0.7361014485359192 3.1642268805143203e-09
  outer loop
   vertex 0.43069439697265627 -2.954471435546875 103.0
   vertex 0.4362407836914063 -2.949371337890625 103.0
   vertex 0.4362407836914063 -2.949371337890625 102.97
  endloop
 endfacet
 facet normal -0.7637977004051208 0.6454557180404663 0.0
  outer loop
   vertex 0.42583096313476565 -2.9602265625 103.0
   vertex 0.43069439697265627 -2.954471435546875 103.0
   vertex 0.42583096313476565 -2.9602265625 102.97
  endloop
 endfacet
 facet normal -0.8386631011962891 0.5446506142616272 0.0
  outer loop
   vertex 0.4217271728515625 -2.966545654296875 103.0
   vertex 0.42583096313476565 -2.9602265625 102.97
   vertex 0.4217271728515625 -2.966545654296875 102.97
  endloop
 endfacet
 facet normal -0.8386631011962891 0.5446506142616272 -2.538004917340686e-09
  outer loop
   vertex 0.4217271728515625 -2.966545654296875 103.0
   vertex 0.42583096313476565 -2.9602265625 103.0
   vertex 0.42583096313476565 -2.9602265625 102.97
  endloop
 endfacet
 facet normal -0.9003220796585083 0.4352242350578308 0.0
  outer loop
   vertex 0.41844775390625 -2.97332958984375 103.0
   vertex 0.4217271728515625 -2.966545654296875 102.97
   vertex 0.41844775390625 -2.97332958984375 102.97
  endloop
 endfacet
 facet normal -0.9003220796585083 0.4352242350578308 3.559662342667025e-09
  outer loop
   vertex 0.41844775390625 -2.97332958984375 103.0
   vertex 0.4217271728515625 -2.966545654296875 103.0
   vertex 0.4217271728515625 -2.966545654296875 102.97
  endloop
 endfacet
 facet normal -0.9477701187133789 0.3189542591571808 0.0
  outer loop
   vertex 0.4160444641113281 -2.980470947265625 103.0
   vertex 0.41844775390625 -2.97332958984375 102.97
   vertex 0.4160444641113281 -2.980470947265625 102.97
  endloop
 endfacet
 facet normal -0.9477701187133789 0.3189542591571808 -3.2630693702628832e-09
  outer loop
   vertex 0.4160444641113281 -2.980470947265625 103.0
   vertex 0.41844775390625 -2.97332958984375 103.0
   vertex 0.41844775390625 -2.97332958984375 102.97
  endloop
 endfacet
 facet normal 0.0 0.0 -1.0
  outer loop
   vertex 1.8721324462890625 -2.222861328125 107.05
   vertex 1.869236328125 -2.2250378417968752 107.05
   vertex 1.8660989990234376 -2.22684912109375 107.05
  endloop
 endfacet
 facet normal 0.0 0.0 -1.0
  outer loop
   vertex 1.8721324462890625 -2.222861328125 107.05
   vertex 1.8660989990234376 -2.22684912109375 107.05
   vertex 1.86276611328125 -2.22826904296875 107.05
  endloop
 endfacet
 facet normal 0.0 0.0 -1.0
  outer loop
   vertex 1.8592864990234375 -2.22927685546875 107.05
   vertex 1.8721324462890625 -2.222861328125 107.05
   vertex 1.86276611328125 -2.22826904296875 107.05
  endloop
 endfacet
 facet normal 0.0 0.0 -1.0
  outer loop
   vertex 1.877036376953125 -2.2175456542968752 107.05
   vertex 1.8747452392578126 -2.220351806640625 107.05
   vertex 1.8721324462890625 -2.222861328125 107.05
  endloop
 endfacet
 facet normal 0.0 0.0 -1.0
  outer loop
   vertex 1.877036376953125 -2.2175456542968752 107.05
   vertex 1.8721324462890625 -2.222861328125 107.05
   vertex 1.8592864990234375 -2.22927685546875 107.05
  endloop
 endfacet
 facet normal 0.0 0.0 -1.0
  outer loop
   vertex 1.8520909423828125 -2.23000390625 107.05
   vertex 1.8592864990234375 -2.22927685546875 107.05
   vertex 1.855710693359375 -2.229858154296875 107.05
  endloop
 endfacet
 facet normal 0.0 0.0 -1.0
  outer loop
   vertex 1.880525634765625 -2.2112109375 107.05
   vertex 1.8789725341796875 -2.21448388671875 107.05
   vertex 1.877036376953125 -2.2175456542968752 107.05
  endloop
 endfacet
 facet normal 0.0 0.0 -1.0
  outer loop
   vertex 1.844930419921875 -2.22898779296875 107.05
   vertex 1.8520909423828125 -2.23000390625 107.05
   vertex 1.84847998046875 -2.22971240234375 107.05
  endloop
 endfacet
 facet normal 0.0 0.0 -1.0
  outer loop
   vertex 1.8823974609375 -2.20422509765625 107.05
   vertex 1.8816728515625 -2.207774658203125 107.05
   vertex 1.880525634765625 -2.2112109375 107.05
  endloop
 endfacet
 facet normal 0.0 0.0 -1.0
  outer loop
   vertex 1.8823974609375 -2.20422509765625 107.05
   vertex 1.880525634765625 -2.2112109375 107.05
   vertex 1.877036376953125 -2.2175456542968752 107.05
  endloop
 endfacet
 facet normal 0.0 0.0 -1.0
  outer loop
   vertex 1.8382213134765626 -2.22628759765625 107.05
   vertex 1.844930419921875 -2.22898779296875 107.05
   vertex 1.841494140625 -2.227840576171875 107.05
  endloop
 endfacet
 facet normal 0.0 0.0 -1.0
  outer loop
   vertex 1.835159423828125 -2.224351318359375 107.05
   vertex 1.844930419921875 -2.22898779296875 107.05
   vertex 1.8382213134765626 -2.22628759765625 107.05
  endloop
 endfacet
 facet normal 0.0 0.0 -1.0
  outer loop
   vertex 1.8809541015625 -2.18993896484375 107.05
   vertex 1.8819619140625001 -2.193418701171875 107.05
   vertex 1.8825430908203125 -2.1969943847656253 107.05
  endloop
 endfacet
 facet normal 0.0 0.0 -1.0
  outer loop
   vertex 1.8795340576171875 -2.186606201171875 107.05
   vertex 1.8825430908203125 -2.1969943847656253 107.05
   vertex 1.8826889648437501 -2.2006142578125 107.05
  endloop
 endfacet
 facet normal 0.0 0.0 -1.0
  outer loop
   vertex 1.8795340576171875 -2.186606201171875 107.05
   vertex 1.8826889648437501 -2.2006142578125 107.05
   vertex 1.8823974609375 -2.20422509765625 107.05
  endloop
 endfacet
 facet normal 0.0 0.0 -1.0
  outer loop
   vertex 1.8795340576171875 -2.186606201171875 107.05
   vertex 1.8592864990234375 -2.22927685546875 107.05
   vertex 1.8520909423828125 -2.23000390625 107.05
  endloop
 endfacet
 facet normal 0.0 0.0 -1.0
  outer loop
   vertex 1.8795340576171875 -2.186606201171875 107.05
   vertex 1.877036376953125 -2.2175456542968752 107.05
   vertex 1.8592864990234375 -2.22927685546875 107.05
  endloop
 endfacet
 facet normal 0.0 -0.0 -1.0
  outer loop
   vertex 1.8795340576171875 -2.186606201171875 107.05
   vertex 1.8823974609375 -2.20422509765625 107.05
   vertex 1.877036376953125 -2.2175456542968752 107.05
  endloop
 endfacet
 facet normal 0.0 0.0 -1.0
  outer loop
   vertex 1.8795340576171875 -2.186606201171875 107.05
   vertex 1.8809541015625 -2.18993896484375 107.05
   vertex 1.8825430908203125 -2.1969943847656253 107.05
  endloop
 endfacet
 facet normal 0.0 0.0 -1.0
  outer loop
   vertex 1.8276673583984375 -2.21655126953125 107.05
   vertex 1.835159423828125 -2.224351318359375 107.05
   vertex 1.8323531494140626 -2.222060302734375 107.05
  endloop
 endfacet
 facet normal 0.0 0.0 -1.0
  outer loop
   vertex 1.8276673583984375 -2.21655126953125 107.05
   vertex 1.8323531494140626 -2.222060302734375 107.05
   vertex 1.8298436279296875 -2.219447509765625 107.05
  endloop
 endfacet
 facet normal 0.0 0.0 -1.0
  outer loop
   vertex 1.8276673583984375 -2.21655126953125 107.05
   vertex 1.844930419921875 -2.22898779296875 107.05
   vertex 1.835159423828125 -2.224351318359375 107.05
  endloop
 endfacet
 facet normal 0.0 -0.0 -1.0
  outer loop
   vertex 1.8777227783203125 -2.18346875 107.05
   vertex 1.8795340576171875 -2.186606201171875 107.05
   vertex 1.8520909423828125 -2.23000390625 107.05
  endloop
 endfacet
 facet normal 0.0 0.0 -1.0
  outer loop
   vertex 1.82585595703125 -2.2134140625 107.05
   vertex 1.844930419921875 -2.22898779296875 107.05
   vertex 1.8276673583984375 -2.21655126953125 107.05
  endloop
 endfacet
 facet normal 0.0 0.0 -1.0
  outer loop
   vertex 1.8234281005859376 -2.2066015625 107.05
   vertex 1.8777227783203125 -2.18346875 107.05
   vertex 1.8520909423828125 -2.23000390625 107.05
  endloop
 endfacet
 facet normal 0.0 0.0 -1.0
  outer loop
   vertex 1.8234281005859376 -2.2066015625 107.05
   vertex 1.82585595703125 -2.2134140625 107.05
   vertex 1.82443603515625 -2.210081298828125 107.05
  endloop
 endfacet
 facet normal 0.0 0.0 -1.0
  outer loop
   vertex 1.8234281005859376 -2.2066015625 107.05
   vertex 1.8520909423828125 -2.23000390625 107.05
   vertex 1.844930419921875 -2.22898779296875 107.05
  endloop
 endfacet
 facet normal 0.0 0.0 -1.0
  outer loop
   vertex 1.8234281005859376 -2.2066015625 107.05
   vertex 1.844930419921875 -2.22898779296875 107.05
   vertex 1.82585595703125 -2.2134140625 107.05
  endloop
 endfacet
 facet normal 0.0 0.0 -1.0
  outer loop
   vertex 1.870230712890625 -2.175668701171875 107.05
   vertex 1.873036865234375 -2.1779599609375 107.05
   vertex 1.87554638671875 -2.180572509765625 107.05
  endloop
 endfacet
 facet normal 0.0 -0.0 -1.0
  outer loop
   vertex 1.8671688232421875 -2.173732421875 107.05
   vertex 1.8777227783203125 -2.18346875 107.05
   vertex 1.8234281005859376 -2.2066015625 107.05
  endloop
 endfacet
 facet normal 0.0 0.0 -1.0
  outer loop
   vertex 1.8671688232421875 -2.173732421875 107.05
   vertex 1.870230712890625 -2.175668701171875 107.05
   vertex 1.87554638671875 -2.180572509765625 107.05
  endloop
 endfacet
 facet normal 0.0 0.0 -1.0
  outer loop
   vertex 1.8671688232421875 -2.173732421875 107.05
   vertex 1.8234281005859376 -2.2066015625 107.05
   vertex 1.8228470458984376 -2.203025634765625 107.05
  endloop
 endfacet
 facet normal 0.0 0.0 -1.0
  outer loop
   vertex 1.8671688232421875 -2.173732421875 107.05
   vertex 1.87554638671875 -2.180572509765625 107.05
   vertex 1.8777227783203125 -2.18346875 107.05
  endloop
 endfacet
 facet normal 0.0 0.0 -1.0
  outer loop
   vertex 1.82371728515625 -2.192245361328125 107.05
   vertex 1.8227011718750001 -2.199406005859375 107.05
   vertex 1.82299267578125 -2.195794921875 107.05
  endloop
 endfacet
 facet normal 0.0 0.0 -1.0
  outer loop
   vertex 1.82641748046875 -2.185536376953125 107.05
   vertex 1.82371728515625 -2.192245361328125 107.05
   vertex 1.824864501953125 -2.188809326171875 107.05
  endloop
 endfacet
 facet normal 0.0 0.0 -1.0
  outer loop
   vertex 1.82641748046875 -2.185536376953125 107.05
   vertex 1.8227011718750001 -2.199406005859375 107.05
   vertex 1.82371728515625 -2.192245361328125 107.05
  endloop
 endfacet
 facet normal 0.0 -0.0 -1.0
  outer loop
   vertex 1.8532991943359376 -2.17001611328125 107.05
   vertex 1.8671688232421875 -2.173732421875 107.05
   vertex 1.8228470458984376 -2.203025634765625 107.05
  endloop
 endfacet
 facet normal 0.0 0.0 -1.0
  outer loop
   vertex 1.8532991943359376 -2.17001611328125 107.05
   vertex 1.8228470458984376 -2.203025634765625 107.05
   vertex 1.8227011718750001 -2.199406005859375 107.05
  endloop
 endfacet
 facet normal 0.0 0.0 -1.0
  outer loop
   vertex 1.8532991943359376 -2.17001611328125 107.05
   vertex 1.85691015625 -2.1703076171875 107.05
   vertex 1.8604595947265625 -2.1710322265625 107.05
  endloop
 endfacet
 facet normal 0.0 0.0 -1.0
  outer loop
   vertex 1.8532991943359376 -2.17001611328125 107.05
   vertex 1.8604595947265625 -2.1710322265625 107.05
   vertex 1.8638958740234375 -2.172179443359375 107.05
  endloop
 endfacet
 facet normal 0.0 0.0 -1.0
  outer loop
   vertex 1.8532991943359376 -2.17001611328125 107.05
   vertex 1.8638958740234375 -2.172179443359375 107.05
   vertex 1.8671688232421875 -2.173732421875 107.05
  endloop
 endfacet
 facet normal 0.0 0.0 -1.0
  outer loop
   vertex 1.8306448974609375 -2.179668212890625 107.05
   vertex 1.82641748046875 -2.185536376953125 107.05
   vertex 1.828353759765625 -2.182474365234375 107.05
  endloop
 endfacet
 facet normal 0.0 0.0 -1.0
  outer loop
   vertex 1.8306448974609375 -2.179668212890625 107.05
   vertex 1.8227011718750001 -2.199406005859375 107.05
   vertex 1.82641748046875 -2.185536376953125 107.05
  endloop
 endfacet
 facet normal 0.0 0.0 -1.0
  outer loop
   vertex 1.8426239013671875 -2.1717509765625 107.05
   vertex 1.8461036376953126 -2.1707431640625 107.05
   vertex 1.8496793212890625 -2.170162109375 107.05
  endloop
 endfacet
 facet normal 0.0 0.0 -1.0
  outer loop
   vertex 1.8426239013671875 -2.1717509765625 107.05
   vertex 1.8496793212890625 -2.170162109375 107.05
   vertex 1.8532991943359376 -2.17001611328125 107.05
  endloop
 endfacet
 facet normal 0.0 -0.0 -1.0
  outer loop
   vertex 1.8361536865234376 -2.1749824218750002 107.05
   vertex 1.8532991943359376 -2.17001611328125 107.05
   vertex 1.8227011718750001 -2.199406005859375 107.05
  endloop
 endfacet
 facet normal 0.0 0.0 -1.0
  outer loop
   vertex 1.8361536865234376 -2.1749824218750002 107.05
   vertex 1.8306448974609375 -2.179668212890625 107.05
   vertex 1.833257568359375 -2.17715869140625 107.05
  endloop
 endfacet
 facet normal 0.0 0.0 -1.0
  outer loop
   vertex 1.8361536865234376 -2.1749824218750002 107.05
   vertex 1.8392911376953125 -2.1731708984375 107.05
   vertex 1.8426239013671875 -2.1717509765625 107.05
  endloop
 endfacet
 facet normal 0.0 0.0 -1.0
  outer loop
   vertex 1.8361536865234376 -2.1749824218750002 107.05
   vertex 1.8227011718750001 -2.199406005859375 107.05
   vertex 1.8306448974609375 -2.179668212890625 107.05
  endloop
 endfacet
 facet normal 0.0 0.0 -1.0
  outer loop
   vertex 1.8361536865234376 -2.1749824218750002 107.05
   vertex 1.8426239013671875 -2.1717509765625 107.05
   vertex 1.8532991943359376 -2.17001611328125 107.05
  endloop
 endfacet
 facet normal 0.0 0.0 -1.0
  outer loop
   vertex 0.4934374694824219 -4.6108310546875 107.05
   vertex 0.4905413208007813 -4.6130078125 107.05
   vertex 0.48740396118164064 -4.61481884765625 107.05
  endloop
 endfacet
 facet normal 0.0 0.0 -1.0
  outer loop
   vertex 0.48059146118164064 -4.6172465820312505 107.05
   vertex 0.48740396118164064 -4.61481884765625 107.05
   vertex 0.48407113647460936 -4.61623876953125 107.05
  endloop
 endfacet
 facet normal 0.0 0.0 -1.0
  outer loop
   vertex 0.4960501708984375 -4.60832177734375 107.05
   vertex 0.4934374694824219 -4.6108310546875 107.05
   vertex 0.48740396118164064 -4.61481884765625 107.05
  endloop
 endfacet
 facet normal 0.0 0.0 -1.0
  outer loop
   vertex 0.4983413391113281 -4.605515625 107.05
   vertex 0.4960501708984375 -4.60832177734375 107.05
   vertex 0.48740396118164064 -4.61481884765625 107.05
  endloop
 endfacet
 facet normal 0.0 0.0 -1.0
  outer loop
   vertex 0.4733958740234375 -4.6179736328125 107.05
   vertex 0.48059146118164064 -4.6172465820312505 107.05
   vertex 0.47701565551757813 -4.617828125 107.05
  endloop
 endfacet
 facet normal 0.0 0.0 -1.0
  outer loop
   vertex 0.50183056640625 -4.5991806640625 107.05
   vertex 0.5002775573730469 -4.60245361328125 107.05
   vertex 0.4983413391113281 -4.605515625 107.05
  endloop
 endfacet
 facet normal 0.0 0.0 -1.0
  outer loop
   vertex 0.4662354431152344 -4.61695751953125 107.05
   vertex 0.4733958740234375 -4.6179736328125 107.05
   vertex 0.469784912109375 -4.61768212890625 107.05
  endloop
 endfacet
 facet normal 0.0 0.0 -1.0
  outer loop
   vertex 0.4662354431152344 -4.61695751953125 107.05
   vertex 0.48059146118164064 -4.6172465820312505 107.05
   vertex 0.4733958740234375 -4.6179736328125 107.05
  endloop
 endfacet
 facet normal 0.0 0.0 -1.0
  outer loop
   vertex 0.4627991638183594 -4.615810546875 107.05
   vertex 0.48059146118164064 -4.6172465820312505 107.05
   vertex 0.4662354431152344 -4.61695751953125 107.05
  endloop
 endfacet
 facet normal 0.0 0.0 -1.0
  outer loop
   vertex 0.5039939270019531 -4.588583984375 107.05
   vertex 0.502977783203125 -4.5957446289062505 107.05
   vertex 0.50183056640625 -4.5991806640625 107.05
  endloop
 endfacet
 facet normal 0.0 0.0 -1.0
  outer loop
   vertex 0.5039939270019531 -4.588583984375 107.05
   vertex 0.5037024230957031 -4.59219482421875 107.05
   vertex 0.502977783203125 -4.5957446289062505 107.05
  endloop
 endfacet
 facet normal 0.0 0.0 -1.0
  outer loop
   vertex 0.4564643249511719 -4.6123212890625 107.05
   vertex 0.4627991638183594 -4.615810546875 107.05
   vertex 0.4595262145996094 -4.61425732421875 107.05
  endloop
 endfacet
 facet normal 0.0 0.0 -1.0
  outer loop
   vertex 0.4564643249511719 -4.6123212890625 107.05
   vertex 0.48740396118164064 -4.61481884765625 107.05
   vertex 0.48059146118164064 -4.6172465820312505 107.05
  endloop
 endfacet
 facet normal 0.0 0.0 -1.0
  outer loop
   vertex 0.4564643249511719 -4.6123212890625 107.05
   vertex 0.48059146118164064 -4.6172465820312505 107.05
   vertex 0.4627991638183594 -4.615810546875 107.05
  endloop
 endfacet
 facet normal 0.0 0.0 -1.0
  outer loop
   vertex 0.5032669067382812 -4.581388671875 107.05
   vertex 0.5038480529785156 -4.58496435546875 107.05
   vertex 0.5039939270019531 -4.588583984375 107.05
  endloop
 endfacet
 facet normal 0.0 0.0 -1.0
  outer loop
   vertex 0.4511486206054688 -4.60741748046875 107.05
   vertex 0.4564643249511719 -4.6123212890625 107.05
   vertex 0.45365817260742186 -4.6100302734375 107.05
  endloop
 endfacet
 facet normal 0.0 0.0 -1.0
  outer loop
   vertex 0.4511486206054688 -4.60741748046875 107.05
   vertex 0.48740396118164064 -4.61481884765625 107.05
   vertex 0.4564643249511719 -4.6123212890625 107.05
  endloop
 endfacet
 facet normal 0.0 0.0 -1.0
  outer loop
   vertex 0.502259033203125 -4.57790869140625 107.05
   vertex 0.5032669067382812 -4.581388671875 107.05
   vertex 0.5039939270019531 -4.588583984375 107.05
  endloop
 endfacet
 facet normal 0.0 0.0 -1.0
  outer loop
   vertex 0.44716094970703124 -4.6013837890625 107.05
   vertex 0.4511486206054688 -4.60741748046875 107.05
   vertex 0.44897232055664066 -4.60452099609375 107.05
  endloop
 endfacet
 facet normal 0.0 0.0 -1.0
  outer loop
   vertex 0.4968513793945313 -4.56854248046875 107.05
   vertex 0.4990276794433594 -4.5714384765625 107.05
   vertex 0.5008390502929687 -4.574576171875 107.05
  endloop
 endfacet
 facet normal 0.0 0.0 -1.0
  outer loop
   vertex 0.4968513793945313 -4.56854248046875 107.05
   vertex 0.5008390502929687 -4.574576171875 107.05
   vertex 0.502259033203125 -4.57790869140625 107.05
  endloop
 endfacet
 facet normal 0.0 0.0 -1.0
  outer loop
   vertex 0.445740966796875 -4.59805126953125 107.05
   vertex 0.4511486206054688 -4.60741748046875 107.05
   vertex 0.44716094970703124 -4.6013837890625 107.05
  endloop
 endfacet
 facet normal 0.0 0.0 -1.0
  outer loop
   vertex 0.4447330932617188 -4.5945712890625 107.05
   vertex 0.48740396118164064 -4.61481884765625 107.05
   vertex 0.4511486206054688 -4.60741748046875 107.05
  endloop
 endfacet
 facet normal 0.0 0.0 -1.0
  outer loop
   vertex 0.4447330932617188 -4.5945712890625 107.05
   vertex 0.4511486206054688 -4.60741748046875 107.05
   vertex 0.445740966796875 -4.59805126953125 107.05
  endloop
 endfacet
 facet normal 0.0 0.0 -1.0
  outer loop
   vertex 0.4447330932617188 -4.5945712890625 107.05
   vertex 0.50183056640625 -4.5991806640625 107.05
   vertex 0.4983413391113281 -4.605515625 107.05
  endloop
 endfacet
 facet normal 0.0 0.0 -1.0
  outer loop
   vertex 0.4447330932617188 -4.5945712890625 107.05
   vertex 0.4983413391113281 -4.605515625 107.05
   vertex 0.48740396118164064 -4.61481884765625 107.05
  endloop
 endfacet
 facet normal 0.0 0.0 -1.0
  outer loop
   vertex 0.48847378540039066 -4.5617021484375 107.05
   vertex 0.4915356750488281 -4.563638671875 107.05
   vertex 0.49434182739257815 -4.5659296875 107.05
  endloop
 endfacet
 facet normal 0.0 0.0 -1.0
  outer loop
   vertex 0.4852008361816406 -4.5601494140625 107.05
   vertex 0.48847378540039066 -4.5617021484375 107.05
   vertex 0.49434182739257815 -4.5659296875 107.05
  endloop
 endfacet
 facet normal 0.0 0.0 -1.0
  outer loop
   vertex 0.4852008361816406 -4.5601494140625 107.05
   vertex 0.49434182739257815 -4.5659296875 107.05
   vertex 0.4968513793945313 -4.56854248046875 107.05
  endloop
 endfacet
 facet normal 0.0 0.0 -1.0
  outer loop
   vertex 0.4442975769042969 -4.5837646484375005 107.05
   vertex 0.50183056640625 -4.5991806640625 107.05
   vertex 0.4447330932617188 -4.5945712890625 107.05
  endloop
 endfacet
 facet normal 0.0 -0.0 -1.0
  outer loop
   vertex 0.4442975769042969 -4.5837646484375005 107.05
   vertex 0.4447330932617188 -4.5945712890625 107.05
   vertex 0.44415194702148436 -4.59099560546875 107.05
  endloop
 endfacet
 facet normal 0.0 0.0 -1.0
  outer loop
   vertex 0.4442975769042969 -4.5837646484375005 107.05
   vertex 0.44415194702148436 -4.59099560546875 107.05
   vertex 0.4440060729980469 -4.5873759765625 107.05
  endloop
 endfacet
 facet normal 0.0 0.0 -1.0
  outer loop
   vertex 0.478215087890625 -4.55827734375 107.05
   vertex 0.4852008361816406 -4.5601494140625 107.05
   vertex 0.4968513793945313 -4.56854248046875 107.05
  endloop
 endfacet
 facet normal 0.0 0.0 -1.0
  outer loop
   vertex 0.478215087890625 -4.55827734375 107.05
   vertex 0.48176455688476566 -4.559001953125 107.05
   vertex 0.4852008361816406 -4.5601494140625 107.05
  endloop
 endfacet
 facet normal 0.0 0.0 -1.0
  outer loop
   vertex 0.4496586608886719 -4.5704443359375 107.05
   vertex 0.4442975769042969 -4.5837646484375005 107.05
   vertex 0.44502221679687504 -4.58021533203125 107.05
  endloop
 endfacet
 facet normal 0.0 0.0 -1.0
  outer loop
   vertex 0.4496586608886719 -4.5704443359375 107.05
   vertex 0.44502221679687504 -4.58021533203125 107.05
   vertex 0.44616943359375 -4.576779296875 107.05
  endloop
 endfacet
 facet normal 0.0 0.0 -1.0
  outer loop
   vertex 0.4496586608886719 -4.5704443359375 107.05
   vertex 0.44616943359375 -4.576779296875 107.05
   vertex 0.44772244262695315 -4.5735063476562505 107.05
  endloop
 endfacet
 facet normal 0.0 0.0 -1.0
  outer loop
   vertex 0.4709843444824219 -4.5581318359375 107.05
   vertex 0.4746041259765625 -4.5579858398437505 107.05
   vertex 0.478215087890625 -4.55827734375 107.05
  endloop
 endfacet
 facet normal 0.0 0.0 -1.0
  outer loop
   vertex 0.4519498291015625 -4.5676381835937505 107.05
   vertex 0.502259033203125 -4.57790869140625 107.05
   vertex 0.5039939270019531 -4.588583984375 107.05
  endloop
 endfacet
 facet normal 0.0 -0.0 -1.0
  outer loop
   vertex 0.4519498291015625 -4.5676381835937505 107.05
   vertex 0.50183056640625 -4.5991806640625 107.05
   vertex 0.4442975769042969 -4.5837646484375005 107.05
  endloop
 endfacet
 facet normal 0.0 0.0 -1.0
  outer loop
   vertex 0.4519498291015625 -4.5676381835937505 107.05
   vertex 0.4442975769042969 -4.5837646484375005 107.05
   vertex 0.4496586608886719 -4.5704443359375 107.05
  endloop
 endfacet
 facet normal 0.0 0.0 -1.0
  outer loop
   vertex 0.4519498291015625 -4.5676381835937505 107.05
   vertex 0.5039939270019531 -4.588583984375 107.05
   vertex 0.50183056640625 -4.5991806640625 107.05
  endloop
 endfacet
 facet normal 0.0 0.0 -1.0
  outer loop
   vertex 0.46392886352539064 -4.559720703125 107.05
   vertex 0.478215087890625 -4.55827734375 107.05
   vertex 0.4968513793945313 -4.56854248046875 107.05
  endloop
 endfacet
 facet normal 0.0 0.0 -1.0
  outer loop
   vertex 0.46392886352539064 -4.559720703125 107.05
   vertex 0.46740853881835936 -4.558712890625 107.05
   vertex 0.4709843444824219 -4.5581318359375 107.05
  endloop
 endfacet
 facet normal 0.0 0.0 -1.0
  outer loop
   vertex 0.46392886352539064 -4.559720703125 107.05
   vertex 0.4709843444824219 -4.5581318359375 107.05
   vertex 0.478215087890625 -4.55827734375 107.05
  endloop
 endfacet
 facet normal 0.0 0.0 -1.0
  outer loop
   vertex 0.46392886352539064 -4.559720703125 107.05
   vertex 0.4968513793945313 -4.56854248046875 107.05
   vertex 0.502259033203125 -4.57790869140625 107.05
  endloop
 endfacet
 facet normal 0.0 0.0 -1.0
  outer loop
   vertex 0.45745867919921873 -4.5629521484375 107.05
   vertex 0.4519498291015625 -4.5676381835937505 107.05
   vertex 0.4545625305175781 -4.56512841796875 107.05
  endloop
 endfacet
 facet normal 0.0 -0.0 -1.0
  outer loop
   vertex 0.45745867919921873 -4.5629521484375 107.05
   vertex 0.502259033203125 -4.57790869140625 107.05
   vertex 0.4519498291015625 -4.5676381835937505 107.05
  endloop
 endfacet
 facet normal 0.0 -0.0 -1.0
  outer loop
   vertex 0.46059603881835937 -4.561140625 107.05
   vertex 0.502259033203125 -4.57790869140625 107.05
   vertex 0.45745867919921873 -4.5629521484375 107.05
  endloop
 endfacet
 facet normal 0.0 0.0 -1.0
  outer loop
   vertex 0.46059603881835937 -4.561140625 107.05
   vertex 0.46392886352539064 -4.559720703125 107.05
   vertex 0.502259033203125 -4.57790869140625 107.05
  endloop
 endfacet
 facet normal 0.0 0.0 -1.0
  outer loop
   vertex -0.8946239013671875 -2.22826904296875 107.05
   vertex -0.8881537475585938 -2.2250378417968752 107.05
   vertex -0.8912910766601563 -2.22684912109375 107.05
  endloop
 endfacet
 facet normal 0.0 0.0 -1.0
  outer loop
   vertex -0.8826448364257813 -2.220351806640625 107.05
   vertex -0.885257568359375 -2.222861328125 107.05
   vertex -0.8881537475585938 -2.2250378417968752 107.05
  endloop
 endfacet
 facet normal 0.0 0.0 -1.0
  outer loop
   vertex -0.9052991333007813 -2.23000390625 107.05
   vertex -0.8981035766601563 -2.22927685546875 107.05
   vertex -0.9016793823242187 -2.229858154296875 107.05
  endloop
 endfacet
 facet normal 0.0 0.0 -1.0
  outer loop
   vertex -0.9124595947265626 -2.22898779296875 107.05
   vertex -0.9052991333007813 -2.23000390625 107.05
   vertex -0.9089100952148438 -2.22971240234375 107.05
  endloop
 endfacet
 facet normal 0.0 0.0 -1.0
  outer loop
   vertex -0.9158958740234375 -2.227840576171875 107.05
   vertex -0.8946239013671875 -2.22826904296875 107.05
   vertex -0.8981035766601563 -2.22927685546875 107.05
  endloop
 endfacet
 facet normal 0.0 0.0 -1.0
  outer loop
   vertex -0.9158958740234375 -2.227840576171875 107.05
   vertex -0.8981035766601563 -2.22927685546875 107.05
   vertex -0.9052991333007813 -2.23000390625 107.05
  endloop
 endfacet
 facet normal 0.0 0.0 -1.0
  outer loop
   vertex -0.9158958740234375 -2.227840576171875 107.05
   vertex -0.9052991333007813 -2.23000390625 107.05
   vertex -0.9124595947265626 -2.22898779296875 107.05
  endloop
 endfacet
 facet normal 0.0 0.0 -1.0
  outer loop
   vertex -0.925036865234375 -2.222060302734375 107.05
   vertex -0.9158958740234375 -2.227840576171875 107.05
   vertex -0.9191688232421875 -2.22628759765625 107.05
  endloop
 endfacet
 facet normal 0.0 0.0 -1.0
  outer loop
   vertex -0.925036865234375 -2.222060302734375 107.05
   vertex -0.9191688232421875 -2.22628759765625 107.05
   vertex -0.922230712890625 -2.224351318359375 107.05
  endloop
 endfacet
 facet normal 0.0 0.0 -1.0
  outer loop
   vertex -0.925036865234375 -2.222060302734375 107.05
   vertex -0.8946239013671875 -2.22826904296875 107.05
   vertex -0.9158958740234375 -2.227840576171875 107.05
  endloop
 endfacet
 facet normal 0.0 0.0 -1.0
  outer loop
   vertex -0.87643603515625 -2.18993896484375 107.05
   vertex -0.8754281005859376 -2.193418701171875 107.05
   vertex -0.8748469848632813 -2.1969943847656253 107.05
  endloop
 endfacet
 facet normal 0.0 0.0 -1.0
  outer loop
   vertex -0.87643603515625 -2.18993896484375 107.05
   vertex -0.8748469848632813 -2.1969943847656253 107.05
   vertex -0.8747011108398438 -2.2006142578125 107.05
  endloop
 endfacet
 facet normal 0.0 0.0 -1.0
  outer loop
   vertex -0.8778560180664062 -2.186606201171875 107.05
   vertex -0.8747011108398438 -2.2006142578125 107.05
   vertex -0.8749926147460938 -2.20422509765625 107.05
  endloop
 endfacet
 facet normal 0.0 0.0 -1.0
  outer loop
   vertex -0.8778560180664062 -2.186606201171875 107.05
   vertex -0.87643603515625 -2.18993896484375 107.05
   vertex -0.8747011108398438 -2.2006142578125 107.05
  endloop
 endfacet
 facet normal 0.0 0.0 -1.0
  outer loop
   vertex -0.8796673583984376 -2.18346875 107.05
   vertex -0.8778560180664062 -2.186606201171875 107.05
   vertex -0.8749926147460938 -2.20422509765625 107.05
  endloop
 endfacet
 facet normal 0.0 0.0 -1.0
  outer loop
   vertex -0.9329540405273438 -2.210081298828125 107.05
   vertex -0.925036865234375 -2.222060302734375 107.05
   vertex -0.92754638671875 -2.219447509765625 107.05
  endloop
 endfacet
 facet normal 0.0 0.0 -1.0
  outer loop
   vertex -0.9329540405273438 -2.210081298828125 107.05
   vertex -0.92754638671875 -2.219447509765625 107.05
   vertex -0.9297227172851563 -2.21655126953125 107.05
  endloop
 endfacet
 facet normal 0.0 0.0 -1.0
  outer loop
   vertex -0.9329540405273438 -2.210081298828125 107.05
   vertex -0.9297227172851563 -2.21655126953125 107.05
   vertex -0.9315340576171875 -2.2134140625 107.05
  endloop
 endfacet
 facet normal 0.0 0.0 -1.0
  outer loop
   vertex -0.9329540405273438 -2.210081298828125 107.05
   vertex -0.8881537475585938 -2.2250378417968752 107.05
   vertex -0.8946239013671875 -2.22826904296875 107.05
  endloop
 endfacet
 facet normal 0.0 0.0 -1.0
  outer loop
   vertex -0.9329540405273438 -2.210081298828125 107.05
   vertex -0.8946239013671875 -2.22826904296875 107.05
   vertex -0.925036865234375 -2.222060302734375 107.05
  endloop
 endfacet
 facet normal 0.0 0.0 -1.0
  outer loop
   vertex -0.8843532104492188 -2.1779599609375 107.05
   vertex -0.8818436889648438 -2.180572509765625 107.05
   vertex -0.8796673583984376 -2.18346875 107.05
  endloop
 endfacet
 facet normal 0.0 0.0 -1.0
  outer loop
   vertex -0.9345430908203125 -2.203025634765625 107.05
   vertex -0.87841748046875 -2.21448388671875 107.05
   vertex -0.8803536987304688 -2.2175456542968752 107.05
  endloop
 endfacet
 facet normal 0.0 0.0 -1.0
  outer loop
   vertex -0.9345430908203125 -2.203025634765625 107.05
   vertex -0.8803536987304688 -2.2175456542968752 107.05
   vertex -0.8826448364257813 -2.220351806640625 107.05
  endloop
 endfacet
 facet normal 0.0 0.0 -1.0
  outer loop
   vertex -0.9345430908203125 -2.203025634765625 107.05
   vertex -0.8881537475585938 -2.2250378417968752 107.05
   vertex -0.9329540405273438 -2.210081298828125 107.05
  endloop
 endfacet
 facet normal 0.0 0.0 -1.0
  outer loop
   vertex -0.9345430908203125 -2.203025634765625 107.05
   vertex -0.9329540405273438 -2.210081298828125 107.05
   vertex -0.9339619750976562 -2.2066015625 107.05
  endloop
 endfacet
 facet normal 0.0 0.0 -1.0
  outer loop
   vertex -0.9345430908203125 -2.203025634765625 107.05
   vertex -0.8826448364257813 -2.220351806640625 107.05
   vertex -0.8881537475585938 -2.2250378417968752 107.05
  endloop
 endfacet
 facet normal 0.0 -0.0 -1.0
  outer loop
   vertex -0.9343974609375 -2.195794921875 107.05
   vertex -0.87841748046875 -2.21448388671875 107.05
   vertex -0.9345430908203125 -2.203025634765625 107.05
  endloop
 endfacet
 facet normal 0.0 0.0 -1.0
  outer loop
   vertex -0.9343974609375 -2.195794921875 107.05
   vertex -0.87571728515625 -2.207774658203125 107.05
   vertex -0.8768644409179688 -2.2112109375 107.05
  endloop
 endfacet
 facet normal 0.0 0.0 -1.0
  outer loop
   vertex -0.9343974609375 -2.195794921875 107.05
   vertex -0.8768644409179688 -2.2112109375 107.05
   vertex -0.87841748046875 -2.21448388671875 107.05
  endloop
 endfacet
 facet normal 0.0 0.0 -1.0
  outer loop
   vertex -0.9343974609375 -2.195794921875 107.05
   vertex -0.9345430908203125 -2.203025634765625 107.05
   vertex -0.93468896484375 -2.199406005859375 107.05
  endloop
 endfacet
 facet normal 0.0 0.0 -1.0
  outer loop
   vertex -0.8969304809570313 -2.1710322265625 107.05
   vertex -0.8934942016601563 -2.172179443359375 107.05
   vertex -0.8902212524414063 -2.173732421875 107.05
  endloop
 endfacet
 facet normal 0.0 -0.0 -1.0
  outer loop
   vertex -0.932525634765625 -2.188809326171875 107.05
   vertex -0.87571728515625 -2.207774658203125 107.05
   vertex -0.9343974609375 -2.195794921875 107.05
  endloop
 endfacet
 facet normal 0.0 0.0 -1.0
  outer loop
   vertex -0.932525634765625 -2.188809326171875 107.05
   vertex -0.9343974609375 -2.195794921875 107.05
   vertex -0.9336727905273438 -2.192245361328125 107.05
  endloop
 endfacet
 facet normal 0.0 0.0 -1.0
  outer loop
   vertex -0.932525634765625 -2.188809326171875 107.05
   vertex -0.8749926147460938 -2.20422509765625 107.05
   vertex -0.87571728515625 -2.207774658203125 107.05
  endloop
 endfacet
 facet normal 0.0 0.0 -1.0
  outer loop
   vertex -0.90047998046875 -2.1703076171875 107.05
   vertex -0.8969304809570313 -2.1710322265625 107.05
   vertex -0.8902212524414063 -2.173732421875 107.05
  endloop
 endfacet
 facet normal 0.0 0.0 -1.0
  outer loop
   vertex -0.90047998046875 -2.1703076171875 107.05
   vertex -0.8902212524414063 -2.173732421875 107.05
   vertex -0.8871593627929688 -2.175668701171875 107.05
  endloop
 endfacet
 facet normal 0.0 -0.0 -1.0
  outer loop
   vertex -0.9309725952148438 -2.185536376953125 107.05
   vertex -0.8749926147460938 -2.20422509765625 107.05
   vertex -0.932525634765625 -2.188809326171875 107.05
  endloop
 endfacet
 facet normal 0.0 -0.0 -1.0
  outer loop
   vertex -0.929036376953125 -2.182474365234375 107.05
   vertex -0.8749926147460938 -2.20422509765625 107.05
   vertex -0.9309725952148438 -2.185536376953125 107.05
  endloop
 endfacet
 facet normal 0.0 0.0 -1.0
  outer loop
   vertex -0.9112864990234375 -2.1707431640625 107.05
   vertex -0.907710693359375 -2.170162109375 107.05
   vertex -0.9040909423828125 -2.17001611328125 107.05
  endloop
 endfacet
 facet normal 0.0 0.0 -1.0
  outer loop
   vertex -0.9112864990234375 -2.1707431640625 107.05
   vertex -0.9040909423828125 -2.17001611328125 107.05
   vertex -0.90047998046875 -2.1703076171875 107.05
  endloop
 endfacet
 facet normal 0.0 0.0 -1.0
  outer loop
   vertex -0.9112864990234375 -2.1707431640625 107.05
   vertex -0.90047998046875 -2.1703076171875 107.05
   vertex -0.8871593627929688 -2.175668701171875 107.05
  endloop
 endfacet
 facet normal 0.0 0.0 -1.0
  outer loop
   vertex -0.9180989990234375 -2.1731708984375 107.05
   vertex -0.8796673583984376 -2.18346875 107.05
   vertex -0.8749926147460938 -2.20422509765625 107.05
  endloop
 endfacet
 facet normal 0.0 0.0 -1.0
  outer loop
   vertex -0.9180989990234375 -2.1731708984375 107.05
   vertex -0.8843532104492188 -2.1779599609375 107.05
   vertex -0.8796673583984376 -2.18346875 107.05
  endloop
 endfacet
 facet normal 0.0 0.0 -1.0
  outer loop
   vertex -0.9180989990234375 -2.1731708984375 107.05
   vertex -0.9112864990234375 -2.1707431640625 107.05
   vertex -0.8871593627929688 -2.175668701171875 107.05
  endloop
 endfacet
 facet normal 0.0 0.0 -1.0
  outer loop
   vertex -0.9180989990234375 -2.1731708984375 107.05
   vertex -0.929036376953125 -2.182474365234375 107.05
   vertex -0.9267451782226562 -2.179668212890625 107.05
  endloop
 endfacet
 facet normal 0.0 0.0 -1.0
  outer loop
   vertex -0.9180989990234375 -2.1731708984375 107.05
   vertex -0.9147661743164063 -2.1717509765625 107.05
   vertex -0.9112864990234375 -2.1707431640625 107.05
  endloop
 endfacet
 facet normal 0.0 -0.0 -1.0
  outer loop
   vertex -0.9180989990234375 -2.1731708984375 107.05
   vertex -0.8749926147460938 -2.20422509765625 107.05
   vertex -0.929036376953125 -2.182474365234375 107.05
  endloop
 endfacet
 facet normal 0.0 0.0 -1.0
  outer loop
   vertex -0.9180989990234375 -2.1731708984375 107.05
   vertex -0.8871593627929688 -2.175668701171875 107.05
   vertex -0.8843532104492188 -2.1779599609375 107.05
  endloop
 endfacet
 facet normal 0.0 0.0 -1.0
  outer loop
   vertex -0.921236328125 -2.1749824218750002 107.05
   vertex -0.9267451782226562 -2.179668212890625 107.05
   vertex -0.9241325073242188 -2.17715869140625 107.05
  endloop
 endfacet
 facet normal 0.0 -0.0 -1.0
  outer loop
   vertex -0.921236328125 -2.1749824218750002 107.05
   vertex -0.9180989990234375 -2.1731708984375 107.05
   vertex -0.9267451782226562 -2.179668212890625 107.05
  endloop
 endfacet
 facet normal 0.0 0.0 -1.0
  outer loop
   vertex 0.3732677001953125 -4.62287109375 106.9
   vertex 0.42864697265625 -4.62726220703125 106.9
   vertex 0.43156402587890624 -4.63039697265625 106.9
  endloop
 endfacet
 facet normal 0.0 0.0 -1.0
  outer loop
   vertex 0.3732677001953125 -4.62287109375 106.9
   vertex 0.4259609069824219 -4.623927734375 106.9
   vertex 0.42864697265625 -4.62726220703125 106.9
  endloop
 endfacet
 facet normal 0.0 0.0 -1.0
  outer loop
   vertex 0.3732677001953125 -4.62287109375 106.9
   vertex 0.42351947021484376 -4.62041015625 106.9
   vertex 0.4259609069824219 -4.623927734375 106.9
  endloop
 endfacet
 facet normal 0.0 0.0 -1.0
  outer loop
   vertex 0.3732677001953125 -4.62287109375 106.9
   vertex 0.42133514404296873 -4.61672705078125 106.9
   vertex 0.42351947021484376 -4.62041015625 106.9
  endloop
 endfacet
 facet normal 0.0 0.0 -1.0
  outer loop
   vertex 0.3732677001953125 -4.62287109375 106.9
   vertex 0.4194190063476563 -4.61289794921875 106.9
   vertex 0.42133514404296873 -4.61672705078125 106.9
  endloop
 endfacet
 facet normal 0.0 0.0 -1.0
  outer loop
   vertex 0.3732677001953125 -4.62287109375 106.9
   vertex 0.4177808532714844 -4.60894189453125 106.9
   vertex 0.4194190063476563 -4.61289794921875 106.9
  endloop
 endfacet
 facet normal 0.0 0.0 -1.0
  outer loop
   vertex 0.3732677001953125 -4.62287109375 106.9
   vertex 0.4164290466308594 -4.60487890625 106.9
   vertex 0.4177808532714844 -4.60894189453125 106.9
  endloop
 endfacet
 facet normal 0.0 0.0 -1.0
  outer loop
   vertex 0.3732677001953125 -4.62287109375 106.9
   vertex 0.4153703918457031 -4.60072998046875 106.9
   vertex 0.4164290466308594 -4.60487890625 106.9
  endloop
 endfacet
 facet normal 0.0 -0.0 -1.0
  outer loop
   vertex 0.41461035156250003 -4.59651611328125 106.9
   vertex 0.4153703918457031 -4.60072998046875 106.9
   vertex 0.3732677001953125 -4.62287109375 106.9
  endloop
 endfacet
 facet normal 0.0 -0.0 -1.0
  outer loop
   vertex 0.41415277099609377 -4.5922587890625 106.9
   vertex 0.41461035156250003 -4.59651611328125 106.9
   vertex 0.3732677001953125 -4.62287109375 106.9
  endloop
 endfacet
 facet normal 0.0 -0.0 -1.0
  outer loop
   vertex 0.41400000000000003 -4.58797998046875 106.9
   vertex 0.41415277099609377 -4.5922587890625 106.9
   vertex 0.3732677001953125 -4.62287109375 106.9
  endloop
 endfacet
 facet normal 0.0 -0.0 -1.0
  outer loop
   vertex 0.3463408203125 -4.556998046875 106.9
   vertex 0.3732677001953125 -4.62287109375 106.9
   vertex 0.31514276123046875 -4.61411962890625 106.9
  endloop
 endfacet
 facet normal 0.0 0.0 -1.0
  outer loop
   vertex 0.3463408203125 -4.556998046875 106.9
   vertex 0.41400000000000003 -4.54768603515625 106.9
   vertex 0.41400000000000003 -4.58797998046875 106.9
  endloop
 endfacet
 facet normal 0.0 0.0 -1.0
  outer loop
   vertex 0.3463408203125 -4.556998046875 106.9
   vertex 0.41400000000000003 -4.58797998046875 106.9
   vertex 0.3732677001953125 -4.62287109375 106.9
  endloop
 endfacet
 facet normal 0.0 -0.0 -1.0
  outer loop
   vertex 0.2789158935546875 -4.56787744140625 106.9
   vertex 0.31514276123046875 -4.61411962890625 106.9
   vertex 0.24713966369628906 -4.602419921875 106.9
  endloop
 endfacet
 facet normal 0.0 0.0 -1.0
  outer loop
   vertex 0.2789158935546875 -4.56787744140625 106.9
   vertex 0.3463408203125 -4.556998046875 106.9
   vertex 0.31514276123046875 -4.61411962890625 106.9
  endloop
 endfacet
 facet normal 0.0 0.0 -1.0
  outer loop
   vertex 0.2290885467529297 -4.57691162109375 106.9
   vertex 0.2789158935546875 -4.56787744140625 106.9
   vertex 0.24713966369628906 -4.602419921875 106.9
  endloop
 endfacet
 facet normal 0.0 0.0 -1.0
  outer loop
   vertex 0.17943571472167968 -4.589103515625 106.9
   vertex 0.2290885467529297 -4.57691162109375 106.9
   vertex 0.24713966369628906 -4.602419921875 106.9
  endloop
 endfacet
 facet normal 0.0 0.0 -1.0
  outer loop
   vertex 0.17943571472167968 -4.58685595703125 106.9
   vertex 0.2290885467529297 -4.57691162109375 106.9
   vertex 0.17943571472167968 -4.589103515625 106.9
  endloop
 endfacet
 facet normal 0.0 0.0 -1.0
  outer loop
   vertex 0.17400000000000002 -4.58797998046875 106.9
   vertex 0.17943571472167968 -4.58685595703125 106.9
   vertex 0.17943571472167968 -4.589103515625 106.9
  endloop
 endfacet
 facet normal 0.0 -0.0 -1.0
  outer loop
   vertex 0.773367431640625 -4.5831591796875 106.9
   vertex 0.7736079711914062 -4.59175634765625 106.9
   vertex 0.7717655029296875 -4.59718505859375 106.9
  endloop
 endfacet
 facet normal 0.0 0.0 -1.0
  outer loop
   vertex 0.773367431640625 -4.5831591796875 106.9
   vertex 0.7739837646484375 -4.5872236328125 106.9
   vertex 0.7736079711914062 -4.59175634765625 106.9
  endloop
 endfacet
 facet normal 0.0 -0.0 -1.0
  outer loop
   vertex 0.771966796875 -4.5792099609375 106.9
   vertex 0.773367431640625 -4.5831591796875 106.9
   vertex 0.7717655029296875 -4.59718505859375 106.9
  endloop
 endfacet
 facet normal 0.0 -0.0 -1.0
  outer loop
   vertex 0.7699296875 -4.5754736328125 106.9
   vertex 0.7717655029296875 -4.59718505859375 106.9
   vertex 0.7679234008789063 -4.603279296875 106.9
  endloop
 endfacet
 facet normal 0.0 0.0 -1.0
  outer loop
   vertex 0.7699296875 -4.5754736328125 106.9
   vertex 0.771966796875 -4.5792099609375 106.9
   vertex 0.7717655029296875 -4.59718505859375 106.9
  endloop
 endfacet
 facet normal 0.0 -0.0 -1.0
  outer loop
   vertex 0.7664788818359375 -4.570990234375 106.9
   vertex 0.7679234008789063 -4.603279296875 106.9
   vertex 0.761926025390625 -4.6092031250000005 106.9
  endloop
 endfacet
 facet normal 0.0 0.0 -1.0
  outer loop
   vertex 0.7664788818359375 -4.570990234375 106.9
   vertex 0.7699296875 -4.5754736328125 106.9
   vertex 0.7679234008789063 -4.603279296875 106.9
  endloop
 endfacet
 facet normal 0.0 -0.0 -1.0
  outer loop
   vertex 0.7619436645507812 -4.56677099609375 106.9
   vertex 0.7664788818359375 -4.570990234375 106.9
   vertex 0.761926025390625 -4.6092031250000005 106.9
  endloop
 endfacet
 facet normal 0.0 -0.0 -1.0
  outer loop
   vertex 0.7540213012695313 -4.5613427734375005 106.9
   vertex 0.761926025390625 -4.6092031250000005 106.9
   vertex 0.7513721313476562 -4.6161328125 106.9
  endloop
 endfacet
 facet normal 0.0 0.0 -1.0
  outer loop
   vertex 0.7540213012695313 -4.5613427734375005 106.9
   vertex 0.7619436645507812 -4.56677099609375 106.9
   vertex 0.761926025390625 -4.6092031250000005 106.9
  endloop
 endfacet
 facet normal 0.0 -0.0 -1.0
  outer loop
   vertex 0.7442950439453125 -4.55628857421875 106.9
   vertex 0.7513721313476562 -4.6161328125 106.9
   vertex 0.7386684570312501 -4.62207421875 106.9
  endloop
 endfacet
 facet normal 0.0 0.0 -1.0
  outer loop
   vertex 0.7442950439453125 -4.55628857421875 106.9
   vertex 0.7540213012695313 -4.5613427734375005 106.9
   vertex 0.7513721313476562 -4.6161328125 106.9
  endloop
 endfacet
 facet normal 0.0 -0.0 -1.0
  outer loop
   vertex 0.7293341674804688 -4.550498046875 106.9
   vertex 0.7386684570312501 -4.62207421875 106.9
   vertex 0.7221348266601563 -4.6276865234375 106.9
  endloop
 endfacet
 facet normal 0.0 0.0 -1.0
  outer loop
   vertex 0.7293341674804688 -4.550498046875 106.9
   vertex 0.7442950439453125 -4.55628857421875 106.9
   vertex 0.7386684570312501 -4.62207421875 106.9
  endloop
 endfacet
 facet normal 0.0 -0.0 -1.0
  outer loop
   vertex 0.7099586181640625 -4.545099609375 106.9
   vertex 0.7221348266601563 -4.6276865234375 106.9
   vertex 0.6994544067382813 -4.6331157226562505 106.9
  endloop
 endfacet
 facet normal 0.0 0.0 -1.0
  outer loop
   vertex 0.7099586181640625 -4.545099609375 106.9
   vertex 0.7293341674804688 -4.550498046875 106.9
   vertex 0.7221348266601563 -4.6276865234375 106.9
  endloop
 endfacet
 facet normal 0.0 -0.0 -1.0
  outer loop
   vertex 0.6862679443359375 -4.54053173828125 106.9
   vertex 0.6994544067382813 -4.6331157226562505 106.9
   vertex 0.6717964477539062 -4.63742578125 106.9
  endloop
 endfacet
 facet normal 0.0 0.0 -1.0
  outer loop
   vertex 0.6862679443359375 -4.54053173828125 106.9
   vertex 0.7099586181640625 -4.545099609375 106.9
   vertex 0.6994544067382813 -4.6331157226562505 106.9
  endloop
 endfacet
 facet normal 0.0 -0.0 -1.0
  outer loop
   vertex 0.5110577392578125 -4.63516796875 106.9
   vertex 0.558956787109375 -4.640802734375 106.9
   vertex 0.5073966979980469 -4.637826171875 106.9
  endloop
 endfacet
 facet normal 0.0 -0.0 -1.0
  outer loop
   vertex 0.514508056640625 -4.63224169921875 106.9
   vertex 0.558956787109375 -4.640802734375 106.9
   vertex 0.5110577392578125 -4.63516796875 106.9
  endloop
 endfacet
 facet normal 0.0 -0.0 -1.0
  outer loop
   vertex 0.5177280883789063 -4.6290634765625 106.9
   vertex 0.558956787109375 -4.640802734375 106.9
   vertex 0.514508056640625 -4.63224169921875 106.9
  endloop
 endfacet
 facet normal 0.0 -0.0 -1.0
  outer loop
   vertex 0.520699462890625 -4.6256518554687505 106.9
   vertex 0.558956787109375 -4.640802734375 106.9
   vertex 0.5177280883789063 -4.6290634765625 106.9
  endloop
 endfacet
 facet normal 0.0 -0.0 -1.0
  outer loop
   vertex 0.5234052734375 -4.62202587890625 106.9
   vertex 0.558956787109375 -4.640802734375 106.9
   vertex 0.520699462890625 -4.6256518554687505 106.9
  endloop
 endfacet
 facet normal 0.0 -0.0 -1.0
  outer loop
   vertex 0.5258302612304687 -4.6182060546875 106.9
   vertex 0.558956787109375 -4.640802734375 106.9
   vertex 0.5234052734375 -4.62202587890625 106.9
  endloop
 endfacet
 facet normal 0.0 -0.0 -1.0
  outer loop
   vertex 0.52796044921875 -4.61421484375 106.9
   vertex 0.558956787109375 -4.640802734375 106.9
   vertex 0.5258302612304687 -4.6182060546875 106.9
  endloop
 endfacet
 facet normal 0.0 -0.0 -1.0
  outer loop
   vertex 0.6576915283203125 -4.53704345703125 106.9
   vertex 0.6717964477539062 -4.63742578125 106.9
   vertex 0.6391290893554687 -4.6403037109375 106.9
  endloop
 endfacet
 facet normal 0.0 0.0 -1.0
  outer loop
   vertex 0.6576915283203125 -4.53704345703125 106.9
   vertex 0.6862679443359375 -4.54053173828125 106.9
   vertex 0.6717964477539062 -4.63742578125 106.9
  endloop
 endfacet
 facet normal 0.0 -0.0 -1.0
  outer loop
   vertex 0.5297838745117187 -4.61007421875 106.9
   vertex 0.558956787109375 -4.640802734375 106.9
   vertex 0.52796044921875 -4.61421484375 106.9
  endloop
 endfacet
 facet normal 0.0 -0.0 -1.0
  outer loop
   vertex 0.5312901611328125 -4.60580810546875 106.9
   vertex 0.558956787109375 -4.640802734375 106.9
   vertex 0.5297838745117187 -4.61007421875 106.9
  endloop
 endfacet
 facet normal 0.0 -0.0 -1.0
  outer loop
   vertex 0.5324706420898437 -4.6014404296875 106.9
   vertex 0.558956787109375 -4.640802734375 106.9
   vertex 0.5312901611328125 -4.60580810546875 106.9
  endloop
 endfacet
 facet normal 0.0 -0.0 -1.0
  outer loop
   vertex 0.5333186645507813 -4.5969960937500005 106.9
   vertex 0.558956787109375 -4.640802734375 106.9
   vertex 0.5324706420898437 -4.6014404296875 106.9
  endloop
 endfacet
 facet normal 0.0 0.0 -1.0
  outer loop
   vertex 0.5338294067382813 -4.5925009765625004 106.9
   vertex 0.60078271484375 -4.64149365234375 106.9
   vertex 0.558956787109375 -4.640802734375 106.9
  endloop
 endfacet
 facet normal 0.0 -0.0 -1.0
  outer loop
   vertex 0.5338294067382813 -4.5925009765625004 106.9
   vertex 0.558956787109375 -4.640802734375 106.9
   vertex 0.5333186645507813 -4.5969960937500005 106.9
  endloop
 endfacet
 facet normal 0.0 -0.0 -1.0
  outer loop
   vertex 0.534 -4.58797998046875 106.9
   vertex 0.60078271484375 -4.64149365234375 106.9
   vertex 0.5338294067382813 -4.5925009765625004 106.9
  endloop
 endfacet
 facet normal 0.0 -0.0 -1.0
  outer loop
   vertex 0.6240757446289062 -4.5349448242187504 106.9
   vertex 0.6391290893554687 -4.6403037109375 106.9
   vertex 0.60078271484375 -4.64149365234375 106.9
  endloop
 endfacet
 facet normal 0.0 0.0 -1.0
  outer loop
   vertex 0.6240757446289062 -4.5349448242187504 106.9
   vertex 0.6576915283203125 -4.53704345703125 106.9
   vertex 0.6391290893554687 -4.6403037109375 106.9
  endloop
 endfacet
 facet normal 0.0 -0.0 -1.0
  outer loop
   vertex 0.5851841430664063 -4.53451171875 106.9
   vertex 0.60078271484375 -4.64149365234375 106.9
   vertex 0.534 -4.58797998046875 106.9
  endloop
 endfacet
 facet normal 0.0 0.0 -1.0
  outer loop
   vertex 0.5851841430664063 -4.53451171875 106.9
   vertex 0.6240757446289062 -4.5349448242187504 106.9
   vertex 0.60078271484375 -4.64149365234375 106.9
  endloop
 endfacet
 facet normal 0.0 -0.0 -1.0
  outer loop
   vertex 0.5595822143554687 -4.5351337890625 106.9
   vertex 0.5851841430664063 -4.53451171875 106.9
   vertex 0.534 -4.58797998046875 106.9
  endloop
 endfacet
 facet normal 0.0 0.0 -1.0
  outer loop
   vertex 0.534 -4.5363466796875 106.9
   vertex 0.5595822143554687 -4.5351337890625 106.9
   vertex 0.534 -4.58797998046875 106.9
  endloop
 endfacet
 facet normal 0.0 0.0 1.0
  outer loop
   vertex 0.48630221557617187 -4.6360761718750005 106.9
   vertex 0.5023445129394531 -4.6408627929687505 106.9
   vertex 0.5073966979980469 -4.637826171875 106.9
  endloop
 endfacet
 facet normal 0.0 0.0 1.0
  outer loop
   vertex 0.48630221557617187 -4.6360761718750005 106.9
   vertex 0.49701876831054687 -4.643388671875 106.9
   vertex 0.5023445129394531 -4.6408627929687505 106.9
  endloop
 endfacet
 facet normal 0.0 -0.0 1.0
  outer loop
   vertex 0.4914708251953125 -4.6453798828125 106.9
   vertex 0.49701876831054687 -4.643388671875 106.9
   vertex 0.48630221557617187 -4.6360761718750005 106.9
  endloop
 endfacet
 facet normal 0.0 0.0 1.0
  outer loop
   vertex 0.48575430297851563 -4.6468173828125 106.9
   vertex 0.4914708251953125 -4.6453798828125 106.9
   vertex 0.48630221557617187 -4.6360761718750005 106.9
  endloop
 endfacet
 facet normal 0.0 0.0 1.0
  outer loop
   vertex 0.47992431640625 -4.6476865234375 106.9
   vertex 0.48575430297851563 -4.6468173828125 106.9
   vertex 0.48630221557617187 -4.6360761718750005 106.9
  endloop
 endfacet
 facet normal 0.0 0.0 1.0
  outer loop
   vertex 0.47403717041015625 -4.64797998046875 106.9
   vertex 0.47992431640625 -4.6476865234375 106.9
   vertex 0.48630221557617187 -4.6360761718750005 106.9
  endloop
 endfacet
 facet normal 0.0 0.0 1.0
  outer loop
   vertex 0.46523065185546875 -4.6340712890625 106.9
   vertex 0.47403717041015625 -4.64797998046875 106.9
   vertex 0.48630221557617187 -4.6360761718750005 106.9
  endloop
 endfacet
 facet normal -0.0 -0.0 1.0
  outer loop
   vertex 0.468149658203125 -4.64769384765625 106.9
   vertex 0.47403717041015625 -4.64797998046875 106.9
   vertex 0.46523065185546875 -4.6340712890625 106.9
  endloop
 endfacet
 facet normal -0.0 0.0 1.0
  outer loop
   vertex 0.46231860351562504 -4.64683203125 106.9
   vertex 0.468149658203125 -4.64769384765625 106.9
   vertex 0.46523065185546875 -4.6340712890625 106.9
  endloop
 endfacet
 facet normal -0.0 0.0 1.0
  outer loop
   vertex 0.4566003112792969 -4.6454013671875005 106.9
   vertex 0.46231860351562504 -4.64683203125 106.9
   vertex 0.46523065185546875 -4.6340712890625 106.9
  endloop
 endfacet
 facet normal -0.0 0.0 1.0
  outer loop
   vertex 0.4510499267578125 -4.6434169921875 106.9
   vertex 0.4566003112792969 -4.6454013671875005 106.9
   vertex 0.46523065185546875 -4.6340712890625 106.9
  endloop
 endfacet
 facet normal -0.0 0.0 1.0
  outer loop
   vertex 0.4457210388183594 -4.6408979492187505 106.9
   vertex 0.4510499267578125 -4.6434169921875 106.9
   vertex 0.46523065185546875 -4.6340712890625 106.9
  endloop
 endfacet
 facet normal -0.0 0.0 1.0
  outer loop
   vertex 0.4406650695800781 -4.6378676757812505 106.9
   vertex 0.4457210388183594 -4.6408979492187505 106.9
   vertex 0.46523065185546875 -4.6340712890625 106.9
  endloop
 endfacet
 facet normal -0.0 0.0 1.0
  outer loop
   vertex 0.43593084716796876 -4.63435595703125 106.9
   vertex 0.4406650695800781 -4.6378676757812505 106.9
   vertex 0.46523065185546875 -4.6340712890625 106.9
  endloop
 endfacet
 facet normal 0.0 0.0 1.0
  outer loop
   vertex 0.43156402587890624 -4.63039697265625 106.9
   vertex 0.43593084716796876 -4.63435595703125 106.9
   vertex 0.46523065185546875 -4.6340712890625 106.9
  endloop
 endfacet
 facet normal 0.0 0.0 -1.0
  outer loop
   vertex -0.8146725463867188 -2.10656591796875 106.9
   vertex -0.839799560546875 -2.168195556640625 106.9
   vertex -0.8746950073242188 -2.1480485839843753 106.9
  endloop
 endfacet
 facet normal 0.0 0.0 -1.0
  outer loop
   vertex -0.8963359375000001 -2.110532470703125 106.9
   vertex -0.9160380249023438 -2.141092041015625 106.9
   vertex -0.9202111206054687 -2.142051025390625 106.9
  endloop
 endfacet
 facet normal 0.0 0.0 -1.0
  outer loop
   vertex -0.8963359375000001 -2.110532470703125 106.9
   vertex -0.9118071899414063 -2.14043310546875 106.9
   vertex -0.9160380249023438 -2.141092041015625 106.9
  endloop
 endfacet
 facet normal 0.0 0.0 -1.0
  outer loop
   vertex -0.8963359375000001 -2.110532470703125 106.9
   vertex -0.9075401000976563 -2.14007763671875 106.9
   vertex -0.9118071899414063 -2.14043310546875 106.9
  endloop
 endfacet
 facet normal 0.0 0.0 -1.0
  outer loop
   vertex -0.8963359375000001 -2.110532470703125 106.9
   vertex -0.9032585449218751 -2.14002734375 106.9
   vertex -0.9075401000976563 -2.14007763671875 106.9
  endloop
 endfacet
 facet normal 0.0 0.0 -1.0
  outer loop
   vertex -0.8963359375000001 -2.110532470703125 106.9
   vertex -0.8989843139648438 -2.140282470703125 106.9
   vertex -0.9032585449218751 -2.14002734375 106.9
  endloop
 endfacet
 facet normal 0.0 -0.0 -1.0
  outer loop
   vertex -0.8963359375000001 -2.110532470703125 106.9
   vertex -0.8947391967773438 -2.140841796875 106.9
   vertex -0.8989843139648438 -2.140282470703125 106.9
  endloop
 endfacet
 facet normal 0.0 0.0 -1.0
  outer loop
   vertex -0.8963359375000001 -2.110532470703125 106.9
   vertex -0.8905447387695312 -2.14170263671875 106.9
   vertex -0.8947391967773438 -2.140841796875 106.9
  endloop
 endfacet
 facet normal 0.0 0.0 -1.0
  outer loop
   vertex -0.8963359375000001 -2.110532470703125 106.9
   vertex -0.8864223022460938 -2.142860107421875 106.9
   vertex -0.8905447387695312 -2.14170263671875 106.9
  endloop
 endfacet
 facet normal 0.0 0.0 -1.0
  outer loop
   vertex -0.8963359375000001 -2.110532470703125 106.9
   vertex -0.8823930053710938 -2.144308837890625 106.9
   vertex -0.8864223022460938 -2.142860107421875 106.9
  endloop
 endfacet
 facet normal 0.0 0.0 -1.0
  outer loop
   vertex -0.8963359375000001 -2.110532470703125 106.9
   vertex -0.8784772338867187 -2.146041259765625 106.9
   vertex -0.8823930053710938 -2.144308837890625 106.9
  endloop
 endfacet
 facet normal 0.0 0.0 -1.0
  outer loop
   vertex -0.8719937133789063 -2.07937353515625 106.9
   vertex -0.8746950073242188 -2.1480485839843753 106.9
   vertex -0.8784772338867187 -2.146041259765625 106.9
  endloop
 endfacet
 facet normal 0.0 -0.0 -1.0
  outer loop
   vertex -0.8719937133789063 -2.07937353515625 106.9
   vertex -0.8146725463867188 -2.10656591796875 106.9
   vertex -0.8746950073242188 -2.1480485839843753 106.9
  endloop
 endfacet
 facet normal 0.0 0.0 -1.0
  outer loop
   vertex -0.8719937133789063 -2.07937353515625 106.9
   vertex -0.8784772338867187 -2.146041259765625 106.9
   vertex -0.8963359375000001 -2.110532470703125 106.9
  endloop
 endfacet
 facet normal 0.0 0.0 -1.0
  outer loop
   vertex -0.8324207763671875 -2.0304805908203125 106.9
   vertex -0.790948486328125 -2.0443826904296873 106.9
   vertex -0.8146725463867188 -2.10656591796875 106.9
  endloop
 endfacet
 facet normal 0.0 -0.0 -1.0
  outer loop
   vertex -0.8324207763671875 -2.0304805908203125 106.9
   vertex -0.8146725463867188 -2.10656591796875 106.9
   vertex -0.8719937133789063 -2.07937353515625 106.9
  endloop
 endfacet
 facet normal 0.0 0.0 -1.0
  outer loop
   vertex -0.7958370361328125 -1.987041015625 106.9
   vertex -0.7732282104492187 -1.99508935546875 106.9
   vertex -0.790948486328125 -2.0443826904296873 106.9
  endloop
 endfacet
 facet normal 0.0 -0.0 -1.0
  outer loop
   vertex -0.7958370361328125 -1.987041015625 106.9
   vertex -0.790948486328125 -2.0443826904296873 106.9
   vertex -0.8324207763671875 -2.0304805908203125 106.9
  endloop
 endfacet
 facet normal 0.0 -0.0 -1.0
  outer loop
   vertex -0.7583860473632813 -1.9443480224609375 106.9
   vertex -0.756439697265625 -1.9454718017578125 106.9
   vertex -0.7732282104492187 -1.99508935546875 106.9
  endloop
 endfacet
 facet normal 0.0 0.0 -1.0
  outer loop
   vertex -0.7583860473632813 -1.9443480224609375 106.9
   vertex -0.7732282104492187 -1.99508935546875 106.9
   vertex -0.7958370361328125 -1.987041015625 106.9
  endloop
 endfacet
 facet normal 0.0 0.0 -1.0
  outer loop
   vertex -0.7546950073242188 -1.940202392578125 106.9
   vertex -0.756439697265625 -1.9454718017578125 106.9
   vertex -0.7583860473632813 -1.9443480224609375 106.9
  endloop
 endfacet
 facet normal 0.0 0.0 -1.0
  outer loop
   vertex -1.0591392822265626 -2.456263916015625 106.9
   vertex -1.0514730224609374 -2.461282958984375 106.9
   vertex -1.055400146484375 -2.45938818359375 106.9
  endloop
 endfacet
 facet normal 0.0 0.0 -1.0
  outer loop
   vertex -1.0591392822265626 -2.456263916015625 106.9
   vertex -1.047156494140625 -2.462312744140625 106.9
   vertex -1.0514730224609374 -2.461282958984375 106.9
  endloop
 endfacet
 facet normal 0.0 0.0 -1.0
  outer loop
   vertex -1.0627984619140625 -2.45130517578125 106.9
   vertex -1.042641845703125 -2.462572998046875 106.9
   vertex -1.047156494140625 -2.462312744140625 106.9
  endloop
 endfacet
 facet normal 0.0 0.0 -1.0
  outer loop
   vertex -1.0627984619140625 -2.45130517578125 106.9
   vertex -1.0381202392578126 -2.462159912109375 106.9
   vertex -1.042641845703125 -2.462572998046875 106.9
  endloop
 endfacet
 facet normal 0.0 0.0 -1.0
  outer loop
   vertex -1.0627984619140625 -2.45130517578125 106.9
   vertex -1.047156494140625 -2.462312744140625 106.9
   vertex -1.0591392822265626 -2.456263916015625 106.9
  endloop
 endfacet
 facet normal 0.0 0.0 -1.0
  outer loop
   vertex -1.0658125 -2.444276611328125 106.9
   vertex -1.0323756103515624 -2.46073193359375 106.9
   vertex -1.0381202392578126 -2.462159912109375 106.9
  endloop
 endfacet
 facet normal 0.0 0.0 -1.0
  outer loop
   vertex -1.0658125 -2.444276611328125 106.9
   vertex -1.0381202392578126 -2.462159912109375 106.9
   vertex -1.0627984619140625 -2.45130517578125 106.9
  endloop
 endfacet
 facet normal 0.0 0.0 -1.0
  outer loop
   vertex -1.0672657470703126 -2.43708642578125 106.9
   vertex -1.0243511962890626 -2.457285888671875 106.9
   vertex -1.0323756103515624 -2.46073193359375 106.9
  endloop
 endfacet
 facet normal 0.0 0.0 -1.0
  outer loop
   vertex -1.0672657470703126 -2.43708642578125 106.9
   vertex -1.0323756103515624 -2.46073193359375 106.9
   vertex -1.0658125 -2.444276611328125 106.9
  endloop
 endfacet
 facet normal 0.0 0.0 -1.0
  outer loop
   vertex -1.0677052001953125 -2.42427978515625 106.9
   vertex -1.013489013671875 -2.450707763671875 106.9
   vertex -1.0243511962890626 -2.457285888671875 106.9
  endloop
 endfacet
 facet normal 0.0 0.0 -1.0
  outer loop
   vertex -1.0677052001953125 -2.42427978515625 106.9
   vertex -1.0243511962890626 -2.457285888671875 106.9
   vertex -1.0672657470703126 -2.43708642578125 106.9
  endloop
 endfacet
 facet normal 0.0 0.0 -1.0
  outer loop
   vertex -1.06625146484375 -2.410160888671875 106.9
   vertex -1.001364013671875 -2.44116748046875 106.9
   vertex -1.013489013671875 -2.450707763671875 106.9
  endloop
 endfacet
 facet normal 0.0 -0.0 -1.0
  outer loop
   vertex -1.06625146484375 -2.410160888671875 106.9
   vertex -1.013489013671875 -2.450707763671875 106.9
   vertex -1.0677052001953125 -2.42427978515625 106.9
  endloop
 endfacet
 facet normal 0.0 0.0 -1.0
  outer loop
   vertex -1.0626253662109375 -2.392968017578125 106.9
   vertex -0.9875370483398438 -2.4279013671875003 106.9
   vertex -1.001364013671875 -2.44116748046875 106.9
  endloop
 endfacet
 facet normal 0.0 -0.0 -1.0
  outer loop
   vertex -1.0626253662109375 -2.392968017578125 106.9
   vertex -1.001364013671875 -2.44116748046875 106.9
   vertex -1.06625146484375 -2.410160888671875 106.9
  endloop
 endfacet
 facet normal 0.0 0.0 -1.0
  outer loop
   vertex -1.0558065185546874 -2.37065771484375 106.9
   vertex -0.9720658569335938 -2.410422119140625 106.9
   vertex -0.9875370483398438 -2.4279013671875003 106.9
  endloop
 endfacet
 facet normal 0.0 -0.0 -1.0
  outer loop
   vertex -1.0558065185546874 -2.37065771484375 106.9
   vertex -0.9875370483398438 -2.4279013671875003 106.9
   vertex -1.0626253662109375 -2.392968017578125 106.9
  endloop
 endfacet
 facet normal 0.0 0.0 -1.0
  outer loop
   vertex -1.0456163330078125 -2.344725341796875 106.9
   vertex -0.9553263549804688 -2.388622802734375 106.9
   vertex -0.9720658569335938 -2.410422119140625 106.9
  endloop
 endfacet
 facet normal 0.0 -0.0 -1.0
  outer loop
   vertex -1.0456163330078125 -2.344725341796875 106.9
   vertex -0.9720658569335938 -2.410422119140625 106.9
   vertex -1.0558065185546874 -2.37065771484375 106.9
  endloop
 endfacet
 facet normal 0.0 0.0 -1.0
  outer loop
   vertex -1.031780029296875 -2.31527734375 106.9
   vertex -0.9372613525390625 -2.361960205078125 106.9
   vertex -0.9553263549804688 -2.388622802734375 106.9
  endloop
 endfacet
 facet normal 0.0 -0.0 -1.0
  outer loop
   vertex -1.031780029296875 -2.31527734375 106.9
   vertex -0.9553263549804688 -2.388622802734375 106.9
   vertex -1.0456163330078125 -2.344725341796875 106.9
  endloop
 endfacet
 facet normal 0.0 0.0 -1.0
  outer loop
   vertex -0.9346950073242187 -2.2519716796875002 106.9
   vertex -0.9036275634765625 -2.304134521484375 106.9
   vertex -0.917992919921875 -2.33009375 106.9
  endloop
 endfacet
 facet normal 0.0 0.0 -1.0
  outer loop
   vertex -0.9346950073242187 -2.2519716796875002 106.9
   vertex -0.889979248046875 -2.277788330078125 106.9
   vertex -0.9036275634765625 -2.304134521484375 106.9
  endloop
 endfacet
 facet normal 0.0 0.0 -1.0
  outer loop
   vertex -1.013728515625 -2.2818200683593752 106.9
   vertex -0.917992919921875 -2.33009375 106.9
   vertex -0.9372613525390625 -2.361960205078125 106.9
  endloop
 endfacet
 facet normal 0.0 0.0 -1.0
  outer loop
   vertex -1.013728515625 -2.2818200683593752 106.9
   vertex -0.9385250854492188 -2.249563232421875 106.9
   vertex -0.9346950073242187 -2.2519716796875002 106.9
  endloop
 endfacet
 facet normal 0.0 0.0 -1.0
  outer loop
   vertex -1.013728515625 -2.2818200683593752 106.9
   vertex -0.9346950073242187 -2.2519716796875002 106.9
   vertex -0.917992919921875 -2.33009375 106.9
  endloop
 endfacet
 facet normal 0.0 -0.0 -1.0
  outer loop
   vertex -1.013728515625 -2.2818200683593752 106.9
   vertex -0.9372613525390625 -2.361960205078125 106.9
   vertex -1.031780029296875 -2.31527734375 106.9
  endloop
 endfacet
 facet normal 0.0 0.0 -1.0
  outer loop
   vertex -0.9925029907226562 -2.2465107421875 106.9
   vertex -0.942162841796875 -2.246873291015625 106.9
   vertex -0.9385250854492188 -2.249563232421875 106.9
  endloop
 endfacet
 facet normal 0.0 0.0 -1.0
  outer loop
   vertex -0.9925029907226562 -2.2465107421875 106.9
   vertex -0.9455875244140626 -2.243916748046875 106.9
   vertex -0.942162841796875 -2.246873291015625 106.9
  endloop
 endfacet
 facet normal 0.0 0.0 -1.0
  outer loop
   vertex -0.9925029907226562 -2.2465107421875 106.9
   vertex -0.9487796630859375 -2.2407106933593752 106.9
   vertex -0.9455875244140626 -2.243916748046875 106.9
  endloop
 endfacet
 facet normal 0.0 0.0 -1.0
  outer loop
   vertex -0.9925029907226562 -2.2465107421875 106.9
   vertex -0.95172119140625 -2.2372731933593752 106.9
   vertex -0.9487796630859375 -2.2407106933593752 106.9
  endloop
 endfacet
 facet normal 0.0 0.0 -1.0
  outer loop
   vertex -0.9925029907226562 -2.2465107421875 106.9
   vertex -0.9543953247070313 -2.233623779296875 106.9
   vertex -0.95172119140625 -2.2372731933593752 106.9
  endloop
 endfacet
 facet normal 0.0 0.0 -1.0
  outer loop
   vertex -0.9925029907226562 -2.2465107421875 106.9
   vertex -0.9567868652343751 -2.2297832031250002 106.9
   vertex -0.9543953247070313 -2.233623779296875 106.9
  endloop
 endfacet
 facet normal 0.0 -0.0 -1.0
  outer loop
   vertex -0.9925029907226562 -2.2465107421875 106.9
   vertex -0.9385250854492188 -2.249563232421875 106.9
   vertex -1.013728515625 -2.2818200683593752 106.9
  endloop
 endfacet
 facet normal 0.0 -0.0 -1.0
  outer loop
   vertex -0.9588822021484376 -2.2257734375 106.9
   vertex -0.9567868652343751 -2.2297832031250002 106.9
   vertex -0.9925029907226562 -2.2465107421875 106.9
  endloop
 endfacet
 facet normal 0.0 -0.0 -1.0
  outer loop
   vertex -0.96066943359375 -2.2216171875 106.9
   vertex -0.9588822021484376 -2.2257734375 106.9
   vertex -0.9925029907226562 -2.2465107421875 106.9
  endloop
 endfacet
 facet normal 0.0 -0.0 -1.0
  outer loop
   vertex -0.962138427734375 -2.217337890625 106.9
   vertex -0.96066943359375 -2.2216171875 106.9
   vertex -0.9925029907226562 -2.2465107421875 106.9
  endloop
 endfacet
 facet normal 0.0 -0.0 -1.0
  outer loop
   vertex -0.9632808227539063 -2.212960205078125 106.9
   vertex -0.962138427734375 -2.217337890625 106.9
   vertex -0.9925029907226562 -2.2465107421875 106.9
  endloop
 endfacet
 facet normal 0.0 -0.0 -1.0
  outer loop
   vertex -0.964090087890625 -2.208509033203125 106.9
   vertex -0.9632808227539063 -2.212960205078125 106.9
   vertex -0.9925029907226562 -2.2465107421875 106.9
  endloop
 endfacet
 facet normal 0.0 -0.0 -1.0
  outer loop
   vertex -0.9645615844726563 -2.20400927734375 106.9
   vertex -0.964090087890625 -2.208509033203125 106.9
   vertex -0.9925029907226562 -2.2465107421875 106.9
  endloop
 endfacet
 facet normal 0.0 -0.0 1.0
  outer loop
   vertex -0.9352643432617188 -2.162509765625 106.9
   vertex -0.9344849243164063 -2.147927734375 106.9
   vertex -0.93884814453125 -2.150678955078125 106.9
  endloop
 endfacet
 facet normal 0.0 0.0 1.0
  outer loop
   vertex -0.9352643432617188 -2.162509765625 106.9
   vertex -0.9299015502929687 -2.1455615234375 106.9
   vertex -0.9344849243164063 -2.147927734375 106.9
  endloop
 endfacet
 facet normal 0.0 0.0 1.0
  outer loop
   vertex -0.9352643432617188 -2.162509765625 106.9
   vertex -0.9251318359375 -2.143597900390625 106.9
   vertex -0.9299015502929687 -2.1455615234375 106.9
  endloop
 endfacet
 facet normal 0.0 0.0 1.0
  outer loop
   vertex -0.9352643432617188 -2.162509765625 106.9
   vertex -0.9202111206054687 -2.142051025390625 106.9
   vertex -0.9251318359375 -2.143597900390625 106.9
  endloop
 endfacet
 facet normal -0.0 0.0 1.0
  outer loop
   vertex -0.942958984375 -2.153794677734375 106.9
   vertex -0.9352643432617188 -2.162509765625 106.9
   vertex -0.93884814453125 -2.150678955078125 106.9
  endloop
 endfacet
 facet normal -0.0 0.0 1.0
  outer loop
   vertex -0.9467869873046875 -2.1572517089843752 106.9
   vertex -0.9352643432617188 -2.162509765625 106.9
   vertex -0.942958984375 -2.153794677734375 106.9
  endloop
 endfacet
 facet normal -0.0 0.0 1.0
  outer loop
   vertex -0.950303955078125 -2.161025146484375 106.9
   vertex -0.9352643432617188 -2.162509765625 106.9
   vertex -0.9467869873046875 -2.1572517089843752 106.9
  endloop
 endfacet
 facet normal 0.0 0.0 1.0
  outer loop
   vertex -0.9534837646484375 -2.16508642578125 106.9
   vertex -0.9352643432617188 -2.162509765625 106.9
   vertex -0.950303955078125 -2.161025146484375 106.9
  endloop
 endfacet
 facet normal 0.0 0.0 1.0
  outer loop
   vertex -0.950060302734375 -2.1831552734375 106.9
   vertex -0.9534837646484375 -2.16508642578125 106.9
   vertex -0.9563030395507812 -2.169406005859375 106.9
  endloop
 endfacet
 facet normal 0.0 -0.0 1.0
  outer loop
   vertex -0.950060302734375 -2.1831552734375 106.9
   vertex -0.9352643432617188 -2.162509765625 106.9
   vertex -0.9534837646484375 -2.16508642578125 106.9
  endloop
 endfacet
 facet normal -0.0 0.0 1.0
  outer loop
   vertex -0.9587409057617188 -2.17395166015625 106.9
   vertex -0.950060302734375 -2.1831552734375 106.9
   vertex -0.9563030395507812 -2.169406005859375 106.9
  endloop
 endfacet
 facet normal -0.0 0.0 1.0
  outer loop
   vertex -0.9607793579101562 -2.17868994140625 106.9
   vertex -0.950060302734375 -2.1831552734375 106.9
   vertex -0.9587409057617188 -2.17395166015625 106.9
  endloop
 endfacet
 facet normal 0.0 0.0 1.0
  outer loop
   vertex -0.9624032592773438 -2.183585693359375 106.9
   vertex -0.950060302734375 -2.1831552734375 106.9
   vertex -0.9607793579101562 -2.17868994140625 106.9
  endloop
 endfacet
 facet normal 0.0 0.0 1.0
  outer loop
   vertex -0.9636007080078125 -2.18860302734375 106.9
   vertex -0.950060302734375 -2.1831552734375 106.9
   vertex -0.9624032592773438 -2.183585693359375 106.9
  endloop
 endfacet
 facet normal 0.0 0.0 1.0
  outer loop
   vertex -0.96436279296875 -2.193704345703125 106.9
   vertex -0.950060302734375 -2.1831552734375 106.9
   vertex -0.9636007080078125 -2.18860302734375 106.9
  endloop
 endfacet
 facet normal 0.0 0.0 1.0
  outer loop
   vertex -0.9646838989257813 -2.1988525390625 106.9
   vertex -0.950060302734375 -2.1831552734375 106.9
   vertex -0.96436279296875 -2.193704345703125 106.9
  endloop
 endfacet
 facet normal 0.0 -0.0 1.0
  outer loop
   vertex -0.9645615844726563 -2.20400927734375 106.9
   vertex -0.950060302734375 -2.1831552734375 106.9
   vertex -0.9646838989257813 -2.1988525390625 106.9
  endloop
 endfacet
 facet normal 0.202416330575943 0.9792995452880859 -1.0669550312703002e-11
  outer loop
   vertex 0.17400000000000002 -4.58797998046875 106.9
   vertex 0.17943571472167968 -4.589103515625 106.9
   vertex 0.17943571472167968 -4.589103515625 103.0
  endloop
 endfacet
 facet normal 0.202416330575943 0.9792995452880859 0.0
  outer loop
   vertex 0.17400000000000002 -4.58797998046875 106.9
   vertex 0.17943571472167968 -4.589103515625 103.0
   vertex 0.17400000000000002 -4.58797998046875 103.0
  endloop
 endfacet
 facet normal 0.20250070095062256 -0.9792821407318115 -7.571804294670414e-12
  outer loop
   vertex 0.17943571472167968 -4.58685595703125 106.9
   vertex 0.17400000000000002 -4.58797998046875 106.9
   vertex 0.17400000000000002 -4.58797998046875 103.0
  endloop
 endfacet
 facet normal 0.20250070095062256 -0.9792821407318115 0.0
  outer loop
   vertex 0.17943571472167968 -4.58685595703125 106.9
   vertex 0.17400000000000002 -4.58797998046875 103.0
   vertex 0.17943571472167968 -4.58685595703125 103.0
  endloop
 endfacet
 facet normal 0.0 0.0 1.0
  outer loop
   vertex 0.42864697265625 -4.62726220703125 103.0
   vertex 0.3732677001953125 -4.62287109375 103.0
   vertex 0.43156402587890624 -4.63039697265625 103.0
  endloop
 endfacet
 facet normal 0.0 0.0 1.0
  outer loop
   vertex 0.4259609069824219 -4.623927734375 103.0
   vertex 0.3732677001953125 -4.62287109375 103.0
   vertex 0.42864697265625 -4.62726220703125 103.0
  endloop
 endfacet
 facet normal 0.0 0.0 1.0
  outer loop
   vertex 0.42351947021484376 -4.62041015625 103.0
   vertex 0.3732677001953125 -4.62287109375 103.0
   vertex 0.4259609069824219 -4.623927734375 103.0
  endloop
 endfacet
 facet normal 0.0 0.0 1.0
  outer loop
   vertex 0.42133514404296873 -4.61672705078125 103.0
   vertex 0.3732677001953125 -4.62287109375 103.0
   vertex 0.42351947021484376 -4.62041015625 103.0
  endloop
 endfacet
 facet normal 0.0 0.0 1.0
  outer loop
   vertex 0.4194190063476563 -4.61289794921875 103.0
   vertex 0.3732677001953125 -4.62287109375 103.0
   vertex 0.42133514404296873 -4.61672705078125 103.0
  endloop
 endfacet
 facet normal 0.0 0.0 1.0
  outer loop
   vertex 0.4177808532714844 -4.60894189453125 103.0
   vertex 0.3732677001953125 -4.62287109375 103.0
   vertex 0.4194190063476563 -4.61289794921875 103.0
  endloop
 endfacet
 facet normal 0.0 0.0 1.0
  outer loop
   vertex 0.4164290466308594 -4.60487890625 103.0
   vertex 0.3732677001953125 -4.62287109375 103.0
   vertex 0.4177808532714844 -4.60894189453125 103.0
  endloop
 endfacet
 facet normal 0.0 0.0 1.0
  outer loop
   vertex 0.4153703918457031 -4.60072998046875 103.0
   vertex 0.3732677001953125 -4.62287109375 103.0
   vertex 0.4164290466308594 -4.60487890625 103.0
  endloop
 endfacet
 facet normal 0.0 0.0 1.0
  outer loop
   vertex 0.4153703918457031 -4.60072998046875 103.0
   vertex 0.41461035156250003 -4.59651611328125 103.0
   vertex 0.3732677001953125 -4.62287109375 103.0
  endloop
 endfacet
 facet normal 0.0 0.0 1.0
  outer loop
   vertex 0.41461035156250003 -4.59651611328125 103.0
   vertex 0.41415277099609377 -4.5922587890625 103.0
   vertex 0.3732677001953125 -4.62287109375 103.0
  endloop
 endfacet
 facet normal 0.0 0.0 1.0
  outer loop
   vertex 0.41415277099609377 -4.5922587890625 103.0
   vertex 0.41400000000000003 -4.58797998046875 103.0
   vertex 0.3732677001953125 -4.62287109375 103.0
  endloop
 endfacet
 facet normal 0.0 0.0 1.0
  outer loop
   vertex 0.3732677001953125 -4.62287109375 103.0
   vertex 0.3463408203125 -4.556998046875 103.0
   vertex 0.31514276123046875 -4.61411962890625 103.0
  endloop
 endfacet
 facet normal 0.0 0.0 1.0
  outer loop
   vertex 0.41400000000000003 -4.54768603515625 103.0
   vertex 0.3463408203125 -4.556998046875 103.0
   vertex 0.41400000000000003 -4.58797998046875 103.0
  endloop
 endfacet
 facet normal 0.0 0.0 1.0
  outer loop
   vertex 0.41400000000000003 -4.58797998046875 103.0
   vertex 0.3463408203125 -4.556998046875 103.0
   vertex 0.3732677001953125 -4.62287109375 103.0
  endloop
 endfacet
 facet normal 0.0 0.0 1.0
  outer loop
   vertex 0.31514276123046875 -4.61411962890625 103.0
   vertex 0.2789158935546875 -4.56787744140625 103.0
   vertex 0.24713966369628906 -4.602419921875 103.0
  endloop
 endfacet
 facet normal 0.0 0.0 1.0
  outer loop
   vertex 0.3463408203125 -4.556998046875 103.0
   vertex 0.2789158935546875 -4.56787744140625 103.0
   vertex 0.31514276123046875 -4.61411962890625 103.0
  endloop
 endfacet
 facet normal 0.0 0.0 1.0
  outer loop
   vertex 0.2789158935546875 -4.56787744140625 103.0
   vertex 0.2290885467529297 -4.57691162109375 103.0
   vertex 0.24713966369628906 -4.602419921875 103.0
  endloop
 endfacet
 facet normal 0.0 0.0 1.0
  outer loop
   vertex 0.2290885467529297 -4.57691162109375 103.0
   vertex 0.17943571472167968 -4.589103515625 103.0
   vertex 0.24713966369628906 -4.602419921875 103.0
  endloop
 endfacet
 facet normal 0.0 0.0 1.0
  outer loop
   vertex 0.2290885467529297 -4.57691162109375 103.0
   vertex 0.17943571472167968 -4.58685595703125 103.0
   vertex 0.17943571472167968 -4.589103515625 103.0
  endloop
 endfacet
 facet normal 0.0 0.0 1.0
  outer loop
   vertex 0.17943571472167968 -4.58685595703125 103.0
   vertex 0.17400000000000002 -4.58797998046875 103.0
   vertex 0.17943571472167968 -4.589103515625 103.0
  endloop
 endfacet
 facet normal 0.0 0.0 1.0
  outer loop
   vertex 0.7736079711914062 -4.59175634765625 103.0
   vertex 0.773367431640625 -4.5831591796875 103.0
   vertex 0.7717655029296875 -4.59718505859375 103.0
  endloop
 endfacet
 facet normal 0.0 0.0 1.0
  outer loop
   vertex 0.7739837646484375 -4.5872236328125 103.0
   vertex 0.773367431640625 -4.5831591796875 103.0
   vertex 0.7736079711914062 -4.59175634765625 103.0
  endloop
 endfacet
 facet normal 0.0 0.0 1.0
  outer loop
   vertex 0.773367431640625 -4.5831591796875 103.0
   vertex 0.771966796875 -4.5792099609375 103.0
   vertex 0.7717655029296875 -4.59718505859375 103.0
  endloop
 endfacet
 facet normal 0.0 0.0 1.0
  outer loop
   vertex 0.7717655029296875 -4.59718505859375 103.0
   vertex 0.7699296875 -4.5754736328125 103.0
   vertex 0.7679234008789063 -4.603279296875 103.0
  endloop
 endfacet
 facet normal 0.0 0.0 1.0
  outer loop
   vertex 0.771966796875 -4.5792099609375 103.0
   vertex 0.7699296875 -4.5754736328125 103.0
   vertex 0.7717655029296875 -4.59718505859375 103.0
  endloop
 endfacet
 facet normal 0.0 0.0 1.0
  outer loop
   vertex 0.7679234008789063 -4.603279296875 103.0
   vertex 0.7664788818359375 -4.570990234375 103.0
   vertex 0.761926025390625 -4.6092031250000005 103.0
  endloop
 endfacet
 facet normal 0.0 0.0 1.0
  outer loop
   vertex 0.7699296875 -4.5754736328125 103.0
   vertex 0.7664788818359375 -4.570990234375 103.0
   vertex 0.7679234008789063 -4.603279296875 103.0
  endloop
 endfacet
 facet normal 0.0 0.0 1.0
  outer loop
   vertex 0.7664788818359375 -4.570990234375 103.0
   vertex 0.7619436645507812 -4.56677099609375 103.0
   vertex 0.761926025390625 -4.6092031250000005 103.0
  endloop
 endfacet
 facet normal 0.0 0.0 1.0
  outer loop
   vertex 0.761926025390625 -4.6092031250000005 103.0
   vertex 0.7540213012695313 -4.5613427734375005 103.0
   vertex 0.7513721313476562 -4.6161328125 103.0
  endloop
 endfacet
 facet normal 0.0 0.0 1.0
  outer loop
   vertex 0.7619436645507812 -4.56677099609375 103.0
   vertex 0.7540213012695313 -4.5613427734375005 103.0
   vertex 0.761926025390625 -4.6092031250000005 103.0
  endloop
 endfacet
 facet normal 0.0 0.0 1.0
  outer loop
   vertex 0.7513721313476562 -4.6161328125 103.0
   vertex 0.7442950439453125 -4.55628857421875 103.0
   vertex 0.7386684570312501 -4.62207421875 103.0
  endloop
 endfacet
 facet normal 0.0 0.0 1.0
  outer loop
   vertex 0.7540213012695313 -4.5613427734375005 103.0
   vertex 0.7442950439453125 -4.55628857421875 103.0
   vertex 0.7513721313476562 -4.6161328125 103.0
  endloop
 endfacet
 facet normal 0.0 0.0 1.0
  outer loop
   vertex 0.7386684570312501 -4.62207421875 103.0
   vertex 0.7293341674804688 -4.550498046875 103.0
   vertex 0.7221348266601563 -4.6276865234375 103.0
  endloop
 endfacet
 facet normal 0.0 0.0 1.0
  outer loop
   vertex 0.7442950439453125 -4.55628857421875 103.0
   vertex 0.7293341674804688 -4.550498046875 103.0
   vertex 0.7386684570312501 -4.62207421875 103.0
  endloop
 endfacet
 facet normal 0.0 0.0 1.0
  outer loop
   vertex 0.7221348266601563 -4.6276865234375 103.0
   vertex 0.7099586181640625 -4.545099609375 103.0
   vertex 0.6994544067382813 -4.6331157226562505 103.0
  endloop
 endfacet
 facet normal 0.0 0.0 1.0
  outer loop
   vertex 0.7293341674804688 -4.550498046875 103.0
   vertex 0.7099586181640625 -4.545099609375 103.0
   vertex 0.7221348266601563 -4.6276865234375 103.0
  endloop
 endfacet
 facet normal 0.0 0.0 1.0
  outer loop
   vertex 0.6994544067382813 -4.6331157226562505 103.0
   vertex 0.6862679443359375 -4.54053173828125 103.0
   vertex 0.6717964477539062 -4.63742578125 103.0
  endloop
 endfacet
 facet normal 0.0 0.0 1.0
  outer loop
   vertex 0.7099586181640625 -4.545099609375 103.0
   vertex 0.6862679443359375 -4.54053173828125 103.0
   vertex 0.6994544067382813 -4.6331157226562505 103.0
  endloop
 endfacet
 facet normal 0.0 0.0 1.0
  outer loop
   vertex 0.558956787109375 -4.640802734375 103.0
   vertex 0.5110577392578125 -4.63516796875 103.0
   vertex 0.5073966979980469 -4.637826171875 103.0
  endloop
 endfacet
 facet normal 0.0 0.0 1.0
  outer loop
   vertex 0.558956787109375 -4.640802734375 103.0
   vertex 0.514508056640625 -4.63224169921875 103.0
   vertex 0.5110577392578125 -4.63516796875 103.0
  endloop
 endfacet
 facet normal 0.0 0.0 1.0
  outer loop
   vertex 0.558956787109375 -4.640802734375 103.0
   vertex 0.5177280883789063 -4.6290634765625 103.0
   vertex 0.514508056640625 -4.63224169921875 103.0
  endloop
 endfacet
 facet normal 0.0 0.0 1.0
  outer loop
   vertex 0.558956787109375 -4.640802734375 103.0
   vertex 0.520699462890625 -4.6256518554687505 103.0
   vertex 0.5177280883789063 -4.6290634765625 103.0
  endloop
 endfacet
 facet normal 0.0 0.0 1.0
  outer loop
   vertex 0.558956787109375 -4.640802734375 103.0
   vertex 0.5234052734375 -4.62202587890625 103.0
   vertex 0.520699462890625 -4.6256518554687505 103.0
  endloop
 endfacet
 facet normal 0.0 0.0 1.0
  outer loop
   vertex 0.558956787109375 -4.640802734375 103.0
   vertex 0.5258302612304687 -4.6182060546875 103.0
   vertex 0.5234052734375 -4.62202587890625 103.0
  endloop
 endfacet
 facet normal 0.0 0.0 1.0
  outer loop
   vertex 0.558956787109375 -4.640802734375 103.0
   vertex 0.52796044921875 -4.61421484375 103.0
   vertex 0.5258302612304687 -4.6182060546875 103.0
  endloop
 endfacet
 facet normal 0.0 0.0 1.0
  outer loop
   vertex 0.6717964477539062 -4.63742578125 103.0
   vertex 0.6576915283203125 -4.53704345703125 103.0
   vertex 0.6391290893554687 -4.6403037109375 103.0
  endloop
 endfacet
 facet normal 0.0 0.0 1.0
  outer loop
   vertex 0.6862679443359375 -4.54053173828125 103.0
   vertex 0.6576915283203125 -4.53704345703125 103.0
   vertex 0.6717964477539062 -4.63742578125 103.0
  endloop
 endfacet
 facet normal 0.0 0.0 1.0
  outer loop
   vertex 0.558956787109375 -4.640802734375 103.0
   vertex 0.5297838745117187 -4.61007421875 103.0
   vertex 0.52796044921875 -4.61421484375 103.0
  endloop
 endfacet
 facet normal 0.0 0.0 1.0
  outer loop
   vertex 0.558956787109375 -4.640802734375 103.0
   vertex 0.5312901611328125 -4.60580810546875 103.0
   vertex 0.5297838745117187 -4.61007421875 103.0
  endloop
 endfacet
 facet normal 0.0 0.0 1.0
  outer loop
   vertex 0.558956787109375 -4.640802734375 103.0
   vertex 0.5324706420898437 -4.6014404296875 103.0
   vertex 0.5312901611328125 -4.60580810546875 103.0
  endloop
 endfacet
 facet normal 0.0 0.0 1.0
  outer loop
   vertex 0.558956787109375 -4.640802734375 103.0
   vertex 0.5333186645507813 -4.5969960937500005 103.0
   vertex 0.5324706420898437 -4.6014404296875 103.0
  endloop
 endfacet
 facet normal 0.0 0.0 1.0
  outer loop
   vertex 0.60078271484375 -4.64149365234375 103.0
   vertex 0.5338294067382813 -4.5925009765625004 103.0
   vertex 0.558956787109375 -4.640802734375 103.0
  endloop
 endfacet
 facet normal 0.0 0.0 1.0
  outer loop
   vertex 0.558956787109375 -4.640802734375 103.0
   vertex 0.5338294067382813 -4.5925009765625004 103.0
   vertex 0.5333186645507813 -4.5969960937500005 103.0
  endloop
 endfacet
 facet normal 0.0 0.0 1.0
  outer loop
   vertex 0.60078271484375 -4.64149365234375 103.0
   vertex 0.534 -4.58797998046875 103.0
   vertex 0.5338294067382813 -4.5925009765625004 103.0
  endloop
 endfacet
 facet normal 0.0 0.0 1.0
  outer loop
   vertex 0.6391290893554687 -4.6403037109375 103.0
   vertex 0.6240757446289062 -4.5349448242187504 103.0
   vertex 0.60078271484375 -4.64149365234375 103.0
  endloop
 endfacet
 facet normal 0.0 0.0 1.0
  outer loop
   vertex 0.6576915283203125 -4.53704345703125 103.0
   vertex 0.6240757446289062 -4.5349448242187504 103.0
   vertex 0.6391290893554687 -4.6403037109375 103.0
  endloop
 endfacet
 facet normal 0.0 0.0 1.0
  outer loop
   vertex 0.6240757446289062 -4.5349448242187504 103.0
   vertex 0.5851841430664063 -4.53451171875 103.0
   vertex 0.60078271484375 -4.64149365234375 103.0
  endloop
 endfacet
 facet normal 0.0 0.0 1.0
  outer loop
   vertex 0.60078271484375 -4.64149365234375 103.0
   vertex 0.5851841430664063 -4.53451171875 103.0
   vertex 0.534 -4.58797998046875 103.0
  endloop
 endfacet
 facet normal 0.0 0.0 1.0
  outer loop
   vertex 0.5851841430664063 -4.53451171875 103.0
   vertex 0.5595822143554687 -4.5351337890625 103.0
   vertex 0.534 -4.58797998046875 103.0
  endloop
 endfacet
 facet normal 0.0 0.0 1.0
  outer loop
   vertex 0.5595822143554687 -4.5351337890625 103.0
   vertex 0.534 -4.5363466796875 103.0
   vertex 0.534 -4.58797998046875 103.0
  endloop
 endfacet
 facet normal 0.0 0.0 -1.0
  outer loop
   vertex 0.48630221557617187 -4.6360761718750005 103.0
   vertex 0.5073966979980469 -4.637826171875 103.0
   vertex 0.5023445129394531 -4.6408627929687505 103.0
  endloop
 endfacet
 facet normal 0.0 0.0 -1.0
  outer loop
   vertex 0.48630221557617187 -4.6360761718750005 103.0
   vertex 0.5023445129394531 -4.6408627929687505 103.0
   vertex 0.49701876831054687 -4.643388671875 103.0
  endloop
 endfacet
 facet normal 0.0 0.0 -1.0
  outer loop
   vertex 0.48630221557617187 -4.6360761718750005 103.0
   vertex 0.49701876831054687 -4.643388671875 103.0
   vertex 0.4914708251953125 -4.6453798828125 103.0
  endloop
 endfacet
 facet normal 0.0 -0.0 -1.0
  outer loop
   vertex 0.48630221557617187 -4.6360761718750005 103.0
   vertex 0.4914708251953125 -4.6453798828125 103.0
   vertex 0.48575430297851563 -4.6468173828125 103.0
  endloop
 endfacet
 facet normal 0.0 0.0 -1.0
  outer loop
   vertex 0.48630221557617187 -4.6360761718750005 103.0
   vertex 0.48575430297851563 -4.6468173828125 103.0
   vertex 0.47992431640625 -4.6476865234375 103.0
  endloop
 endfacet
 facet normal 0.0 0.0 -1.0
  outer loop
   vertex 0.48630221557617187 -4.6360761718750005 103.0
   vertex 0.47992431640625 -4.6476865234375 103.0
   vertex 0.47403717041015625 -4.64797998046875 103.0
  endloop
 endfacet
 facet normal 0.0 0.0 -1.0
  outer loop
   vertex 0.46523065185546875 -4.6340712890625 103.0
   vertex 0.47403717041015625 -4.64797998046875 103.0
   vertex 0.468149658203125 -4.64769384765625 103.0
  endloop
 endfacet
 facet normal 0.0 -0.0 -1.0
  outer loop
   vertex 0.46523065185546875 -4.6340712890625 103.0
   vertex 0.468149658203125 -4.64769384765625 103.0
   vertex 0.46231860351562504 -4.64683203125 103.0
  endloop
 endfacet
 facet normal 0.0 0.0 -1.0
  outer loop
   vertex 0.46523065185546875 -4.6340712890625 103.0
   vertex 0.46231860351562504 -4.64683203125 103.0
   vertex 0.4566003112792969 -4.6454013671875005 103.0
  endloop
 endfacet
 facet normal 0.0 0.0 -1.0
  outer loop
   vertex 0.46523065185546875 -4.6340712890625 103.0
   vertex 0.4566003112792969 -4.6454013671875005 103.0
   vertex 0.4510499267578125 -4.6434169921875 103.0
  endloop
 endfacet
 facet normal 0.0 0.0 -1.0
  outer loop
   vertex 0.46523065185546875 -4.6340712890625 103.0
   vertex 0.48630221557617187 -4.6360761718750005 103.0
   vertex 0.47403717041015625 -4.64797998046875 103.0
  endloop
 endfacet
 facet normal 0.0 0.0 -1.0
  outer loop
   vertex 0.4457210388183594 -4.6408979492187505 103.0
   vertex 0.46523065185546875 -4.6340712890625 103.0
   vertex 0.4510499267578125 -4.6434169921875 103.0
  endloop
 endfacet
 facet normal 0.0 0.0 -1.0
  outer loop
   vertex 0.4406650695800781 -4.6378676757812505 103.0
   vertex 0.46523065185546875 -4.6340712890625 103.0
   vertex 0.4457210388183594 -4.6408979492187505 103.0
  endloop
 endfacet
 facet normal 0.0 0.0 -1.0
  outer loop
   vertex 0.43593084716796876 -4.63435595703125 103.0
   vertex 0.46523065185546875 -4.6340712890625 103.0
   vertex 0.4406650695800781 -4.6378676757812505 103.0
  endloop
 endfacet
 facet normal 0.0 0.0 -1.0
  outer loop
   vertex 0.43156402587890624 -4.63039697265625 103.0
   vertex 0.46523065185546875 -4.6340712890625 103.0
   vertex 0.43593084716796876 -4.63435595703125 103.0
  endloop
 endfacet
 facet normal 0.7468690872192383 -0.6649710536003113 0.0
  outer loop
   vertex -0.7583860473632813 -1.9443480224609375 106.9
   vertex -0.7583860473632813 -1.9443480224609375 103.0
   vertex -0.7546950073242188 -1.940202392578125 103.0
  endloop
 endfacet
 facet normal 0.7468690872192383 -0.6649710536003113 0.0
  outer loop
   vertex -0.7546950073242188 -1.940202392578125 106.9
   vertex -0.7583860473632813 -1.9443480224609375 106.9
   vertex -0.7546950073242188 -1.940202392578125 103.0
  endloop
 endfacet
 facet normal -0.949317991733551 0.31431713700294495 -3.0975465248328504e-12
  outer loop
   vertex -0.756439697265625 -1.9454718017578125 106.9
   vertex -0.7546950073242188 -1.940202392578125 106.9
   vertex -0.7546950073242188 -1.940202392578125 103.0
  endloop
 endfacet
 facet normal -0.949317991733551 0.31431713700294495 0.0
  outer loop
   vertex -0.756439697265625 -1.9454718017578125 106.9
   vertex -0.7546950073242188 -1.940202392578125 103.0
   vertex -0.756439697265625 -1.9454718017578125 103.0
  endloop
 endfacet
 facet normal 0.0 -0.0 1.0
  outer loop
   vertex -0.839799560546875 -2.168195556640625 103.0
   vertex -0.8146725463867188 -2.10656591796875 103.0
   vertex -0.8746950073242188 -2.1480485839843753 103.0
  endloop
 endfacet
 facet normal 0.0 -0.0 1.0
  outer loop
   vertex -0.9160380249023438 -2.141092041015625 103.0
   vertex -0.8963359375000001 -2.110532470703125 103.0
   vertex -0.9202111206054687 -2.142051025390625 103.0
  endloop
 endfacet
 facet normal 0.0 -0.0 1.0
  outer loop
   vertex -0.9118071899414063 -2.14043310546875 103.0
   vertex -0.8963359375000001 -2.110532470703125 103.0
   vertex -0.9160380249023438 -2.141092041015625 103.0
  endloop
 endfacet
 facet normal 0.0 -0.0 1.0
  outer loop
   vertex -0.9075401000976563 -2.14007763671875 103.0
   vertex -0.8963359375000001 -2.110532470703125 103.0
   vertex -0.9118071899414063 -2.14043310546875 103.0
  endloop
 endfacet
 facet normal 0.0 -0.0 1.0
  outer loop
   vertex -0.9032585449218751 -2.14002734375 103.0
   vertex -0.8963359375000001 -2.110532470703125 103.0
   vertex -0.9075401000976563 -2.14007763671875 103.0
  endloop
 endfacet
 facet normal 0.0 -0.0 1.0
  outer loop
   vertex -0.8989843139648438 -2.140282470703125 103.0
   vertex -0.8963359375000001 -2.110532470703125 103.0
   vertex -0.9032585449218751 -2.14002734375 103.0
  endloop
 endfacet
 facet normal 0.0 0.0 1.0
  outer loop
   vertex -0.8947391967773438 -2.140841796875 103.0
   vertex -0.8963359375000001 -2.110532470703125 103.0
   vertex -0.8989843139648438 -2.140282470703125 103.0
  endloop
 endfacet
 facet normal 0.0 0.0 1.0
  outer loop
   vertex -0.8905447387695312 -2.14170263671875 103.0
   vertex -0.8963359375000001 -2.110532470703125 103.0
   vertex -0.8947391967773438 -2.140841796875 103.0
  endloop
 endfacet
 facet normal 0.0 0.0 1.0
  outer loop
   vertex -0.8864223022460938 -2.142860107421875 103.0
   vertex -0.8963359375000001 -2.110532470703125 103.0
   vertex -0.8905447387695312 -2.14170263671875 103.0
  endloop
 endfacet
 facet normal 0.0 0.0 1.0
  outer loop
   vertex -0.8823930053710938 -2.144308837890625 103.0
   vertex -0.8963359375000001 -2.110532470703125 103.0
   vertex -0.8864223022460938 -2.142860107421875 103.0
  endloop
 endfacet
 facet normal 0.0 0.0 1.0
  outer loop
   vertex -0.8784772338867187 -2.146041259765625 103.0
   vertex -0.8963359375000001 -2.110532470703125 103.0
   vertex -0.8823930053710938 -2.144308837890625 103.0
  endloop
 endfacet
 facet normal 0.0 -0.0 1.0
  outer loop
   vertex -0.8746950073242188 -2.1480485839843753 103.0
   vertex -0.8719937133789063 -2.07937353515625 103.0
   vertex -0.8784772338867187 -2.146041259765625 103.0
  endloop
 endfacet
 facet normal 0.0 0.0 1.0
  outer loop
   vertex -0.8146725463867188 -2.10656591796875 103.0
   vertex -0.8719937133789063 -2.07937353515625 103.0
   vertex -0.8746950073242188 -2.1480485839843753 103.0
  endloop
 endfacet
 facet normal 0.0 -0.0 1.0
  outer loop
   vertex -0.8784772338867187 -2.146041259765625 103.0
   vertex -0.8719937133789063 -2.07937353515625 103.0
   vertex -0.8963359375000001 -2.110532470703125 103.0
  endloop
 endfacet
 facet normal 0.0 0.0 1.0
  outer loop
   vertex -0.790948486328125 -2.0443826904296873 103.0
   vertex -0.8324207763671875 -2.0304805908203125 103.0
   vertex -0.8146725463867188 -2.10656591796875 103.0
  endloop
 endfacet
 facet normal 0.0 0.0 1.0
  outer loop
   vertex -0.8146725463867188 -2.10656591796875 103.0
   vertex -0.8324207763671875 -2.0304805908203125 103.0
   vertex -0.8719937133789063 -2.07937353515625 103.0
  endloop
 endfacet
 facet normal 0.0 0.0 1.0
  outer loop
   vertex -0.7732282104492187 -1.99508935546875 103.0
   vertex -0.7958370361328125 -1.987041015625 103.0
   vertex -0.790948486328125 -2.0443826904296873 103.0
  endloop
 endfacet
 facet normal 0.0 0.0 1.0
  outer loop
   vertex -0.790948486328125 -2.0443826904296873 103.0
   vertex -0.7958370361328125 -1.987041015625 103.0
   vertex -0.8324207763671875 -2.0304805908203125 103.0
  endloop
 endfacet
 facet normal 0.0 0.0 1.0
  outer loop
   vertex -0.756439697265625 -1.9454718017578125 103.0
   vertex -0.7583860473632813 -1.9443480224609375 103.0
   vertex -0.7732282104492187 -1.99508935546875 103.0
  endloop
 endfacet
 facet normal 0.0 -0.0 1.0
  outer loop
   vertex -0.7732282104492187 -1.99508935546875 103.0
   vertex -0.7583860473632813 -1.9443480224609375 103.0
   vertex -0.7958370361328125 -1.987041015625 103.0
  endloop
 endfacet
 facet normal 0.0 -0.0 1.0
  outer loop
   vertex -0.756439697265625 -1.9454718017578125 103.0
   vertex -0.7546950073242188 -1.940202392578125 103.0
   vertex -0.7583860473632813 -1.9443480224609375 103.0
  endloop
 endfacet
 facet normal 0.0 0.0 1.0
  outer loop
   vertex -1.0514730224609374 -2.461282958984375 103.0
   vertex -1.0591392822265626 -2.456263916015625 103.0
   vertex -1.055400146484375 -2.45938818359375 103.0
  endloop
 endfacet
 facet normal 0.0 0.0 1.0
  outer loop
   vertex -1.047156494140625 -2.462312744140625 103.0
   vertex -1.0591392822265626 -2.456263916015625 103.0
   vertex -1.0514730224609374 -2.461282958984375 103.0
  endloop
 endfacet
 facet normal 0.0 0.0 1.0
  outer loop
   vertex -1.042641845703125 -2.462572998046875 103.0
   vertex -1.0627984619140625 -2.45130517578125 103.0
   vertex -1.047156494140625 -2.462312744140625 103.0
  endloop
 endfacet
 facet normal 0.0 0.0 1.0
  outer loop
   vertex -1.0381202392578126 -2.462159912109375 103.0
   vertex -1.0627984619140625 -2.45130517578125 103.0
   vertex -1.042641845703125 -2.462572998046875 103.0
  endloop
 endfacet
 facet normal 0.0 0.0 1.0
  outer loop
   vertex -1.047156494140625 -2.462312744140625 103.0
   vertex -1.0627984619140625 -2.45130517578125 103.0
   vertex -1.0591392822265626 -2.456263916015625 103.0
  endloop
 endfacet
 facet normal 0.0 0.0 1.0
  outer loop
   vertex -1.0323756103515624 -2.46073193359375 103.0
   vertex -1.0658125 -2.444276611328125 103.0
   vertex -1.0381202392578126 -2.462159912109375 103.0
  endloop
 endfacet
 facet normal 0.0 0.0 1.0
  outer loop
   vertex -1.0381202392578126 -2.462159912109375 103.0
   vertex -1.0658125 -2.444276611328125 103.0
   vertex -1.0627984619140625 -2.45130517578125 103.0
  endloop
 endfacet
 facet normal 0.0 0.0 1.0
  outer loop
   vertex -1.0243511962890626 -2.457285888671875 103.0
   vertex -1.0672657470703126 -2.43708642578125 103.0
   vertex -1.0323756103515624 -2.46073193359375 103.0
  endloop
 endfacet
 facet normal 0.0 0.0 1.0
  outer loop
   vertex -1.0323756103515624 -2.46073193359375 103.0
   vertex -1.0672657470703126 -2.43708642578125 103.0
   vertex -1.0658125 -2.444276611328125 103.0
  endloop
 endfacet
 facet normal 0.0 0.0 1.0
  outer loop
   vertex -1.013489013671875 -2.450707763671875 103.0
   vertex -1.0677052001953125 -2.42427978515625 103.0
   vertex -1.0243511962890626 -2.457285888671875 103.0
  endloop
 endfacet
 facet normal 0.0 0.0 1.0
  outer loop
   vertex -1.0243511962890626 -2.457285888671875 103.0
   vertex -1.0677052001953125 -2.42427978515625 103.0
   vertex -1.0672657470703126 -2.43708642578125 103.0
  endloop
 endfacet
 facet normal 0.0 0.0 1.0
  outer loop
   vertex -1.001364013671875 -2.44116748046875 103.0
   vertex -1.06625146484375 -2.410160888671875 103.0
   vertex -1.013489013671875 -2.450707763671875 103.0
  endloop
 endfacet
 facet normal 0.0 0.0 1.0
  outer loop
   vertex -1.013489013671875 -2.450707763671875 103.0
   vertex -1.06625146484375 -2.410160888671875 103.0
   vertex -1.0677052001953125 -2.42427978515625 103.0
  endloop
 endfacet
 facet normal 0.0 0.0 1.0
  outer loop
   vertex -0.9875370483398438 -2.4279013671875003 103.0
   vertex -1.0626253662109375 -2.392968017578125 103.0
   vertex -1.001364013671875 -2.44116748046875 103.0
  endloop
 endfacet
 facet normal 0.0 0.0 1.0
  outer loop
   vertex -1.001364013671875 -2.44116748046875 103.0
   vertex -1.0626253662109375 -2.392968017578125 103.0
   vertex -1.06625146484375 -2.410160888671875 103.0
  endloop
 endfacet
 facet normal 0.0 0.0 1.0
  outer loop
   vertex -0.9720658569335938 -2.410422119140625 103.0
   vertex -1.0558065185546874 -2.37065771484375 103.0
   vertex -0.9875370483398438 -2.4279013671875003 103.0
  endloop
 endfacet
 facet normal 0.0 0.0 1.0
  outer loop
   vertex -0.9875370483398438 -2.4279013671875003 103.0
   vertex -1.0558065185546874 -2.37065771484375 103.0
   vertex -1.0626253662109375 -2.392968017578125 103.0
  endloop
 endfacet
 facet normal 0.0 0.0 1.0
  outer loop
   vertex -0.9553263549804688 -2.388622802734375 103.0
   vertex -1.0456163330078125 -2.344725341796875 103.0
   vertex -0.9720658569335938 -2.410422119140625 103.0
  endloop
 endfacet
 facet normal 0.0 0.0 1.0
  outer loop
   vertex -0.9720658569335938 -2.410422119140625 103.0
   vertex -1.0456163330078125 -2.344725341796875 103.0
   vertex -1.0558065185546874 -2.37065771484375 103.0
  endloop
 endfacet
 facet normal 0.0 0.0 1.0
  outer loop
   vertex -0.9372613525390625 -2.361960205078125 103.0
   vertex -1.031780029296875 -2.31527734375 103.0
   vertex -0.9553263549804688 -2.388622802734375 103.0
  endloop
 endfacet
 facet normal 0.0 0.0 1.0
  outer loop
   vertex -0.9553263549804688 -2.388622802734375 103.0
   vertex -1.031780029296875 -2.31527734375 103.0
   vertex -1.0456163330078125 -2.344725341796875 103.0
  endloop
 endfacet
 facet normal 0.0 0.0 1.0
  outer loop
   vertex -0.9036275634765625 -2.304134521484375 103.0
   vertex -0.9346950073242187 -2.2519716796875002 103.0
   vertex -0.917992919921875 -2.33009375 103.0
  endloop
 endfacet
 facet normal 0.0 0.0 1.0
  outer loop
   vertex -0.889979248046875 -2.277788330078125 103.0
   vertex -0.9346950073242187 -2.2519716796875002 103.0
   vertex -0.9036275634765625 -2.304134521484375 103.0
  endloop
 endfacet
 facet normal 0.0 0.0 1.0
  outer loop
   vertex -0.917992919921875 -2.33009375 103.0
   vertex -1.013728515625 -2.2818200683593752 103.0
   vertex -0.9372613525390625 -2.361960205078125 103.0
  endloop
 endfacet
 facet normal 0.0 0.0 1.0
  outer loop
   vertex -0.9385250854492188 -2.249563232421875 103.0
   vertex -1.013728515625 -2.2818200683593752 103.0
   vertex -0.9346950073242187 -2.2519716796875002 103.0
  endloop
 endfacet
 facet normal 0.0 0.0 1.0
  outer loop
   vertex -0.9346950073242187 -2.2519716796875002 103.0
   vertex -1.013728515625 -2.2818200683593752 103.0
   vertex -0.917992919921875 -2.33009375 103.0
  endloop
 endfacet
 facet normal 0.0 0.0 1.0
  outer loop
   vertex -0.9372613525390625 -2.361960205078125 103.0
   vertex -1.013728515625 -2.2818200683593752 103.0
   vertex -1.031780029296875 -2.31527734375 103.0
  endloop
 endfacet
 facet normal 0.0 0.0 1.0
  outer loop
   vertex -0.942162841796875 -2.246873291015625 103.0
   vertex -0.9925029907226562 -2.2465107421875 103.0
   vertex -0.9385250854492188 -2.249563232421875 103.0
  endloop
 endfacet
 facet normal 0.0 0.0 1.0
  outer loop
   vertex -0.9455875244140626 -2.243916748046875 103.0
   vertex -0.9925029907226562 -2.2465107421875 103.0
   vertex -0.942162841796875 -2.246873291015625 103.0
  endloop
 endfacet
 facet normal 0.0 0.0 1.0
  outer loop
   vertex -0.9487796630859375 -2.2407106933593752 103.0
   vertex -0.9925029907226562 -2.2465107421875 103.0
   vertex -0.9455875244140626 -2.243916748046875 103.0
  endloop
 endfacet
 facet normal 0.0 0.0 1.0
  outer loop
   vertex -0.95172119140625 -2.2372731933593752 103.0
   vertex -0.9925029907226562 -2.2465107421875 103.0
   vertex -0.9487796630859375 -2.2407106933593752 103.0
  endloop
 endfacet
 facet normal 0.0 0.0 1.0
  outer loop
   vertex -0.9543953247070313 -2.233623779296875 103.0
   vertex -0.9925029907226562 -2.2465107421875 103.0
   vertex -0.95172119140625 -2.2372731933593752 103.0
  endloop
 endfacet
 facet normal 0.0 0.0 1.0
  outer loop
   vertex -0.9567868652343751 -2.2297832031250002 103.0
   vertex -0.9925029907226562 -2.2465107421875 103.0
   vertex -0.9543953247070313 -2.233623779296875 103.0
  endloop
 endfacet
 facet normal 0.0 0.0 1.0
  outer loop
   vertex -0.9385250854492188 -2.249563232421875 103.0
   vertex -0.9925029907226562 -2.2465107421875 103.0
   vertex -1.013728515625 -2.2818200683593752 103.0
  endloop
 endfacet
 facet normal 0.0 0.0 1.0
  outer loop
   vertex -0.9567868652343751 -2.2297832031250002 103.0
   vertex -0.9588822021484376 -2.2257734375 103.0
   vertex -0.9925029907226562 -2.2465107421875 103.0
  endloop
 endfacet
 facet normal 0.0 0.0 1.0
  outer loop
   vertex -0.9588822021484376 -2.2257734375 103.0
   vertex -0.96066943359375 -2.2216171875 103.0
   vertex -0.9925029907226562 -2.2465107421875 103.0
  endloop
 endfacet
 facet normal 0.0 0.0 1.0
  outer loop
   vertex -0.96066943359375 -2.2216171875 103.0
   vertex -0.962138427734375 -2.217337890625 103.0
   vertex -0.9925029907226562 -2.2465107421875 103.0
  endloop
 endfacet
 facet normal 0.0 0.0 1.0
  outer loop
   vertex -0.962138427734375 -2.217337890625 103.0
   vertex -0.9632808227539063 -2.212960205078125 103.0
   vertex -0.9925029907226562 -2.2465107421875 103.0
  endloop
 endfacet
 facet normal 0.0 0.0 1.0
  outer loop
   vertex -0.9632808227539063 -2.212960205078125 103.0
   vertex -0.964090087890625 -2.208509033203125 103.0
   vertex -0.9925029907226562 -2.2465107421875 103.0
  endloop
 endfacet
 facet normal 0.0 0.0 1.0
  outer loop
   vertex -0.964090087890625 -2.208509033203125 103.0
   vertex -0.9645615844726563 -2.20400927734375 103.0
   vertex -0.9925029907226562 -2.2465107421875 103.0
  endloop
 endfacet
 facet normal 0.0 0.0 -1.0
  outer loop
   vertex -0.950060302734375 -2.1831552734375 103.0
   vertex -0.9645615844726563 -2.20400927734375 103.0
   vertex -0.9646838989257813 -2.1988525390625 103.0
  endloop
 endfacet
 facet normal 0.0 0.0 -1.0
  outer loop
   vertex -0.950060302734375 -2.1831552734375 103.0
   vertex -0.9646838989257813 -2.1988525390625 103.0
   vertex -0.96436279296875 -2.193704345703125 103.0
  endloop
 endfacet
 facet normal 0.0 -0.0 -1.0
  outer loop
   vertex -0.9636007080078125 -2.18860302734375 103.0
   vertex -0.950060302734375 -2.1831552734375 103.0
   vertex -0.96436279296875 -2.193704345703125 103.0
  endloop
 endfacet
 facet normal 0.0 -0.0 -1.0
  outer loop
   vertex -0.9624032592773438 -2.183585693359375 103.0
   vertex -0.950060302734375 -2.1831552734375 103.0
   vertex -0.9636007080078125 -2.18860302734375 103.0
  endloop
 endfacet
 facet normal 0.0 -0.0 -1.0
  outer loop
   vertex -0.9607793579101562 -2.17868994140625 103.0
   vertex -0.950060302734375 -2.1831552734375 103.0
   vertex -0.9624032592773438 -2.183585693359375 103.0
  endloop
 endfacet
 facet normal 0.0 -0.0 -1.0
  outer loop
   vertex -0.9587409057617188 -2.17395166015625 103.0
   vertex -0.950060302734375 -2.1831552734375 103.0
   vertex -0.9607793579101562 -2.17868994140625 103.0
  endloop
 endfacet
 facet normal 0.0 -0.0 -1.0
  outer loop
   vertex -0.9563030395507812 -2.169406005859375 103.0
   vertex -0.950060302734375 -2.1831552734375 103.0
   vertex -0.9587409057617188 -2.17395166015625 103.0
  endloop
 endfacet
 facet normal 0.0 0.0 -1.0
  outer loop
   vertex -0.9534837646484375 -2.16508642578125 103.0
   vertex -0.9352643432617188 -2.162509765625 103.0
   vertex -0.950060302734375 -2.1831552734375 103.0
  endloop
 endfacet
 facet normal 0.0 -0.0 -1.0
  outer loop
   vertex -0.9534837646484375 -2.16508642578125 103.0
   vertex -0.950060302734375 -2.1831552734375 103.0
   vertex -0.9563030395507812 -2.169406005859375 103.0
  endloop
 endfacet
 facet normal 0.0 -0.0 -1.0
  outer loop
   vertex -0.950303955078125 -2.161025146484375 103.0
   vertex -0.9352643432617188 -2.162509765625 103.0
   vertex -0.9534837646484375 -2.16508642578125 103.0
  endloop
 endfacet
 facet normal 0.0 -0.0 -1.0
  outer loop
   vertex -0.9467869873046875 -2.1572517089843752 103.0
   vertex -0.9352643432617188 -2.162509765625 103.0
   vertex -0.950303955078125 -2.161025146484375 103.0
  endloop
 endfacet
 facet normal 0.0 -0.0 -1.0
  outer loop
   vertex -0.9251318359375 -2.143597900390625 103.0
   vertex -0.9202111206054687 -2.142051025390625 103.0
   vertex -0.9352643432617188 -2.162509765625 103.0
  endloop
 endfacet
 facet normal 0.0 -0.0 -1.0
  outer loop
   vertex -0.942958984375 -2.153794677734375 103.0
   vertex -0.9352643432617188 -2.162509765625 103.0
   vertex -0.9467869873046875 -2.1572517089843752 103.0
  endloop
 endfacet
 facet normal 0.0 -0.0 -1.0
  outer loop
   vertex -0.9299015502929687 -2.1455615234375 103.0
   vertex -0.9251318359375 -2.143597900390625 103.0
   vertex -0.9352643432617188 -2.162509765625 103.0
  endloop
 endfacet
 facet normal 0.0 -0.0 -1.0
  outer loop
   vertex -0.93884814453125 -2.150678955078125 103.0
   vertex -0.9352643432617188 -2.162509765625 103.0
   vertex -0.942958984375 -2.153794677734375 103.0
  endloop
 endfacet
 facet normal 0.0 -0.0 -1.0
  outer loop
   vertex -0.9344849243164063 -2.147927734375 103.0
   vertex -0.9299015502929687 -2.1455615234375 103.0
   vertex -0.9352643432617188 -2.162509765625 103.0
  endloop
 endfacet
 facet normal 0.0 0.0 -1.0
  outer loop
   vertex -0.9344849243164063 -2.147927734375 103.0
   vertex -0.9352643432617188 -2.162509765625 103.0
   vertex -0.93884814453125 -2.150678955078125 103.0
  endloop
 endfacet
 facet normal 0.0 0.0 1.0
  outer loop
   vertex 0.5061495971679688 -4.6386396484375005 102.97
   vertex 0.48980868530273436 -4.6134765625 102.97
   vertex 0.49954675292968753 -4.64226953125 102.97
  endloop
 endfacet
 facet normal 0.0 0.0 1.0
  outer loop
   vertex 0.49954675292968753 -4.64226953125 102.97
   vertex 0.48648843383789064 -4.6152568359375 102.97
   vertex 0.492541015625 -4.64504345703125 102.97
  endloop
 endfacet
 facet normal 0.0 0.0 1.0
  outer loop
   vertex 0.48980868530273436 -4.6134765625 102.97
   vertex 0.48648843383789064 -4.6152568359375 102.97
   vertex 0.49954675292968753 -4.64226953125 102.97
  endloop
 endfacet
 facet normal 0.0 0.0 1.0
  outer loop
   vertex 0.5122454223632813 -4.6342109375 102.97
   vertex 0.4928796081542969 -4.61129443359375 102.97
   vertex 0.5061495971679688 -4.6386396484375005 102.97
  endloop
 endfacet
 facet normal 0.0 0.0 1.0
  outer loop
   vertex 0.5061495971679688 -4.6386396484375005 102.97
   vertex 0.4928796081542969 -4.61129443359375 102.97
   vertex 0.48980868530273436 -4.6134765625 102.97
  endloop
 endfacet
 facet normal 0.0 0.0 1.0
  outer loop
   vertex 0.492541015625 -4.64504345703125 102.97
   vertex 0.48297122192382813 -4.61660693359375 102.97
   vertex 0.4852428894042969 -4.6469169921875 102.97
  endloop
 endfacet
 facet normal 0.0 0.0 1.0
  outer loop
   vertex 0.48648843383789064 -4.6152568359375 102.97
   vertex 0.48297122192382813 -4.61660693359375 102.97
   vertex 0.492541015625 -4.64504345703125 102.97
  endloop
 endfacet
 facet normal 0.0 0.0 1.0
  outer loop
   vertex 0.5177380981445313 -4.6290527343750005 102.97
   vertex 0.49565280151367186 -4.608744140625 102.97
   vertex 0.5122454223632813 -4.6342109375 102.97
  endloop
 endfacet
 facet normal 0.0 0.0 1.0
  outer loop
   vertex 0.5122454223632813 -4.6342109375 102.97
   vertex 0.49565280151367186 -4.608744140625 102.97
   vertex 0.4928796081542969 -4.61129443359375 102.97
  endloop
 endfacet
 facet normal 0.0 0.0 1.0
  outer loop
   vertex 0.4852428894042969 -4.6469169921875 102.97
   vertex 0.47931253051757816 -4.617505859375 102.97
   vertex 0.4777674255371094 -4.647861328125 102.97
  endloop
 endfacet
 facet normal 0.0 0.0 1.0
  outer loop
   vertex 0.48297122192382813 -4.61660693359375 102.97
   vertex 0.47931253051757816 -4.617505859375 102.97
   vertex 0.4852428894042969 -4.6469169921875 102.97
  endloop
 endfacet
 facet normal 0.0 0.0 1.0
  outer loop
   vertex 0.522541015625 -4.6232470703125 102.97
   vertex 0.49808453369140626 -4.60586669921875 102.97
   vertex 0.5177380981445313 -4.6290527343750005 102.97
  endloop
 endfacet
 facet normal 0.0 0.0 1.0
  outer loop
   vertex 0.5177380981445313 -4.6290527343750005 102.97
   vertex 0.49808453369140626 -4.60586669921875 102.97
   vertex 0.49565280151367186 -4.608744140625 102.97
  endloop
 endfacet
 facet normal 0.0 0.0 1.0
  outer loop
   vertex 0.4777674255371094 -4.647861328125 102.97
   vertex 0.475570068359375 -4.61793896484375 102.97
   vertex 0.47023257446289063 -4.647861328125 102.97
  endloop
 endfacet
 facet normal 0.0 0.0 1.0
  outer loop
   vertex 0.47931253051757816 -4.617505859375 102.97
   vertex 0.475570068359375 -4.61793896484375 102.97
   vertex 0.4777674255371094 -4.647861328125 102.97
  endloop
 endfacet
 facet normal 0.0 0.0 1.0
  outer loop
   vertex 0.5265784301757812 -4.61688525390625 102.97
   vertex 0.5001364135742188 -4.6027070312500005 102.97
   vertex 0.522541015625 -4.6232470703125 102.97
  endloop
 endfacet
 facet normal 0.0 0.0 1.0
  outer loop
   vertex 0.522541015625 -4.6232470703125 102.97
   vertex 0.5001364135742188 -4.6027070312500005 102.97
   vertex 0.49808453369140626 -4.60586669921875 102.97
  endloop
 endfacet
 facet normal 0.0 -0.0 1.0
  outer loop
   vertex 0.47023257446289063 -4.647861328125 102.97
   vertex 0.4718028564453125 -4.6178994140625 102.97
   vertex 0.4627571105957031 -4.6469169921875 102.97
  endloop
 endfacet
 facet normal 0.0 0.0 1.0
  outer loop
   vertex 0.475570068359375 -4.61793896484375 102.97
   vertex 0.4718028564453125 -4.6178994140625 102.97
   vertex 0.47023257446289063 -4.647861328125 102.97
  endloop
 endfacet
 facet normal 0.0 0.0 1.0
  outer loop
   vertex 0.5297865600585938 -4.6100673828125 102.97
   vertex 0.501776123046875 -4.59931494140625 102.97
   vertex 0.5265784301757812 -4.61688525390625 102.97
  endloop
 endfacet
 facet normal 0.0 0.0 1.0
  outer loop
   vertex 0.5265784301757812 -4.61688525390625 102.97
   vertex 0.501776123046875 -4.59931494140625 102.97
   vertex 0.5001364135742188 -4.6027070312500005 102.97
  endloop
 endfacet
 facet normal 0.0 -0.0 1.0
  outer loop
   vertex 0.4627571105957031 -4.6469169921875 102.97
   vertex 0.4680702819824219 -4.61738818359375 102.97
   vertex 0.455458984375 -4.64504345703125 102.97
  endloop
 endfacet
 facet normal 0.0 0.0 1.0
  outer loop
   vertex 0.4718028564453125 -4.6178994140625 102.97
   vertex 0.4680702819824219 -4.61738818359375 102.97
   vertex 0.4627571105957031 -4.6469169921875 102.97
  endloop
 endfacet
 facet normal 0.0 0.0 1.0
  outer loop
   vertex 0.532114990234375 -4.6029013671875 102.97
   vertex 0.502977783203125 -4.5957446289062505 102.97
   vertex 0.5297865600585938 -4.6100673828125 102.97
  endloop
 endfacet
 facet normal 0.0 0.0 1.0
  outer loop
   vertex 0.5297865600585938 -4.6100673828125 102.97
   vertex 0.502977783203125 -4.5957446289062505 102.97
   vertex 0.501776123046875 -4.59931494140625 102.97
  endloop
 endfacet
 facet normal 0.0 -0.0 1.0
  outer loop
   vertex 0.455458984375 -4.64504345703125 102.97
   vertex 0.46443121337890625 -4.6164130859375 102.97
   vertex 0.44845324707031253 -4.64226953125 102.97
  endloop
 endfacet
 facet normal 0.0 0.0 1.0
  outer loop
   vertex 0.4680702819824219 -4.61738818359375 102.97
   vertex 0.46443121337890625 -4.6164130859375 102.97
   vertex 0.455458984375 -4.64504345703125 102.97
  endloop
 endfacet
 facet normal 0.0 0.0 1.0
  outer loop
   vertex 0.53352685546875 -4.5955 102.97
   vertex 0.5037224426269531 -4.59205126953125 102.97
   vertex 0.532114990234375 -4.6029013671875 102.97
  endloop
 endfacet
 facet normal 0.0 0.0 1.0
  outer loop
   vertex 0.532114990234375 -4.6029013671875 102.97
   vertex 0.5037224426269531 -4.59205126953125 102.97
   vertex 0.502977783203125 -4.5957446289062505 102.97
  endloop
 endfacet
 facet normal 0.0 -0.0 1.0
  outer loop
   vertex 0.44845324707031253 -4.64226953125 102.97
   vertex 0.46094305419921877 -4.6149892578125 102.97
   vertex 0.44185040283203125 -4.6386396484375005 102.97
  endloop
 endfacet
 facet normal 0.0 0.0 1.0
  outer loop
   vertex 0.46443121337890625 -4.6164130859375 102.97
   vertex 0.46094305419921877 -4.6149892578125 102.97
   vertex 0.44845324707031253 -4.64226953125 102.97
  endloop
 endfacet
 facet normal 0.0 0.0 1.0
  outer loop
   vertex 0.534 -4.58797998046875 102.97
   vertex 0.5039983520507813 -4.5882939453125005 102.97
   vertex 0.53352685546875 -4.5955 102.97
  endloop
 endfacet
 facet normal 0.0 0.0 1.0
  outer loop
   vertex 0.53352685546875 -4.5955 102.97
   vertex 0.5039983520507813 -4.5882939453125005 102.97
   vertex 0.5037224426269531 -4.59205126953125 102.97
  endloop
 endfacet
 facet normal 0.0 -0.0 1.0
  outer loop
   vertex 0.44185040283203125 -4.6386396484375005 102.97
   vertex 0.4576608276367188 -4.61314013671875 102.97
   vertex 0.43575454711914063 -4.6342109375 102.97
  endloop
 endfacet
 facet normal 0.0 0.0 1.0
  outer loop
   vertex 0.46094305419921877 -4.6149892578125 102.97
   vertex 0.4576608276367188 -4.61314013671875 102.97
   vertex 0.44185040283203125 -4.6386396484375005 102.97
  endloop
 endfacet
 facet normal 0.0 0.0 1.0
  outer loop
   vertex 0.534 -4.58797998046875 102.97
   vertex 0.5038011779785156 -4.5845317382812505 102.97
   vertex 0.5039983520507813 -4.5882939453125005 102.97
  endloop
 endfacet
 facet normal 0.0 0.0 1.0
  outer loop
   vertex 0.4576608276367188 -4.61314013671875 102.97
   vertex 0.45463626098632814 -4.6108935546875 102.97
   vertex 0.43575454711914063 -4.6342109375 102.97
  endloop
 endfacet
 facet normal 0.0 -0.0 1.0
  outer loop
   vertex 0.43575454711914063 -4.6342109375 102.97
   vertex 0.45463626098632814 -4.6108935546875 102.97
   vertex 0.4302618713378906 -4.6290527343750005 102.97
  endloop
 endfacet
 facet normal 0.0 0.0 1.0
  outer loop
   vertex 0.534 -4.58797998046875 102.97
   vertex 0.503134033203125 -4.58082373046875 102.97
   vertex 0.5038011779785156 -4.5845317382812505 102.97
  endloop
 endfacet
 facet normal 0.0 0.0 1.0
  outer loop
   vertex 0.45463626098632814 -4.6108935546875 102.97
   vertex 0.45191708374023437 -4.6082861328125 102.97
   vertex 0.4302618713378906 -4.6290527343750005 102.97
  endloop
 endfacet
 facet normal 0.0 0.0 1.0
  outer loop
   vertex 0.45191708374023437 -4.6082861328125 102.97
   vertex 0.425458984375 -4.6232470703125 102.97
   vertex 0.4302618713378906 -4.6290527343750005 102.97
  endloop
 endfacet
 facet normal 0.0 0.0 1.0
  outer loop
   vertex 0.534 -4.58797998046875 102.97
   vertex 0.5020074157714843 -4.57722900390625 102.97
   vertex 0.503134033203125 -4.58082373046875 102.97
  endloop
 endfacet
 facet normal 0.0 0.0 1.0
  outer loop
   vertex 0.45191708374023437 -4.6082861328125 102.97
   vertex 0.44954617309570316 -4.6053583984375 102.97
   vertex 0.425458984375 -4.6232470703125 102.97
  endloop
 endfacet
 facet normal 0.0 0.0 1.0
  outer loop
   vertex 0.534 -4.58797998046875 102.97
   vertex 0.5004391174316406 -4.57380322265625 102.97
   vertex 0.5020074157714843 -4.57722900390625 102.97
  endloop
 endfacet
 facet normal 0.0 0.0 1.0
  outer loop
   vertex 0.44954617309570316 -4.6053583984375 102.97
   vertex 0.4214216003417969 -4.61688525390625 102.97
   vertex 0.425458984375 -4.6232470703125 102.97
  endloop
 endfacet
 facet normal 0.0 0.0 1.0
  outer loop
   vertex 0.4475608825683594 -4.60215625 102.97
   vertex 0.4214216003417969 -4.61688525390625 102.97
   vertex 0.44954617309570316 -4.6053583984375 102.97
  endloop
 endfacet
 facet normal 0.0 0.0 1.0
  outer loop
   vertex 0.534 -4.58797998046875 102.97
   vertex 0.4984538269042969 -4.5706015625 102.97
   vertex 0.5004391174316406 -4.57380322265625 102.97
  endloop
 endfacet
 facet normal 0.0 0.0 1.0
  outer loop
   vertex 0.534 -4.58797998046875 102.97
   vertex 0.49608291625976564 -4.567673828125 102.97
   vertex 0.4984538269042969 -4.5706015625 102.97
  endloop
 endfacet
 facet normal 0.0 0.0 1.0
  outer loop
   vertex 0.4475608825683594 -4.60215625 102.97
   vertex 0.4182134094238281 -4.6100673828125 102.97
   vertex 0.4214216003417969 -4.61688525390625 102.97
  endloop
 endfacet
 facet normal 0.0 0.0 1.0
  outer loop
   vertex 0.4459925842285156 -4.5987309570312505 102.97
   vertex 0.4182134094238281 -4.6100673828125 102.97
   vertex 0.4475608825683594 -4.60215625 102.97
  endloop
 endfacet
 facet normal 0.0 0.0 1.0
  outer loop
   vertex 0.534 -4.58797998046875 102.97
   vertex 0.49336373901367186 -4.5650659179687505 102.97
   vertex 0.49608291625976564 -4.567673828125 102.97
  endloop
 endfacet
 facet normal 0.0 0.0 1.0
  outer loop
   vertex 0.534 -4.58797998046875 102.97
   vertex 0.4903391723632813 -4.56281982421875 102.97
   vertex 0.49336373901367186 -4.5650659179687505 102.97
  endloop
 endfacet
 facet normal 0.0 0.0 1.0
  outer loop
   vertex 0.444865966796875 -4.5951357421875 102.97
   vertex 0.41588500976562504 -4.6029013671875 102.97
   vertex 0.4459925842285156 -4.5987309570312505 102.97
  endloop
 endfacet
 facet normal 0.0 0.0 1.0
  outer loop
   vertex 0.4459925842285156 -4.5987309570312505 102.97
   vertex 0.41588500976562504 -4.6029013671875 102.97
   vertex 0.4182134094238281 -4.6100673828125 102.97
  endloop
 endfacet
 facet normal 0.0 0.0 1.0
  outer loop
   vertex 0.44419882202148436 -4.59142822265625 102.97
   vertex 0.4144731140136719 -4.5955 102.97
   vertex 0.444865966796875 -4.5951357421875 102.97
  endloop
 endfacet
 facet normal 0.0 0.0 1.0
  outer loop
   vertex 0.444865966796875 -4.5951357421875 102.97
   vertex 0.4144731140136719 -4.5955 102.97
   vertex 0.41588500976562504 -4.6029013671875 102.97
  endloop
 endfacet
 facet normal 0.0 0.0 1.0
  outer loop
   vertex 0.44400164794921876 -4.58766552734375 102.97
   vertex 0.41400000000000003 -4.58797998046875 102.97
   vertex 0.44419882202148436 -4.59142822265625 102.97
  endloop
 endfacet
 facet normal 0.0 0.0 1.0
  outer loop
   vertex 0.44427755737304686 -4.5839082031250005 102.97
   vertex 0.41400000000000003 -4.58797998046875 102.97
   vertex 0.44400164794921876 -4.58766552734375 102.97
  endloop
 endfacet
 facet normal 0.0 0.0 1.0
  outer loop
   vertex 0.44502221679687504 -4.58021533203125 102.97
   vertex 0.41400000000000003 -4.58797998046875 102.97
   vertex 0.44427755737304686 -4.5839082031250005 102.97
  endloop
 endfacet
 facet normal 0.0 0.0 1.0
  outer loop
   vertex 0.44419882202148436 -4.59142822265625 102.97
   vertex 0.41400000000000003 -4.58797998046875 102.97
   vertex 0.4144731140136719 -4.5955 102.97
  endloop
 endfacet
 facet normal 0.0 0.0 1.0
  outer loop
   vertex 0.446223876953125 -4.57664453125 102.97
   vertex 0.41400000000000003 -4.58797998046875 102.97
   vertex 0.44502221679687504 -4.58021533203125 102.97
  endloop
 endfacet
 facet normal 0.0 0.0 1.0
  outer loop
   vertex 0.4478635864257813 -4.5732529296875 102.97
   vertex 0.41400000000000003 -4.58797998046875 102.97
   vertex 0.446223876953125 -4.57664453125 102.97
  endloop
 endfacet
 facet normal 0.0 0.0 1.0
  outer loop
   vertex 0.44991546630859375 -4.57009326171875 102.97
   vertex 0.41400000000000003 -4.58797998046875 102.97
   vertex 0.4478635864257813 -4.5732529296875 102.97
  endloop
 endfacet
 facet normal 0.0 0.0 1.0
  outer loop
   vertex 0.45234719848632815 -4.5672158203125 102.97
   vertex 0.41400000000000003 -4.58797998046875 102.97
   vertex 0.44991546630859375 -4.57009326171875 102.97
  endloop
 endfacet
 facet normal 0.0 0.0 1.0
  outer loop
   vertex 0.45512039184570313 -4.56466552734375 102.97
   vertex 0.41400000000000003 -4.58797998046875 102.97
   vertex 0.45234719848632815 -4.5672158203125 102.97
  endloop
 endfacet
 facet normal 0.0 0.0 1.0
  outer loop
   vertex 0.45819131469726565 -4.56248291015625 102.97
   vertex 0.41400000000000003 -4.58797998046875 102.97
   vertex 0.45512039184570313 -4.56466552734375 102.97
  endloop
 endfacet
 facet normal 0.0 -0.0 1.0
  outer loop
   vertex 0.4761971435546875 -4.558060546875 102.97
   vertex 0.534 -3.133477294921875 102.97
   vertex 0.472429931640625 -4.55802099609375 102.97
  endloop
 endfacet
 facet normal 0.0 -0.0 1.0
  outer loop
   vertex 0.4799297180175781 -4.55857177734375 102.97
   vertex 0.534 -3.133477294921875 102.97
   vertex 0.4761971435546875 -4.558060546875 102.97
  endloop
 endfacet
 facet normal 0.0 -0.0 1.0
  outer loop
   vertex 0.48356878662109376 -4.559546875 102.97
   vertex 0.534 -3.133477294921875 102.97
   vertex 0.4799297180175781 -4.55857177734375 102.97
  endloop
 endfacet
 facet normal 0.0 -0.0 1.0
  outer loop
   vertex 0.48705694580078124 -4.56097021484375 102.97
   vertex 0.534 -3.133477294921875 102.97
   vertex 0.48356878662109376 -4.559546875 102.97
  endloop
 endfacet
 facet normal 0.0 -0.0 1.0
  outer loop
   vertex 0.4903391723632813 -4.56281982421875 102.97
   vertex 0.534 -3.133477294921875 102.97
   vertex 0.48705694580078124 -4.56097021484375 102.97
  endloop
 endfacet
 facet normal 0.0 0.0 1.0
  outer loop
   vertex 0.534 -3.133477294921875 102.97
   vertex 0.41400000000000003 -3.133477294921875 102.97
   vertex 0.472429931640625 -4.55802099609375 102.97
  endloop
 endfacet
 facet normal 0.0 0.0 1.0
  outer loop
   vertex 0.46151156616210937 -4.56070263671875 102.97
   vertex 0.41400000000000003 -3.133477294921875 102.97
   vertex 0.45819131469726565 -4.56248291015625 102.97
  endloop
 endfacet
 facet normal 0.0 0.0 1.0
  outer loop
   vertex 0.4650287780761719 -4.5593525390625 102.97
   vertex 0.41400000000000003 -3.133477294921875 102.97
   vertex 0.46151156616210937 -4.56070263671875 102.97
  endloop
 endfacet
 facet normal 0.0 0.0 1.0
  outer loop
   vertex 0.4686874694824219 -4.5584541015625 102.97
   vertex 0.41400000000000003 -3.133477294921875 102.97
   vertex 0.4650287780761719 -4.5593525390625 102.97
  endloop
 endfacet
 facet normal 0.0 0.0 1.0
  outer loop
   vertex 0.472429931640625 -4.55802099609375 102.97
   vertex 0.41400000000000003 -3.133477294921875 102.97
   vertex 0.4686874694824219 -4.5584541015625 102.97
  endloop
 endfacet
 facet normal 0.0 0.0 1.0
  outer loop
   vertex 0.5563330078125001 -3.121384521484375 102.97
   vertex 0.5056173400878906 -3.04699365234375 102.97
   vertex 0.5454229125976563 -3.127904296875 102.97
  endloop
 endfacet
 facet normal 0.0 0.0 1.0
  outer loop
   vertex 0.5056173400878906 -3.04699365234375 102.97
   vertex 0.4989768371582031 -3.05055419921875 102.97
   vertex 0.5454229125976563 -3.127904296875 102.97
  endloop
 endfacet
 facet normal 0.0 0.0 1.0
  outer loop
   vertex 0.5454229125976563 -3.127904296875 102.97
   vertex 0.4989768371582031 -3.05055419921875 102.97
   vertex 0.534 -3.133477294921875 102.97
  endloop
 endfacet
 facet normal 0.0 0.0 1.0
  outer loop
   vertex 0.5563330078125001 -3.121384521484375 102.97
   vertex 0.5117592163085938 -3.042628662109375 102.97
   vertex 0.5056173400878906 -3.04699365234375 102.97
  endloop
 endfacet
 facet normal 0.0 0.0 1.0
  outer loop
   vertex 0.5763057861328125 -3.105697509765625 102.97
   vertex 0.5117592163085938 -3.042628662109375 102.97
   vertex 0.5666519775390625 -3.11396435546875 102.97
  endloop
 endfacet
 facet normal 0.0 0.0 1.0
  outer loop
   vertex 0.5666519775390625 -3.11396435546875 102.97
   vertex 0.5117592163085938 -3.042628662109375 102.97
   vertex 0.5563330078125001 -3.121384521484375 102.97
  endloop
 endfacet
 facet normal 0.0 0.0 1.0
  outer loop
   vertex 0.4989768371582031 -3.05055419921875 102.97
   vertex 0.4919424438476563 -3.0532543945312502 102.97
   vertex 0.534 -3.133477294921875 102.97
  endloop
 endfacet
 facet normal 0.0 0.0 1.0
  outer loop
   vertex 0.5763057861328125 -3.105697509765625 102.97
   vertex 0.5173056030273437 -3.037528564453125 102.97
   vertex 0.5117592163085938 -3.042628662109375 102.97
  endloop
 endfacet
 facet normal 0.0 0.0 1.0
  outer loop
   vertex 0.58522509765625 -3.096642822265625 102.97
   vertex 0.5173056030273437 -3.037528564453125 102.97
   vertex 0.5763057861328125 -3.105697509765625 102.97
  endloop
 endfacet
 facet normal 0.0 0.0 1.0
  outer loop
   vertex 0.4919424438476563 -3.0532543945312502 102.97
   vertex 0.48462509155273437 -3.0550517578125 102.97
   vertex 0.534 -3.133477294921875 102.97
  endloop
 endfacet
 facet normal 0.0 0.0 1.0
  outer loop
   vertex 0.58522509765625 -3.096642822265625 102.97
   vertex 0.5221690673828125 -3.0317734375 102.97
   vertex 0.5173056030273437 -3.037528564453125 102.97
  endloop
 endfacet
 facet normal 0.0 0.0 1.0
  outer loop
   vertex 0.6006097412109375 -3.076436279296875 102.97
   vertex 0.5221690673828125 -3.0317734375 102.97
   vertex 0.5933458251953125 -3.08686572265625 102.97
  endloop
 endfacet
 facet normal 0.0 0.0 1.0
  outer loop
   vertex 0.5933458251953125 -3.08686572265625 102.97
   vertex 0.5221690673828125 -3.0317734375 102.97
   vertex 0.58522509765625 -3.096642822265625 102.97
  endloop
 endfacet
 facet normal 0.0 0.0 1.0
  outer loop
   vertex 0.48462509155273437 -3.0550517578125 102.97
   vertex 0.4771401672363281 -3.055917724609375 102.97
   vertex 0.534 -3.133477294921875 102.97
  endloop
 endfacet
 facet normal 0.0 0.0 1.0
  outer loop
   vertex 0.534 -3.133477294921875 102.97
   vertex 0.4771401672363281 -3.055917724609375 102.97
   vertex 0.41400000000000003 -3.133477294921875 102.97
  endloop
 endfacet
 facet normal 0.0 0.0 1.0
  outer loop
   vertex 0.6006097412109375 -3.076436279296875 102.97
   vertex 0.5262728271484375 -3.025454345703125 102.97
   vertex 0.5221690673828125 -3.0317734375 102.97
  endloop
 endfacet
 facet normal 0.0 0.0 1.0
  outer loop
   vertex 0.606964599609375 -3.06542919921875 102.97
   vertex 0.5262728271484375 -3.025454345703125 102.97
   vertex 0.6006097412109375 -3.076436279296875 102.97
  endloop
 endfacet
 facet normal 0.0 0.0 1.0
  outer loop
   vertex 0.4771401672363281 -3.055917724609375 102.97
   vertex 0.469605712890625 -3.0558388671875 102.97
   vertex 0.41400000000000003 -3.133477294921875 102.97
  endloop
 endfacet
 facet normal 0.0 0.0 1.0
  outer loop
   vertex 0.606964599609375 -3.06542919921875 102.97
   vertex 0.52955224609375 -3.01867041015625 102.97
   vertex 0.5262728271484375 -3.025454345703125 102.97
  endloop
 endfacet
 facet normal 0.0 0.0 1.0
  outer loop
   vertex 0.6167717895507813 -3.0420021972656253 102.97
   vertex 0.52955224609375 -3.01867041015625 102.97
   vertex 0.6123649291992188 -3.0539235839843752 102.97
  endloop
 endfacet
 facet normal 0.0 0.0 1.0
  outer loop
   vertex 0.6123649291992188 -3.0539235839843752 102.97
   vertex 0.52955224609375 -3.01867041015625 102.97
   vertex 0.606964599609375 -3.06542919921875 102.97
  endloop
 endfacet
 facet normal 0.0 0.0 1.0
  outer loop
   vertex 0.469605712890625 -3.0558388671875 102.97
   vertex 0.46214056396484376 -3.054816162109375 102.97
   vertex 0.41400000000000003 -3.133477294921875 102.97
  endloop
 endfacet
 facet normal 0.0 0.0 1.0
  outer loop
   vertex 0.6167717895507813 -3.0420021972656253 102.97
   vertex 0.53195556640625 -3.011529052734375 102.97
   vertex 0.52955224609375 -3.01867041015625 102.97
  endloop
 endfacet
 facet normal 0.0 0.0 1.0
  outer loop
   vertex 0.6201536254882812 -3.029750732421875 102.97
   vertex 0.53195556640625 -3.011529052734375 102.97
   vertex 0.6167717895507813 -3.0420021972656253 102.97
  endloop
 endfacet
 facet normal 0.0 0.0 1.0
  outer loop
   vertex 0.46214056396484376 -3.054816162109375 102.97
   vertex 0.4548624267578125 -3.0528662109375 102.97
   vertex 0.41400000000000003 -3.133477294921875 102.97
  endloop
 endfacet
 facet normal 0.0 0.0 1.0
  outer loop
   vertex 0.6201536254882812 -3.029750732421875 102.97
   vertex 0.5334448852539062 -3.0041428222656252 102.97
   vertex 0.53195556640625 -3.011529052734375 102.97
  endloop
 endfacet
 facet normal 0.0 0.0 1.0
  outer loop
   vertex 0.623752685546875 -3.004610107421875 102.97
   vertex 0.5334448852539062 -3.0041428222656252 102.97
   vertex 0.6224862060546875 -3.0172568359375003 102.97
  endloop
 endfacet
 facet normal 0.0 0.0 1.0
  outer loop
   vertex 0.6224862060546875 -3.0172568359375003 102.97
   vertex 0.5334448852539062 -3.0041428222656252 102.97
   vertex 0.6201536254882812 -3.029750732421875 102.97
  endloop
 endfacet
 facet normal 0.0 -0.0 1.0
  outer loop
   vertex 0.41400000000000003 -3.133477294921875 102.97
   vertex 0.44788613891601564 -3.05001904296875 102.97
   vertex 0.4025771179199219 -3.127904296875 102.97
  endloop
 endfacet
 facet normal 0.0 0.0 1.0
  outer loop
   vertex 0.4548624267578125 -3.0528662109375 102.97
   vertex 0.44788613891601564 -3.05001904296875 102.97
   vertex 0.41400000000000003 -3.133477294921875 102.97
  endloop
 endfacet
 facet normal 0.0 0.0 1.0
  outer loop
   vertex 0.623752685546875 -3.004610107421875 102.97
   vertex 0.5339967041015625 -2.99662841796875 102.97
   vertex 0.5334448852539062 -3.0041428222656252 102.97
  endloop
 endfacet
 facet normal 0.0 0.0 1.0
  outer loop
   vertex 0.6239440307617188 -2.99190185546875 102.97
   vertex 0.5339967041015625 -2.99662841796875 102.97
   vertex 0.623752685546875 -3.004610107421875 102.97
  endloop
 endfacet
 facet normal 0.0 0.0 1.0
  outer loop
   vertex 1.8887396240234375 -2.2479765625 102.97
   vertex 1.8685036621093751 -2.2255068359375 102.97
   vertex 1.882695068359375 -2.2519716796875002 102.97
  endloop
 endfacet
 facet normal 0.0 0.0 1.0
  outer loop
   vertex 1.8685036621093751 -2.2255068359375 102.97
   vertex 1.8651834716796876 -2.227287109375 102.97
   vertex 1.882695068359375 -2.2519716796875002 102.97
  endloop
 endfacet
 facet normal 0.0 0.0 1.0
  outer loop
   vertex 1.8887396240234375 -2.2479765625 102.97
   vertex 1.87157470703125 -2.2233244628906252 102.97
   vertex 1.8685036621093751 -2.2255068359375 102.97
  endloop
 endfacet
 facet normal 0.0 0.0 1.0
  outer loop
   vertex 1.894258544921875 -2.2432822265625 102.97
   vertex 1.87157470703125 -2.2233244628906252 102.97
   vertex 1.8887396240234375 -2.2479765625 102.97
  endloop
 endfacet
 facet normal 0.0 0.0 1.0
  outer loop
   vertex 1.8651834716796876 -2.227287109375 102.97
   vertex 1.861666259765625 -2.22863720703125 102.97
   vertex 1.882695068359375 -2.2519716796875002 102.97
  endloop
 endfacet
 facet normal 0.0 0.0 1.0
  outer loop
   vertex 1.89917138671875 -2.237956787109375 102.97
   vertex 1.874347900390625 -2.2207744140625 102.97
   vertex 1.894258544921875 -2.2432822265625 102.97
  endloop
 endfacet
 facet normal 0.0 0.0 1.0
  outer loop
   vertex 1.894258544921875 -2.2432822265625 102.97
   vertex 1.874347900390625 -2.2207744140625 102.97
   vertex 1.87157470703125 -2.2233244628906252 102.97
  endloop
 endfacet
 facet normal 0.0 0.0 1.0
  outer loop
   vertex 1.861666259765625 -2.22863720703125 102.97
   vertex 1.858007568359375 -2.229535888671875 102.97
   vertex 1.882695068359375 -2.2519716796875002 102.97
  endloop
 endfacet
 facet normal 0.0 0.0 1.0
  outer loop
   vertex 1.903406494140625 -2.232077880859375 102.97
   vertex 1.876779541015625 -2.2178967285156252 102.97
   vertex 1.89917138671875 -2.237956787109375 102.97
  endloop
 endfacet
 facet normal 0.0 0.0 1.0
  outer loop
   vertex 1.89917138671875 -2.237956787109375 102.97
   vertex 1.876779541015625 -2.2178967285156252 102.97
   vertex 1.874347900390625 -2.2207744140625 102.97
  endloop
 endfacet
 facet normal 0.0 -0.0 1.0
  outer loop
   vertex 0.4025771179199219 -3.127904296875 102.97
   vertex 0.44132165527343753 -3.0463203125000002 102.97
   vertex 0.3916669921875 -3.121384521484375 102.97
  endloop
 endfacet
 facet normal 0.0 -0.0 1.0
  outer loop
   vertex 0.3916669921875 -3.121384521484375 102.97
   vertex 0.44132165527343753 -3.0463203125000002 102.97
   vertex 0.3813480224609375 -3.11396435546875 102.97
  endloop
 endfacet
 facet normal 0.0 0.0 1.0
  outer loop
   vertex 0.44788613891601564 -3.05001904296875 102.97
   vertex 0.44132165527343753 -3.0463203125000002 102.97
   vertex 0.4025771179199219 -3.127904296875 102.97
  endloop
 endfacet
 facet normal 0.0 0.0 1.0
  outer loop
   vertex 1.858007568359375 -2.229535888671875 102.97
   vertex 1.85426513671875 -2.229968994140625 102.97
   vertex 1.882695068359375 -2.2519716796875002 102.97
  endloop
 endfacet
 facet normal 0.0 0.0 1.0
  outer loop
   vertex 1.906902099609375 -2.225731689453125 102.97
   vertex 1.8788314208984376 -2.214737060546875 102.97
   vertex 1.903406494140625 -2.232077880859375 102.97
  endloop
 endfacet
 facet normal 0.0 0.0 1.0
  outer loop
   vertex 1.903406494140625 -2.232077880859375 102.97
   vertex 1.8788314208984376 -2.214737060546875 102.97
   vertex 1.876779541015625 -2.2178967285156252 102.97
  endloop
 endfacet
 facet normal 0.0 0.0 1.0
  outer loop
   vertex 1.85426513671875 -2.229968994140625 102.97
   vertex 1.8504979248046876 -2.2299294433593753 102.97
   vertex 1.882695068359375 -2.2519716796875002 102.97
  endloop
 endfacet
 facet normal 0.0 0.0 1.0
  outer loop
   vertex 0.6239440307617188 -2.99190185546875 102.97
   vertex 0.5336023559570313 -2.989103759765625 102.97
   vertex 0.5339967041015625 -2.99662841796875 102.97
  endloop
 endfacet
 facet normal 0.0 0.0 1.0
  outer loop
   vertex 0.623058837890625 -2.979222900390625 102.97
   vertex 0.5336023559570313 -2.989103759765625 102.97
   vertex 0.6239440307617188 -2.99190185546875 102.97
  endloop
 endfacet
 facet normal 0.0 0.0 1.0
  outer loop
   vertex 1.909607177734375 -2.219010009765625 102.97
   vertex 1.88047119140625 -2.21134521484375 102.97
   vertex 1.906902099609375 -2.225731689453125 102.97
  endloop
 endfacet
 facet normal 0.0 0.0 1.0
  outer loop
   vertex 1.906902099609375 -2.225731689453125 102.97
   vertex 1.88047119140625 -2.21134521484375 102.97
   vertex 1.8788314208984376 -2.214737060546875 102.97
  endloop
 endfacet
 facet normal 0.0 0.0 1.0
  outer loop
   vertex 1.8504979248046876 -2.2299294433593753 102.97
   vertex 1.8467652587890626 -2.229418212890625 102.97
   vertex 1.882695068359375 -2.2519716796875002 102.97
  endloop
 endfacet
 facet normal 0.0 0.0 1.0
  outer loop
   vertex 1.909607177734375 -2.219010009765625 102.97
   vertex 1.8816728515625 -2.207774658203125 102.97
   vertex 1.88047119140625 -2.21134521484375 102.97
  endloop
 endfacet
 facet normal 0.0 0.0 1.0
  outer loop
   vertex 1.911482421875 -2.212011474609375 102.97
   vertex 1.8816728515625 -2.207774658203125 102.97
   vertex 1.909607177734375 -2.219010009765625 102.97
  endloop
 endfacet
 facet normal 0.0 -0.0 1.0
  outer loop
   vertex 0.3813480224609375 -3.11396435546875 102.97
   vertex 0.4352725524902344 -3.0418278808593753 102.97
   vertex 0.3716942138671875 -3.105697509765625 102.97
  endloop
 endfacet
 facet normal 0.0 0.0 1.0
  outer loop
   vertex 0.44132165527343753 -3.0463203125000002 102.97
   vertex 0.4352725524902344 -3.0418278808593753 102.97
   vertex 0.3813480224609375 -3.11396435546875 102.97
  endloop
 endfacet
 facet normal 0.0 0.0 1.0
  outer loop
   vertex 1.8467652587890626 -2.229418212890625 102.97
   vertex 1.843126220703125 -2.228443115234375 102.97
   vertex 1.882695068359375 -2.2519716796875002 102.97
  endloop
 endfacet
 facet normal 0.0 0.0 1.0
  outer loop
   vertex 1.911482421875 -2.212011474609375 102.97
   vertex 1.8824174804687501 -2.20408154296875 102.97
   vertex 1.8816728515625 -2.207774658203125 102.97
  endloop
 endfacet
 facet normal 0.0 0.0 1.0
  outer loop
   vertex 1.91250048828125 -2.204838134765625 102.97
   vertex 1.8824174804687501 -2.20408154296875 102.97
   vertex 1.911482421875 -2.212011474609375 102.97
  endloop
 endfacet
 facet normal 0.0 0.0 1.0
  outer loop
   vertex 1.843126220703125 -2.228443115234375 102.97
   vertex 1.8396380615234376 -2.22701953125 102.97
   vertex 1.882695068359375 -2.2519716796875002 102.97
  endloop
 endfacet
 facet normal 0.0 0.0 1.0
  outer loop
   vertex 0.623058837890625 -2.979222900390625 102.97
   vertex 0.53226806640625 -2.98168798828125 102.97
   vertex 0.5336023559570313 -2.989103759765625 102.97
  endloop
 endfacet
 facet normal 0.0 0.0 1.0
  outer loop
   vertex 1.91250048828125 -2.204838134765625 102.97
   vertex 1.882693359375 -2.20032421875 102.97
   vertex 1.8824174804687501 -2.20408154296875 102.97
  endloop
 endfacet
 facet normal 0.0 0.0 1.0
  outer loop
   vertex 1.9126463623046874 -2.197593994140625 102.97
   vertex 1.882693359375 -2.20032421875 102.97
   vertex 1.91250048828125 -2.204838134765625 102.97
  endloop
 endfacet
 facet normal 0.0 -0.0 1.0
  outer loop
   vertex 0.3716942138671875 -3.105697509765625 102.97
   vertex 0.42983416748046877 -3.036612548828125 102.97
   vertex 0.3627749328613281 -3.096642822265625 102.97
  endloop
 endfacet
 facet normal 0.0 -0.0 1.0
  outer loop
   vertex 0.3627749328613281 -3.096642822265625 102.97
   vertex 0.42983416748046877 -3.036612548828125 102.97
   vertex 0.3546541748046875 -3.08686572265625 102.97
  endloop
 endfacet
 facet normal 0.0 0.0 1.0
  outer loop
   vertex 0.4352725524902344 -3.0418278808593753 102.97
   vertex 0.42983416748046877 -3.036612548828125 102.97
   vertex 0.3716942138671875 -3.105697509765625 102.97
  endloop
 endfacet
 facet normal 0.0 0.0 1.0
  outer loop
   vertex 1.9126463623046874 -2.197593994140625 102.97
   vertex 1.8824962158203125 -2.19656201171875 102.97
   vertex 1.882693359375 -2.20032421875 102.97
  endloop
 endfacet
 facet normal 0.0 0.0 1.0
  outer loop
   vertex 1.9119180908203126 -2.19038525390625 102.97
   vertex 1.8824962158203125 -2.19656201171875 102.97
   vertex 1.9126463623046874 -2.197593994140625 102.97
  endloop
 endfacet
 facet normal 0.0 0.0 1.0
  outer loop
   vertex 1.8363558349609375 -2.225170166015625 102.97
   vertex 1.833331298828125 -2.222923828125 102.97
   vertex 0.623058837890625 -2.979222900390625 102.97
  endloop
 endfacet
 facet normal 0.0 0.0 1.0
  outer loop
   vertex 0.623058837890625 -2.979222900390625 102.97
   vertex 0.5300148315429688 -2.974497802734375 102.97
   vertex 0.53226806640625 -2.98168798828125 102.97
  endloop
 endfacet
 facet normal 0.0 0.0 1.0
  outer loop
   vertex 1.9119180908203126 -2.19038525390625 102.97
   vertex 1.8818291015625 -2.19285400390625 102.97
   vertex 1.8824962158203125 -2.19656201171875 102.97
  endloop
 endfacet
 facet normal 0.0 0.0 1.0
  outer loop
   vertex 1.910326171875 -2.18331689453125 102.97
   vertex 1.8818291015625 -2.19285400390625 102.97
   vertex 1.9119180908203126 -2.19038525390625 102.97
  endloop
 endfacet
 facet normal 0.0 0.0 1.0
  outer loop
   vertex 1.833331298828125 -2.222923828125 102.97
   vertex 1.8306121826171875 -2.2203164062500003 102.97
   vertex 0.623058837890625 -2.979222900390625 102.97
  endloop
 endfacet
 facet normal 0.0 -0.0 1.0
  outer loop
   vertex 0.3546541748046875 -3.08686572265625 102.97
   vertex 0.42509234619140623 -3.0307568359375 102.97
   vertex 0.3473902893066406 -3.076436279296875 102.97
  endloop
 endfacet
 facet normal 0.0 0.0 1.0
  outer loop
   vertex 0.42983416748046877 -3.036612548828125 102.97
   vertex 0.42509234619140623 -3.0307568359375 102.97
   vertex 0.3546541748046875 -3.08686572265625 102.97
  endloop
 endfacet
 facet normal 0.0 0.0 1.0
  outer loop
   vertex 1.910326171875 -2.18331689453125 102.97
   vertex 1.880702392578125 -2.189259033203125 102.97
   vertex 1.8818291015625 -2.19285400390625 102.97
  endloop
 endfacet
 facet normal 0.0 0.0 1.0
  outer loop
   vertex 1.907893798828125 -2.176491943359375 102.97
   vertex 1.880702392578125 -2.189259033203125 102.97
   vertex 1.910326171875 -2.18331689453125 102.97
  endloop
 endfacet
 facet normal 0.0 0.0 1.0
  outer loop
   vertex 1.8306121826171875 -2.2203164062500003 102.97
   vertex 1.8282412109375001 -2.217388427734375 102.97
   vertex 0.623058837890625 -2.979222900390625 102.97
  endloop
 endfacet
 facet normal 0.0 0.0 1.0
  outer loop
   vertex 0.623058837890625 -2.979222900390625 102.97
   vertex 0.5268782348632812 -2.96764697265625 102.97
   vertex 0.5300148315429688 -2.974497802734375 102.97
  endloop
 endfacet
 facet normal 0.0 0.0 1.0
  outer loop
   vertex 1.907893798828125 -2.176491943359375 102.97
   vertex 1.8791341552734375 -2.18583349609375 102.97
   vertex 1.880702392578125 -2.189259033203125 102.97
  endloop
 endfacet
 facet normal 0.0 0.0 1.0
  outer loop
   vertex 1.907893798828125 -2.176491943359375 102.97
   vertex 1.9046566162109375 -2.170010009765625 102.97
   vertex 1.8791341552734375 -2.18583349609375 102.97
  endloop
 endfacet
 facet normal 0.0 0.0 1.0
  outer loop
   vertex 1.8282412109375001 -2.217388427734375 102.97
   vertex 1.8262559814453125 -2.2141865234375 102.97
   vertex 0.623058837890625 -2.979222900390625 102.97
  endloop
 endfacet
 facet normal 0.0 0.0 1.0
  outer loop
   vertex 0.42509234619140623 -3.0307568359375 102.97
   vertex 0.42112179565429686 -3.02435302734375 102.97
   vertex 0.3473902893066406 -3.076436279296875 102.97
  endloop
 endfacet
 facet normal 0.0 0.0 1.0
  outer loop
   vertex 1.9046566162109375 -2.170010009765625 102.97
   vertex 1.8771489257812501 -2.182631591796875 102.97
   vertex 1.8791341552734375 -2.18583349609375 102.97
  endloop
 endfacet
 facet normal 0.0 0.0 1.0
  outer loop
   vertex 0.42112179565429686 -3.02435302734375 102.97
   vertex 0.3410353698730469 -3.06542919921875 102.97
   vertex 0.3473902893066406 -3.076436279296875 102.97
  endloop
 endfacet
 facet normal 0.0 -0.0 1.0
  outer loop
   vertex 1.8771489257812501 -2.182631591796875 102.97
   vertex 1.9006616210937501 -2.1639655761718752 102.97
   vertex 1.8747779541015626 -2.1797038574218752 102.97
  endloop
 endfacet
 facet normal 0.0 0.0 1.0
  outer loop
   vertex 1.9046566162109375 -2.170010009765625 102.97
   vertex 1.9006616210937501 -2.1639655761718752 102.97
   vertex 1.8771489257812501 -2.182631591796875 102.97
  endloop
 endfacet
 facet normal 0.0 -0.0 1.0
  outer loop
   vertex 1.8747779541015626 -2.1797038574218752 102.97
   vertex 1.8959671630859376 -2.158446533203125 102.97
   vertex 1.8720587158203126 -2.17709619140625 102.97
  endloop
 endfacet
 facet normal 0.0 0.0 1.0
  outer loop
   vertex 1.9006616210937501 -2.1639655761718752 102.97
   vertex 1.8959671630859376 -2.158446533203125 102.97
   vertex 1.8747779541015626 -2.1797038574218752 102.97
  endloop
 endfacet
 facet normal 0.0 0.0 1.0
  outer loop
   vertex 0.41798516845703126 -3.017502197265625 102.97
   vertex 0.3356351013183594 -3.0539235839843752 102.97
   vertex 0.42112179565429686 -3.02435302734375 102.97
  endloop
 endfacet
 facet normal 0.0 0.0 1.0
  outer loop
   vertex 0.42112179565429686 -3.02435302734375 102.97
   vertex 0.3356351013183594 -3.0539235839843752 102.97
   vertex 0.3410353698730469 -3.06542919921875 102.97
  endloop
 endfacet
 facet normal 0.0 -0.0 1.0
  outer loop
   vertex 1.8720587158203126 -2.17709619140625 102.97
   vertex 1.8906417236328126 -2.15353369140625 102.97
   vertex 1.8690341796875 -2.174849853515625 102.97
  endloop
 endfacet
 facet normal 0.0 0.0 1.0
  outer loop
   vertex 1.8959671630859376 -2.158446533203125 102.97
   vertex 1.8906417236328126 -2.15353369140625 102.97
   vertex 1.8720587158203126 -2.17709619140625 102.97
  endloop
 endfacet
 facet normal 0.0 -0.0 1.0
  outer loop
   vertex 1.8690341796875 -2.174849853515625 102.97
   vertex 1.8847629394531251 -2.149298583984375 102.97
   vertex 1.865751953125 -2.17300048828125 102.97
  endloop
 endfacet
 facet normal 0.0 0.0 1.0
  outer loop
   vertex 1.8906417236328126 -2.15353369140625 102.97
   vertex 1.8847629394531251 -2.149298583984375 102.97
   vertex 1.8690341796875 -2.174849853515625 102.97
  endloop
 endfacet
 facet normal 0.0 0.0 1.0
  outer loop
   vertex 0.41573193359375 -3.01031201171875 102.97
   vertex 0.33122821044921874 -3.0420021972656253 102.97
   vertex 0.41798516845703126 -3.017502197265625 102.97
  endloop
 endfacet
 facet normal 0.0 0.0 1.0
  outer loop
   vertex 0.41798516845703126 -3.017502197265625 102.97
   vertex 0.33122821044921874 -3.0420021972656253 102.97
   vertex 0.3356351013183594 -3.0539235839843752 102.97
  endloop
 endfacet
 facet normal 0.0 0.0 1.0
  outer loop
   vertex 1.8847629394531251 -2.149298583984375 102.97
   vertex 1.8784166259765624 -2.145802978515625 102.97
   vertex 1.865751953125 -2.17300048828125 102.97
  endloop
 endfacet
 facet normal 0.0 -0.0 1.0
  outer loop
   vertex 1.865751953125 -2.17300048828125 102.97
   vertex 1.8784166259765624 -2.145802978515625 102.97
   vertex 1.8622637939453126 -2.171576904296875 102.97
  endloop
 endfacet
 facet normal 0.0 0.0 1.0
  outer loop
   vertex 1.8784166259765624 -2.145802978515625 102.97
   vertex 1.871695068359375 -2.143097900390625 102.97
   vertex 1.8622637939453126 -2.171576904296875 102.97
  endloop
 endfacet
 facet normal 0.0 0.0 1.0
  outer loop
   vertex 0.41573193359375 -3.01031201171875 102.97
   vertex 0.32784634399414064 -3.029750732421875 102.97
   vertex 0.33122821044921874 -3.0420021972656253 102.97
  endloop
 endfacet
 facet normal 0.0 -0.0 1.0
  outer loop
   vertex 1.8622637939453126 -2.171576904296875 102.97
   vertex 1.8646965332031251 -2.14122265625 102.97
   vertex 1.8586247558593751 -2.170601806640625 102.97
  endloop
 endfacet
 facet normal 0.0 0.0 1.0
  outer loop
   vertex 1.871695068359375 -2.143097900390625 102.97
   vertex 1.8646965332031251 -2.14122265625 102.97
   vertex 1.8622637939453126 -2.171576904296875 102.97
  endloop
 endfacet
 facet normal 0.0 0.0 1.0
  outer loop
   vertex 1.8586247558593751 -2.170601806640625 102.97
   vertex 1.8575230712890625 -2.14020458984375 102.97
   vertex 1.8548922119140625 -2.170090576171875 102.97
  endloop
 endfacet
 facet normal 0.0 0.0 1.0
  outer loop
   vertex 1.8646965332031251 -2.14122265625 102.97
   vertex 1.8575230712890625 -2.14020458984375 102.97
   vertex 1.8586247558593751 -2.170601806640625 102.97
  endloop
 endfacet
 facet normal 0.0 0.0 1.0
  outer loop
   vertex 1.8548922119140625 -2.170090576171875 102.97
   vertex 1.850279052734375 -2.14005859375 102.97
   vertex 1.8511250000000001 -2.17005126953125 102.97
  endloop
 endfacet
 facet normal 0.0 0.0 1.0
  outer loop
   vertex 1.8575230712890625 -2.14020458984375 102.97
   vertex 1.850279052734375 -2.14005859375 102.97
   vertex 1.8548922119140625 -2.170090576171875 102.97
  endloop
 endfacet
 facet normal 0.0 0.0 1.0
  outer loop
   vertex 0.41439764404296875 -3.002896240234375 102.97
   vertex 0.3255137939453125 -3.0172568359375003 102.97
   vertex 0.41573193359375 -3.01031201171875 102.97
  endloop
 endfacet
 facet normal 0.0 0.0 1.0
  outer loop
   vertex 0.41573193359375 -3.01031201171875 102.97
   vertex 0.3255137939453125 -3.0172568359375003 102.97
   vertex 0.32784634399414064 -3.029750732421875 102.97
  endloop
 endfacet
 facet normal 0.0 0.0 1.0
  outer loop
   vertex 1.8511250000000001 -2.17005126953125 102.97
   vertex 1.8430703125 -2.140787109375 102.97
   vertex 1.8473824462890625 -2.170484130859375 102.97
  endloop
 endfacet
 facet normal 0.0 0.0 1.0
  outer loop
   vertex 1.850279052734375 -2.14005859375 102.97
   vertex 1.8430703125 -2.140787109375 102.97
   vertex 1.8511250000000001 -2.17005126953125 102.97
  endloop
 endfacet
 facet normal 0.0 0.0 1.0
  outer loop
   vertex 1.8473824462890625 -2.170484130859375 102.97
   vertex 1.836001953125 -2.14237890625 102.97
   vertex 1.8437237548828125 -2.1713828125 102.97
  endloop
 endfacet
 facet normal 0.0 0.0 1.0
  outer loop
   vertex 1.8430703125 -2.140787109375 102.97
   vertex 1.836001953125 -2.14237890625 102.97
   vertex 1.8473824462890625 -2.170484130859375 102.97
  endloop
 endfacet
 facet normal 0.0 0.0 1.0
  outer loop
   vertex 1.836001953125 -2.14237890625 102.97
   vertex 1.829177001953125 -2.144811279296875 102.97
   vertex 1.8437237548828125 -2.1713828125 102.97
  endloop
 endfacet
 facet normal 0.0 0.0 1.0
  outer loop
   vertex 1.8437237548828125 -2.1713828125 102.97
   vertex 1.829177001953125 -2.144811279296875 102.97
   vertex 1.8402066650390625 -2.1727329101562503 102.97
  endloop
 endfacet
 facet normal 0.0 0.0 1.0
  outer loop
   vertex 0.623058837890625 -2.979222900390625 102.97
   vertex 0.563058837890625 -2.8752998046875002 102.97
   vertex 0.5268782348632812 -2.96764697265625 102.97
  endloop
 endfacet
 facet normal 0.0 0.0 1.0
  outer loop
   vertex 1.8262559814453125 -2.2141865234375 102.97
   vertex 0.563058837890625 -2.8752998046875002 102.97
   vertex 0.623058837890625 -2.979222900390625 102.97
  endloop
 endfacet
 facet normal 0.0 0.0 1.0
  outer loop
   vertex 1.8246876220703125 -2.210760986328125 102.97
   vertex 0.563058837890625 -2.8752998046875002 102.97
   vertex 1.8262559814453125 -2.2141865234375 102.97
  endloop
 endfacet
 facet normal 0.0 0.0 1.0
  outer loop
   vertex 1.8235610351562501 -2.207166015625 102.97
   vertex 0.563058837890625 -2.8752998046875002 102.97
   vertex 1.8246876220703125 -2.210760986328125 102.97
  endloop
 endfacet
 facet normal 0.0 0.0 1.0
  outer loop
   vertex 1.822893798828125 -2.203458251953125 102.97
   vertex 0.563058837890625 -2.8752998046875002 102.97
   vertex 1.8235610351562501 -2.207166015625 102.97
  endloop
 endfacet
 facet normal 0.0 0.0 1.0
  outer loop
   vertex 1.8226966552734376 -2.19969580078125 102.97
   vertex 0.563058837890625 -2.8752998046875002 102.97
   vertex 1.822893798828125 -2.203458251953125 102.97
  endloop
 endfacet
 facet normal 0.0 -0.0 1.0
  outer loop
   vertex 0.5127274780273438 -2.950172119140625 102.97
   vertex 0.563058837890625 -2.8752998046875002 102.97
   vertex 0.5066783447265625 -2.9456796875 102.97
  endloop
 endfacet
 facet normal 0.0 -0.0 1.0
  outer loop
   vertex 0.5181658325195313 -2.955387451171875 102.97
   vertex 0.563058837890625 -2.8752998046875002 102.97
   vertex 0.5127274780273438 -2.950172119140625 102.97
  endloop
 endfacet
 facet normal 0.0 -0.0 1.0
  outer loop
   vertex 0.5229076538085937 -2.9612431640625 102.97
   vertex 0.563058837890625 -2.8752998046875002 102.97
   vertex 0.5181658325195313 -2.955387451171875 102.97
  endloop
 endfacet
 facet normal 0.0 -0.0 1.0
  outer loop
   vertex 0.5268782348632812 -2.96764697265625 102.97
   vertex 0.563058837890625 -2.8752998046875002 102.97
   vertex 0.5229076538085937 -2.9612431640625 102.97
  endloop
 endfacet
 facet normal 0.0 0.0 1.0
  outer loop
   vertex 1.8249189453125 -2.1886748046875 102.97
   vertex 1.822695068359375 -2.1480485839843753 102.97
   vertex 1.82371728515625 -2.192245361328125 102.97
  endloop
 endfacet
 facet normal 0.0 0.0 1.0
  outer loop
   vertex 1.82655859375 -2.185282958984375 102.97
   vertex 1.822695068359375 -2.1480485839843753 102.97
   vertex 1.8249189453125 -2.1886748046875 102.97
  endloop
 endfacet
 facet normal 0.0 0.0 1.0
  outer loop
   vertex 1.8286104736328126 -2.182123291015625 102.97
   vertex 1.822695068359375 -2.1480485839843753 102.97
   vertex 1.82655859375 -2.185282958984375 102.97
  endloop
 endfacet
 facet normal 0.0 0.0 1.0
  outer loop
   vertex 1.8310422363281251 -2.179245849609375 102.97
   vertex 1.822695068359375 -2.1480485839843753 102.97
   vertex 1.8286104736328126 -2.182123291015625 102.97
  endloop
 endfacet
 facet normal 0.0 0.0 1.0
  outer loop
   vertex 1.8338154296875 -2.176695556640625 102.97
   vertex 1.822695068359375 -2.1480485839843753 102.97
   vertex 1.8310422363281251 -2.179245849609375 102.97
  endloop
 endfacet
 facet normal 0.0 0.0 1.0
  outer loop
   vertex 1.8368863525390626 -2.17451318359375 102.97
   vertex 1.822695068359375 -2.1480485839843753 102.97
   vertex 1.8338154296875 -2.176695556640625 102.97
  endloop
 endfacet
 facet normal 0.0 0.0 1.0
  outer loop
   vertex 1.8402066650390625 -2.1727329101562503 102.97
   vertex 1.822695068359375 -2.1480485839843753 102.97
   vertex 1.8368863525390626 -2.17451318359375 102.97
  endloop
 endfacet
 facet normal 0.0 0.0 1.0
  outer loop
   vertex 1.829177001953125 -2.144811279296875 102.97
   vertex 1.822695068359375 -2.1480485839843753 102.97
   vertex 1.8402066650390625 -2.1727329101562503 102.97
  endloop
 endfacet
 facet normal 0.0 0.0 1.0
  outer loop
   vertex 1.82297265625 -2.1959384765625 102.97
   vertex 1.822695068359375 -2.1480485839843753 102.97
   vertex 1.8226966552734376 -2.19969580078125 102.97
  endloop
 endfacet
 facet normal 0.0 0.0 1.0
  outer loop
   vertex 1.82371728515625 -2.192245361328125 102.97
   vertex 1.822695068359375 -2.1480485839843753 102.97
   vertex 1.82297265625 -2.1959384765625 102.97
  endloop
 endfacet
 facet normal 0.0 0.0 1.0
  outer loop
   vertex 0.4140032958984375 -2.99537158203125 102.97
   vertex 0.324247314453125 -3.004610107421875 102.97
   vertex 0.41439764404296875 -3.002896240234375 102.97
  endloop
 endfacet
 facet normal 0.0 0.0 1.0
  outer loop
   vertex 0.41439764404296875 -3.002896240234375 102.97
   vertex 0.324247314453125 -3.004610107421875 102.97
   vertex 0.3255137939453125 -3.0172568359375003 102.97
  endloop
 endfacet
 facet normal 0.0 0.0 1.0
  outer loop
   vertex 0.563058837890625 -2.8752998046875002 102.97
   vertex 0.5517459106445313 -2.8677207031250003 102.97
   vertex 0.5066783447265625 -2.9456796875 102.97
  endloop
 endfacet
 facet normal 0.0 -0.0 1.0
  outer loop
   vertex 0.5066783447265625 -2.9456796875 102.97
   vertex 0.5517459106445313 -2.8677207031250003 102.97
   vertex 0.5001138610839844 -2.94198095703125 102.97
  endloop
 endfacet
 facet normal 0.0 0.0 1.0
  outer loop
   vertex 0.4140032958984375 -2.99537158203125 102.97
   vertex 0.32405599975585936 -2.99190185546875 102.97
   vertex 0.324247314453125 -3.004610107421875 102.97
  endloop
 endfacet
 facet normal 0.0 0.0 1.0
  outer loop
   vertex 0.5517459106445313 -2.8677207031250003 102.97
   vertex 0.5397923583984375 -2.86119873046875 102.97
   vertex 0.5001138610839844 -2.94198095703125 102.97
  endloop
 endfacet
 facet normal 0.0 0.0 1.0
  outer loop
   vertex 0.41455511474609374 -2.987857177734375 102.97
   vertex 0.32494119262695315 -2.979222900390625 102.97
   vertex 0.4140032958984375 -2.99537158203125 102.97
  endloop
 endfacet
 facet normal 0.0 0.0 1.0
  outer loop
   vertex 0.4160444641113281 -2.980470947265625 102.97
   vertex 0.32494119262695315 -2.979222900390625 102.97
   vertex 0.41455511474609374 -2.987857177734375 102.97
  endloop
 endfacet
 facet normal 0.0 0.0 1.0
  outer loop
   vertex 0.4140032958984375 -2.99537158203125 102.97
   vertex 0.32494119262695315 -2.979222900390625 102.97
   vertex 0.32405599975585936 -2.99190185546875 102.97
  endloop
 endfacet
 facet normal 0.0 0.0 1.0
  outer loop
   vertex 0.41844775390625 -2.97332958984375 102.97
   vertex 0.32494119262695315 -2.979222900390625 102.97
   vertex 0.4160444641113281 -2.980470947265625 102.97
  endloop
 endfacet
 facet normal 0.0 0.0 1.0
  outer loop
   vertex 0.4217271728515625 -2.966545654296875 102.97
   vertex 0.32494119262695315 -2.979222900390625 102.97
   vertex 0.41844775390625 -2.97332958984375 102.97
  endloop
 endfacet
 facet normal 0.0 0.0 1.0
  outer loop
   vertex 0.5397923583984375 -2.86119873046875 102.97
   vertex 0.5272965698242188 -2.855787841796875 102.97
   vertex 0.5001138610839844 -2.94198095703125 102.97
  endloop
 endfacet
 facet normal 0.0 -0.0 1.0
  outer loop
   vertex 0.5001138610839844 -2.94198095703125 102.97
   vertex 0.5272965698242188 -2.855787841796875 102.97
   vertex 0.4931375732421875 -2.9391337890625002 102.97
  endloop
 endfacet
 facet normal 0.0 0.0 1.0
  outer loop
   vertex 0.5272965698242188 -2.855787841796875 102.97
   vertex 0.514361572265625 -2.8515322265625 102.97
   vertex 0.4931375732421875 -2.9391337890625002 102.97
  endloop
 endfacet
 facet normal 0.0 -0.0 1.0
  outer loop
   vertex 0.4931375732421875 -2.9391337890625002 102.97
   vertex 0.514361572265625 -2.8515322265625 102.97
   vertex 0.48585943603515624 -2.937183837890625 102.97
  endloop
 endfacet
 facet normal 0.0 0.0 1.0
  outer loop
   vertex 0.514361572265625 -2.8515322265625 102.97
   vertex 0.5010939331054688 -2.84846728515625 102.97
   vertex 0.48585943603515624 -2.937183837890625 102.97
  endloop
 endfacet
 facet normal 0.0 0.0 1.0
  outer loop
   vertex 0.5010939331054688 -2.84846728515625 102.97
   vertex 0.48760302734375 -2.8466181640625 102.97
   vertex 0.48585943603515624 -2.937183837890625 102.97
  endloop
 endfacet
 facet normal 0.0 -0.0 1.0
  outer loop
   vertex 0.48585943603515624 -2.937183837890625 102.97
   vertex 0.48760302734375 -2.8466181640625 102.97
   vertex 0.478394287109375 -2.9361611328125 102.97
  endloop
 endfacet
 facet normal 0.0 0.0 1.0
  outer loop
   vertex 0.48760302734375 -2.8466181640625 102.97
   vertex 0.47400000000000003 -2.846 102.97
   vertex 0.478394287109375 -2.9361611328125 102.97
  endloop
 endfacet
 facet normal 0.0 0.0 1.0
  outer loop
   vertex 0.478394287109375 -2.9361611328125 102.97
   vertex 0.47400000000000003 -2.846 102.97
   vertex 0.4708598327636719 -2.9360822753906253 102.97
  endloop
 endfacet
 facet normal 0.0 0.0 1.0
  outer loop
   vertex 0.47400000000000003 -2.846 102.97
   vertex 0.46039697265625 -2.8466181640625 102.97
   vertex 0.4708598327636719 -2.9360822753906253 102.97
  endloop
 endfacet
 facet normal 0.0 0.0 1.0
  outer loop
   vertex 0.4708598327636719 -2.9360822753906253 102.97
   vertex 0.46039697265625 -2.8466181640625 102.97
   vertex 0.46337490844726564 -2.9369482421875 102.97
  endloop
 endfacet
 facet normal 0.0 0.0 1.0
  outer loop
   vertex 0.46039697265625 -2.8466181640625 102.97
   vertex 0.4469060668945313 -2.84846728515625 102.97
   vertex 0.46337490844726564 -2.9369482421875 102.97
  endloop
 endfacet
 facet normal 0.0 0.0 1.0
  outer loop
   vertex 0.4469060668945313 -2.84846728515625 102.97
   vertex 0.43363845825195313 -2.8515322265625 102.97
   vertex 0.46337490844726564 -2.9369482421875 102.97
  endloop
 endfacet
 facet normal 0.0 0.0 1.0
  outer loop
   vertex 0.46337490844726564 -2.9369482421875 102.97
   vertex 0.43363845825195313 -2.8515322265625 102.97
   vertex 0.4560575561523438 -2.93874560546875 102.97
  endloop
 endfacet
 facet normal 0.0 0.0 1.0
  outer loop
   vertex 0.43363845825195313 -2.8515322265625 102.97
   vertex 0.42070343017578127 -2.855787841796875 102.97
   vertex 0.4560575561523438 -2.93874560546875 102.97
  endloop
 endfacet
 facet normal 0.0 0.0 1.0
  outer loop
   vertex 0.4560575561523438 -2.93874560546875 102.97
   vertex 0.42070343017578127 -2.855787841796875 102.97
   vertex 0.4490231628417969 -2.94144580078125 102.97
  endloop
 endfacet
 facet normal 0.0 0.0 1.0
  outer loop
   vertex 0.4217271728515625 -2.966545654296875 102.97
   vertex 0.38494119262695314 -2.8752998046875002 102.97
   vertex 0.32494119262695315 -2.979222900390625 102.97
  endloop
 endfacet
 facet normal 0.0 0.0 1.0
  outer loop
   vertex 0.42583096313476565 -2.9602265625 102.97
   vertex 0.38494119262695314 -2.8752998046875002 102.97
   vertex 0.4217271728515625 -2.966545654296875 102.97
  endloop
 endfacet
 facet normal 0.0 0.0 1.0
  outer loop
   vertex 0.43069439697265627 -2.954471435546875 102.97
   vertex 0.38494119262695314 -2.8752998046875002 102.97
   vertex 0.42583096313476565 -2.9602265625 102.97
  endloop
 endfacet
 facet normal 0.0 0.0 1.0
  outer loop
   vertex 0.4362407836914063 -2.949371337890625 102.97
   vertex 0.38494119262695314 -2.8752998046875002 102.97
   vertex 0.43069439697265627 -2.954471435546875 102.97
  endloop
 endfacet
 facet normal 0.0 0.0 1.0
  outer loop
   vertex 0.4423826599121094 -2.9450063476562502 102.97
   vertex 0.38494119262695314 -2.8752998046875002 102.97
   vertex 0.4362407836914063 -2.949371337890625 102.97
  endloop
 endfacet
 facet normal 0.0 0.0 1.0
  outer loop
   vertex 0.42070343017578127 -2.855787841796875 102.97
   vertex 0.40820764160156253 -2.86119873046875 102.97
   vertex 0.4490231628417969 -2.94144580078125 102.97
  endloop
 endfacet
 facet normal 0.0 0.0 1.0
  outer loop
   vertex 0.4490231628417969 -2.94144580078125 102.97
   vertex 0.40820764160156253 -2.86119873046875 102.97
   vertex 0.4423826599121094 -2.9450063476562502 102.97
  endloop
 endfacet
 facet normal 0.0 0.0 1.0
  outer loop
   vertex 0.4423826599121094 -2.9450063476562502 102.97
   vertex 0.3962540588378906 -2.8677207031250003 102.97
   vertex 0.38494119262695314 -2.8752998046875002 102.97
  endloop
 endfacet
 facet normal 0.0 0.0 1.0
  outer loop
   vertex 0.40820764160156253 -2.86119873046875 102.97
   vertex 0.3962540588378906 -2.8677207031250003 102.97
   vertex 0.4423826599121094 -2.9450063476562502 102.97
  endloop
 endfacet
 facet normal 0.0 0.0 1.0
  outer loop
   vertex -0.8888863525390626 -2.2255068359375 102.97
   vertex -0.8922066040039063 -2.227287109375 102.97
   vertex -0.9346950073242187 -2.2519716796875002 102.97
  endloop
 endfacet
 facet normal 0.0 0.0 1.0
  outer loop
   vertex 0.32494119262695315 -2.979222900390625 102.97
   vertex -0.8858154296875 -2.2233244628906252 102.97
   vertex -0.8888863525390626 -2.2255068359375 102.97
  endloop
 endfacet
 facet normal 0.0 0.0 1.0
  outer loop
   vertex -0.8922066040039063 -2.227287109375 102.97
   vertex -0.8957238159179688 -2.22863720703125 102.97
   vertex -0.9346950073242187 -2.2519716796875002 102.97
  endloop
 endfacet
 facet normal 0.0 0.0 1.0
  outer loop
   vertex 0.32494119262695315 -2.979222900390625 102.97
   vertex -0.8830422363281251 -2.2207744140625 102.97
   vertex -0.8858154296875 -2.2233244628906252 102.97
  endloop
 endfacet
 facet normal 0.0 0.0 1.0
  outer loop
   vertex -0.8957238159179688 -2.22863720703125 102.97
   vertex -0.8993825073242188 -2.229535888671875 102.97
   vertex -0.9346950073242187 -2.2519716796875002 102.97
  endloop
 endfacet
 facet normal 0.0 0.0 1.0
  outer loop
   vertex 0.32494119262695315 -2.979222900390625 102.97
   vertex -0.8806105346679688 -2.2178967285156252 102.97
   vertex -0.8830422363281251 -2.2207744140625 102.97
  endloop
 endfacet
 facet normal 0.0 0.0 1.0
  outer loop
   vertex -0.8993825073242188 -2.229535888671875 102.97
   vertex -0.9031249389648438 -2.229968994140625 102.97
   vertex -0.9346950073242187 -2.2519716796875002 102.97
  endloop
 endfacet
 facet normal 0.0 0.0 1.0
  outer loop
   vertex 0.38494119262695314 -2.8752998046875002 102.97
   vertex -0.87855859375 -2.214737060546875 102.97
   vertex 0.32494119262695315 -2.979222900390625 102.97
  endloop
 endfacet
 facet normal 0.0 0.0 1.0
  outer loop
   vertex 0.32494119262695315 -2.979222900390625 102.97
   vertex -0.87855859375 -2.214737060546875 102.97
   vertex -0.8806105346679688 -2.2178967285156252 102.97
  endloop
 endfacet
 facet normal 0.0 0.0 1.0
  outer loop
   vertex -0.9031249389648438 -2.229968994140625 102.97
   vertex -0.9068921508789063 -2.2299294433593753 102.97
   vertex -0.9346950073242187 -2.2519716796875002 102.97
  endloop
 endfacet
 facet normal 0.0 0.0 1.0
  outer loop
   vertex 0.38494119262695314 -2.8752998046875002 102.97
   vertex -0.8769189453125 -2.21134521484375 102.97
   vertex -0.87855859375 -2.214737060546875 102.97
  endloop
 endfacet
 facet normal 0.0 0.0 1.0
  outer loop
   vertex -0.9068921508789063 -2.2299294433593753 102.97
   vertex -0.910624755859375 -2.229418212890625 102.97
   vertex -0.9346950073242187 -2.2519716796875002 102.97
  endloop
 endfacet
 facet normal 0.0 0.0 1.0
  outer loop
   vertex 0.38494119262695314 -2.8752998046875002 102.97
   vertex -0.87571728515625 -2.207774658203125 102.97
   vertex -0.8769189453125 -2.21134521484375 102.97
  endloop
 endfacet
 facet normal 0.0 0.0 1.0
  outer loop
   vertex -0.910624755859375 -2.229418212890625 102.97
   vertex -0.9142637939453125 -2.228443115234375 102.97
   vertex -0.9346950073242187 -2.2519716796875002 102.97
  endloop
 endfacet
 facet normal 0.0 0.0 1.0
  outer loop
   vertex 0.38494119262695314 -2.8752998046875002 102.97
   vertex -0.8749725952148437 -2.20408154296875 102.97
   vertex -0.87571728515625 -2.207774658203125 102.97
  endloop
 endfacet
 facet normal 0.0 0.0 1.0
  outer loop
   vertex -0.9142637939453125 -2.228443115234375 102.97
   vertex -0.917751953125 -2.22701953125 102.97
   vertex -0.9346950073242187 -2.2519716796875002 102.97
  endloop
 endfacet
 facet normal 0.0 0.0 1.0
  outer loop
   vertex 0.38494119262695314 -2.8752998046875002 102.97
   vertex -0.8746966552734375 -2.20032421875 102.97
   vertex -0.8749725952148437 -2.20408154296875 102.97
  endloop
 endfacet
 facet normal 0.0 -0.0 1.0
  outer loop
   vertex -0.9346950073242187 -2.2519716796875002 102.97
   vertex -0.9210341796875 -2.225170166015625 102.97
   vertex -0.9407395629882813 -2.2479765625 102.97
  endloop
 endfacet
 facet normal 0.0 0.0 1.0
  outer loop
   vertex -0.917751953125 -2.22701953125 102.97
   vertex -0.9210341796875 -2.225170166015625 102.97
   vertex -0.9346950073242187 -2.2519716796875002 102.97
  endloop
 endfacet
 facet normal 0.0 -0.0 1.0
  outer loop
   vertex -0.9407395629882813 -2.2479765625 102.97
   vertex -0.9240587768554688 -2.222923828125 102.97
   vertex -0.9462584838867187 -2.2432822265625 102.97
  endloop
 endfacet
 facet normal 0.0 0.0 1.0
  outer loop
   vertex -0.9210341796875 -2.225170166015625 102.97
   vertex -0.9240587768554688 -2.222923828125 102.97
   vertex -0.9407395629882813 -2.2479765625 102.97
  endloop
 endfacet
 facet normal 0.0 -0.0 1.0
  outer loop
   vertex -0.9462584838867187 -2.2432822265625 102.97
   vertex -0.9267779541015625 -2.2203164062500003 102.97
   vertex -0.9511713256835937 -2.237956787109375 102.97
  endloop
 endfacet
 facet normal 0.0 0.0 1.0
  outer loop
   vertex -0.9240587768554688 -2.222923828125 102.97
   vertex -0.9267779541015625 -2.2203164062500003 102.97
   vertex -0.9462584838867187 -2.2432822265625 102.97
  endloop
 endfacet
 facet normal 0.0 0.0 1.0
  outer loop
   vertex -0.9267779541015625 -2.2203164062500003 102.97
   vertex -0.9291488647460938 -2.217388427734375 102.97
   vertex -0.9511713256835937 -2.237956787109375 102.97
  endloop
 endfacet
 facet normal 0.0 0.0 1.0
  outer loop
   vertex -0.9291488647460938 -2.217388427734375 102.97
   vertex -0.9554064331054688 -2.232077880859375 102.97
   vertex -0.9511713256835937 -2.237956787109375 102.97
  endloop
 endfacet
 facet normal 0.0 0.0 1.0
  outer loop
   vertex -0.9291488647460938 -2.217388427734375 102.97
   vertex -0.9311341552734376 -2.2141865234375 102.97
   vertex -0.9554064331054688 -2.232077880859375 102.97
  endloop
 endfacet
 facet normal 0.0 0.0 1.0
  outer loop
   vertex -0.9327024536132813 -2.210760986328125 102.97
   vertex -0.9589020385742187 -2.225731689453125 102.97
   vertex -0.9311341552734376 -2.2141865234375 102.97
  endloop
 endfacet
 facet normal 0.0 0.0 1.0
  outer loop
   vertex -0.9311341552734376 -2.2141865234375 102.97
   vertex -0.9589020385742187 -2.225731689453125 102.97
   vertex -0.9554064331054688 -2.232077880859375 102.97
  endloop
 endfacet
 facet normal 0.0 0.0 1.0
  outer loop
   vertex -0.9338290405273437 -2.207166015625 102.97
   vertex -0.9616072387695312 -2.219010009765625 102.97
   vertex -0.9327024536132813 -2.210760986328125 102.97
  endloop
 endfacet
 facet normal 0.0 0.0 1.0
  outer loop
   vertex -0.9327024536132813 -2.210760986328125 102.97
   vertex -0.9616072387695312 -2.219010009765625 102.97
   vertex -0.9589020385742187 -2.225731689453125 102.97
  endloop
 endfacet
 facet normal 0.0 0.0 1.0
  outer loop
   vertex -0.9338290405273437 -2.207166015625 102.97
   vertex -0.9634824829101563 -2.212011474609375 102.97
   vertex -0.9616072387695312 -2.219010009765625 102.97
  endloop
 endfacet
 facet normal 0.0 0.0 1.0
  outer loop
   vertex -0.9344962158203125 -2.203458251953125 102.97
   vertex -0.9634824829101563 -2.212011474609375 102.97
   vertex -0.9338290405273437 -2.207166015625 102.97
  endloop
 endfacet
 facet normal 0.0 0.0 1.0
  outer loop
   vertex -0.9344962158203125 -2.203458251953125 102.97
   vertex -0.96450048828125 -2.204838134765625 102.97
   vertex -0.9634824829101563 -2.212011474609375 102.97
  endloop
 endfacet
 facet normal 0.0 0.0 1.0
  outer loop
   vertex -0.9346934204101562 -2.19969580078125 102.97
   vertex -0.96450048828125 -2.204838134765625 102.97
   vertex -0.9344962158203125 -2.203458251953125 102.97
  endloop
 endfacet
 facet normal 0.0 -0.0 1.0
  outer loop
   vertex -0.8883558349609375 -2.174849853515625 102.97
   vertex -0.8746950073242188 -2.1480485839843753 102.97
   vertex -0.8916381225585938 -2.17300048828125 102.97
  endloop
 endfacet
 facet normal 0.0 -0.0 1.0
  outer loop
   vertex -0.885331298828125 -2.17709619140625 102.97
   vertex -0.8746950073242188 -2.1480485839843753 102.97
   vertex -0.8883558349609375 -2.174849853515625 102.97
  endloop
 endfacet
 facet normal 0.0 -0.0 1.0
  outer loop
   vertex -0.8826121215820313 -2.1797038574218752 102.97
   vertex -0.8746950073242188 -2.1480485839843753 102.97
   vertex -0.885331298828125 -2.17709619140625 102.97
  endloop
 endfacet
 facet normal 0.0 -0.0 1.0
  outer loop
   vertex -0.8802412109375001 -2.182631591796875 102.97
   vertex -0.8746950073242188 -2.1480485839843753 102.97
   vertex -0.8826121215820313 -2.1797038574218752 102.97
  endloop
 endfacet
 facet normal 0.0 -0.0 1.0
  outer loop
   vertex -0.8782559204101563 -2.18583349609375 102.97
   vertex -0.8746950073242188 -2.1480485839843753 102.97
   vertex -0.8802412109375001 -2.182631591796875 102.97
  endloop
 endfacet
 facet normal 0.0 -0.0 1.0
  outer loop
   vertex -0.8766876220703125 -2.189259033203125 102.97
   vertex -0.8746950073242188 -2.1480485839843753 102.97
   vertex -0.8782559204101563 -2.18583349609375 102.97
  endloop
 endfacet
 facet normal 0.0 -0.0 1.0
  outer loop
   vertex -0.8755610351562501 -2.19285400390625 102.97
   vertex -0.8746950073242188 -2.1480485839843753 102.97
   vertex -0.8766876220703125 -2.189259033203125 102.97
  endloop
 endfacet
 facet normal 0.0 -0.0 1.0
  outer loop
   vertex -0.8748938598632813 -2.19656201171875 102.97
   vertex -0.8746950073242188 -2.1480485839843753 102.97
   vertex -0.8755610351562501 -2.19285400390625 102.97
  endloop
 endfacet
 facet normal 0.0 -0.0 1.0
  outer loop
   vertex -0.8746966552734375 -2.20032421875 102.97
   vertex -0.8746950073242188 -2.1480485839843753 102.97
   vertex -0.8748938598632813 -2.19656201171875 102.97
  endloop
 endfacet
 facet normal 0.0 0.0 1.0
  outer loop
   vertex -0.9346934204101562 -2.19969580078125 102.97
   vertex -0.9646463623046875 -2.197593994140625 102.97
   vertex -0.96450048828125 -2.204838134765625 102.97
  endloop
 endfacet
 facet normal 0.0 0.0 1.0
  outer loop
   vertex -0.9344174804687501 -2.1959384765625 102.97
   vertex -0.9646463623046875 -2.197593994140625 102.97
   vertex -0.9346934204101562 -2.19969580078125 102.97
  endloop
 endfacet
 facet normal 0.0 -0.0 1.0
  outer loop
   vertex -0.8916381225585938 -2.17300048828125 102.97
   vertex -0.8811770629882812 -2.144811279296875 102.97
   vertex -0.8951262817382812 -2.171576904296875 102.97
  endloop
 endfacet
 facet normal 0.0 0.0 1.0
  outer loop
   vertex -0.8746950073242188 -2.1480485839843753 102.97
   vertex -0.8811770629882812 -2.144811279296875 102.97
   vertex -0.8916381225585938 -2.17300048828125 102.97
  endloop
 endfacet
 facet normal 0.0 0.0 1.0
  outer loop
   vertex -0.9344174804687501 -2.1959384765625 102.97
   vertex -0.9639180297851563 -2.19038525390625 102.97
   vertex -0.9646463623046875 -2.197593994140625 102.97
  endloop
 endfacet
 facet normal 0.0 0.0 1.0
  outer loop
   vertex -0.9336727905273438 -2.192245361328125 102.97
   vertex -0.9639180297851563 -2.19038525390625 102.97
   vertex -0.9344174804687501 -2.1959384765625 102.97
  endloop
 endfacet
 facet normal 0.0 -0.0 1.0
  outer loop
   vertex -0.8951262817382812 -2.171576904296875 102.97
   vertex -0.8880020141601562 -2.14237890625 102.97
   vertex -0.8987653198242188 -2.170601806640625 102.97
  endloop
 endfacet
 facet normal 0.0 0.0 1.0
  outer loop
   vertex -0.8811770629882812 -2.144811279296875 102.97
   vertex -0.8880020141601562 -2.14237890625 102.97
   vertex -0.8951262817382812 -2.171576904296875 102.97
  endloop
 endfacet
 facet normal 0.0 0.0 1.0
  outer loop
   vertex -0.9336727905273438 -2.192245361328125 102.97
   vertex -0.9623261108398438 -2.18331689453125 102.97
   vertex -0.9639180297851563 -2.19038525390625 102.97
  endloop
 endfacet
 facet normal 0.0 0.0 1.0
  outer loop
   vertex -0.9324711303710937 -2.1886748046875 102.97
   vertex -0.9623261108398438 -2.18331689453125 102.97
   vertex -0.9336727905273438 -2.192245361328125 102.97
  endloop
 endfacet
 facet normal 0.0 -0.0 1.0
  outer loop
   vertex -0.8987653198242188 -2.170601806640625 102.97
   vertex -0.8950703735351563 -2.140787109375 102.97
   vertex -0.9024978637695312 -2.170090576171875 102.97
  endloop
 endfacet
 facet normal 0.0 0.0 1.0
  outer loop
   vertex -0.8880020141601562 -2.14237890625 102.97
   vertex -0.8950703735351563 -2.140787109375 102.97
   vertex -0.8987653198242188 -2.170601806640625 102.97
  endloop
 endfacet
 facet normal 0.0 0.0 1.0
  outer loop
   vertex -0.9308314208984375 -2.185282958984375 102.97
   vertex -0.959893798828125 -2.176491943359375 102.97
   vertex -0.9324711303710937 -2.1886748046875 102.97
  endloop
 endfacet
 facet normal 0.0 0.0 1.0
  outer loop
   vertex -0.9324711303710937 -2.1886748046875 102.97
   vertex -0.959893798828125 -2.176491943359375 102.97
   vertex -0.9623261108398438 -2.18331689453125 102.97
  endloop
 endfacet
 facet normal 0.0 -0.0 1.0
  outer loop
   vertex -0.9024978637695312 -2.170090576171875 102.97
   vertex -0.902279052734375 -2.14005859375 102.97
   vertex -0.90626513671875 -2.17005126953125 102.97
  endloop
 endfacet
 facet normal 0.0 0.0 1.0
  outer loop
   vertex -0.8950703735351563 -2.140787109375 102.97
   vertex -0.902279052734375 -2.14005859375 102.97
   vertex -0.9024978637695312 -2.170090576171875 102.97
  endloop
 endfacet
 facet normal 0.0 0.0 1.0
  outer loop
   vertex -0.928779541015625 -2.182123291015625 102.97
   vertex -0.9566565551757813 -2.170010009765625 102.97
   vertex -0.9308314208984375 -2.185282958984375 102.97
  endloop
 endfacet
 facet normal 0.0 0.0 1.0
  outer loop
   vertex -0.9308314208984375 -2.185282958984375 102.97
   vertex -0.9566565551757813 -2.170010009765625 102.97
   vertex -0.959893798828125 -2.176491943359375 102.97
  endloop
 endfacet
 facet normal 0.0 0.0 1.0
  outer loop
   vertex -0.902279052734375 -2.14005859375 102.97
   vertex -0.9095230102539062 -2.14020458984375 102.97
   vertex -0.90626513671875 -2.17005126953125 102.97
  endloop
 endfacet
 facet normal 0.0 0.0 1.0
  outer loop
   vertex -0.90626513671875 -2.17005126953125 102.97
   vertex -0.9095230102539062 -2.14020458984375 102.97
   vertex -0.910007568359375 -2.170484130859375 102.97
  endloop
 endfacet
 facet normal 0.0 0.0 1.0
  outer loop
   vertex -0.9263478393554687 -2.179245849609375 102.97
   vertex -0.95266162109375 -2.1639655761718752 102.97
   vertex -0.928779541015625 -2.182123291015625 102.97
  endloop
 endfacet
 facet normal 0.0 0.0 1.0
  outer loop
   vertex -0.928779541015625 -2.182123291015625 102.97
   vertex -0.95266162109375 -2.1639655761718752 102.97
   vertex -0.9566565551757813 -2.170010009765625 102.97
  endloop
 endfacet
 facet normal 0.0 0.0 1.0
  outer loop
   vertex -0.910007568359375 -2.170484130859375 102.97
   vertex -0.9166965942382813 -2.14122265625 102.97
   vertex -0.913666259765625 -2.1713828125 102.97
  endloop
 endfacet
 facet normal 0.0 0.0 1.0
  outer loop
   vertex -0.9095230102539062 -2.14020458984375 102.97
   vertex -0.9166965942382813 -2.14122265625 102.97
   vertex -0.910007568359375 -2.170484130859375 102.97
  endloop
 endfacet
 facet normal 0.0 0.0 1.0
  outer loop
   vertex -0.9263478393554687 -2.179245849609375 102.97
   vertex -0.9479671630859375 -2.158446533203125 102.97
   vertex -0.95266162109375 -2.1639655761718752 102.97
  endloop
 endfacet
 facet normal 0.0 0.0 1.0
  outer loop
   vertex -0.913666259765625 -2.1713828125 102.97
   vertex -0.9236951293945312 -2.143097900390625 102.97
   vertex -0.9171834716796875 -2.1727329101562503 102.97
  endloop
 endfacet
 facet normal 0.0 0.0 1.0
  outer loop
   vertex -0.9166965942382813 -2.14122265625 102.97
   vertex -0.9236951293945312 -2.143097900390625 102.97
   vertex -0.913666259765625 -2.1713828125 102.97
  endloop
 endfacet
 facet normal 0.0 0.0 1.0
  outer loop
   vertex -0.9235746459960937 -2.176695556640625 102.97
   vertex -0.9426417846679688 -2.15353369140625 102.97
   vertex -0.9263478393554687 -2.179245849609375 102.97
  endloop
 endfacet
 facet normal 0.0 0.0 1.0
  outer loop
   vertex -0.9263478393554687 -2.179245849609375 102.97
   vertex -0.9426417846679688 -2.15353369140625 102.97
   vertex -0.9479671630859375 -2.158446533203125 102.97
  endloop
 endfacet
 facet normal 0.0 0.0 1.0
  outer loop
   vertex -0.9171834716796875 -2.1727329101562503 102.97
   vertex -0.9304165649414062 -2.145802978515625 102.97
   vertex -0.9205037231445312 -2.17451318359375 102.97
  endloop
 endfacet
 facet normal 0.0 0.0 1.0
  outer loop
   vertex -0.9236951293945312 -2.143097900390625 102.97
   vertex -0.9304165649414062 -2.145802978515625 102.97
   vertex -0.9171834716796875 -2.1727329101562503 102.97
  endloop
 endfacet
 facet normal 0.0 0.0 1.0
  outer loop
   vertex -0.9205037231445312 -2.17451318359375 102.97
   vertex -0.9367630004882813 -2.149298583984375 102.97
   vertex -0.9235746459960937 -2.176695556640625 102.97
  endloop
 endfacet
 facet normal 0.0 0.0 1.0
  outer loop
   vertex -0.9235746459960937 -2.176695556640625 102.97
   vertex -0.9367630004882813 -2.149298583984375 102.97
   vertex -0.9426417846679688 -2.15353369140625 102.97
  endloop
 endfacet
 facet normal 0.0 0.0 1.0
  outer loop
   vertex -0.9304165649414062 -2.145802978515625 102.97
   vertex -0.9367630004882813 -2.149298583984375 102.97
   vertex -0.9205037231445312 -2.17451318359375 102.97
  endloop
 endfacet
 facet normal -0.0 0.0 1.0
  outer loop
   vertex -0.9346950073242187 -2.2519716796875002 102.97
   vertex 0.32494119262695315 -2.979222900390625 102.97
   vertex -0.8888863525390626 -2.2255068359375 102.97
  endloop
 endfacet
 facet normal 0.0 0.0 1.0
  outer loop
   vertex 0.38494119262695314 -2.8752998046875002 102.97
   vertex -0.8746950073242188 -2.1480485839843753 102.97
   vertex -0.8746966552734375 -2.20032421875 102.97
  endloop
 endfacet
 facet normal 0.0 0.0 1.0
  outer loop
   vertex 1.822695068359375 -2.1480485839843753 102.97
   vertex 0.563058837890625 -2.8752998046875002 102.97
   vertex 1.8226966552734376 -2.19969580078125 102.97
  endloop
 endfacet
 facet normal 0.0 0.0 1.0
  outer loop
   vertex 0.623058837890625 -2.979222900390625 102.97
   vertex 1.882695068359375 -2.2519716796875002 102.97
   vertex 1.8396380615234376 -2.22701953125 102.97
  endloop
 endfacet
 facet normal 0.0 0.0 1.0
  outer loop
   vertex 0.623058837890625 -2.979222900390625 102.97
   vertex 1.8396380615234376 -2.22701953125 102.97
   vertex 1.8363558349609375 -2.225170166015625 102.97
  endloop
 endfacet
 facet normal 0.0 -0.0 1.0
  outer loop
   vertex 0.534 -4.58797998046875 102.97
   vertex 0.534 -3.133477294921875 102.97
   vertex 0.4903391723632813 -4.56281982421875 102.97
  endloop
 endfacet
 facet normal 0.0 0.0 1.0
  outer loop
   vertex 0.41400000000000003 -3.133477294921875 102.97
   vertex 0.41400000000000003 -4.58797998046875 102.97
   vertex 0.45819131469726565 -4.56248291015625 102.97
  endloop
 endfacet
 facet normal -0.4687938690185547 -0.8833075761795044 -0.0
  outer loop
   vertex -0.8746950073242188 -2.1480485839843753 103.0
   vertex -0.8784772338867187 -2.146041259765625 103.0
   vertex -0.8746950073242188 -2.1480485839843753 102.97
  endloop
 endfacet
 facet normal -0.44679969549179077 -0.8946270942687988 0.0035302978940308094
  outer loop
   vertex -0.8746950073242188 -2.1480485839843753 102.97
   vertex -0.8784772338867187 -2.146041259765625 103.0
   vertex -0.8811770629882812 -2.144811279296875 102.97
  endloop
 endfacet
 facet normal -0.404592901468277 -0.9144963026046753 -0.0010826935758814216
  outer loop
   vertex -0.8784772338867187 -2.146041259765625 103.0
   vertex -0.8823930053710938 -2.144308837890625 103.0
   vertex -0.8811770629882812 -2.144811279296875 102.97
  endloop
 endfacet
 facet normal -0.3357097804546356 -0.9419620037078857 0.0025683825369924307
  outer loop
   vertex -0.8811770629882812 -2.144811279296875 102.97
   vertex -0.8864223022460938 -2.142860107421875 103.0
   vertex -0.8880020141601562 -2.14237890625 102.97
  endloop
 endfacet
 facet normal -0.33834320306777954 -0.9410206079483032 0.002046728739514947
  outer loop
   vertex -0.8823930053710938 -2.144308837890625 103.0
   vertex -0.8864223022460938 -2.142860107421875 103.0
   vertex -0.8811770629882812 -2.144811279296875 102.97
  endloop
 endfacet
 facet normal -0.21969695389270782 -0.9755622744560242 0.003370473627001047
  outer loop
   vertex -0.8880020141601562 -2.14237890625 102.97
   vertex -0.8905447387695312 -2.14170263671875 103.0
   vertex -0.8950703735351563 -2.140787109375 102.97
  endloop
 endfacet
 facet normal -0.27032020688056946 -0.9627698063850403 -0.001208597794175148
  outer loop
   vertex -0.8864223022460938 -2.142860107421875 103.0
   vertex -0.8905447387695312 -2.14170263671875 103.0
   vertex -0.8880020141601562 -2.14237890625 102.97
  endloop
 endfacet
 facet normal -0.2010423243045807 -0.9795824289321899 0.000433655281085521
  outer loop
   vertex -0.8905447387695312 -2.14170263671875 103.0
   vertex -0.8947391967773438 -2.140841796875 103.0
   vertex -0.8950703735351563 -2.140787109375 102.97
  endloop
 endfacet
 facet normal -0.10054808109998703 -0.9949256181716919 0.003617958165705204
  outer loop
   vertex -0.8950703735351563 -2.140787109375 102.97
   vertex -0.8989843139648438 -2.140282470703125 103.0
   vertex -0.902279052734375 -2.14005859375 102.97
  endloop
 endfacet
 facet normal -0.1306285560131073 -0.9914313554763794 -0.00036525874747894704
  outer loop
   vertex -0.8947391967773438 -2.140841796875 103.0
   vertex -0.8989843139648438 -2.140282470703125 103.0
   vertex -0.8950703735351563 -2.140787109375 102.97
  endloop
 endfacet
 facet normal -0.05958348512649536 -0.9982229471206665 -0.000905569817405194
  outer loop
   vertex -0.8989843139648438 -2.140282470703125 103.0
   vertex -0.9032585449218751 -2.14002734375 103.0
   vertex -0.902279052734375 -2.14005859375 102.97
  endloop
 endfacet
 facet normal 0.020150011405348778 -0.9997926950454712 0.002899038139730692
  outer loop
   vertex -0.902279052734375 -2.14005859375 102.97
   vertex -0.9075401000976563 -2.14007763671875 103.0
   vertex -0.9095230102539062 -2.14020458984375 102.97
  endloop
 endfacet
 facet normal 0.011745603755116463 -0.9999300241470337 0.0014250846579670906
  outer loop
   vertex -0.9032585449218751 -2.14002734375 103.0
   vertex -0.9075401000976563 -2.14007763671875 103.0
   vertex -0.902279052734375 -2.14005859375 102.97
  endloop
 endfacet
 facet normal 0.14051012694835663 -0.9900741577148438 0.003156765829771757
  outer loop
   vertex -0.9095230102539062 -2.14020458984375 102.97
   vertex -0.9118071899414063 -2.14043310546875 103.0
   vertex -0.9166965942382813 -2.14122265625 102.97
  endloop
 endfacet
 facet normal 0.08301709592342377 -0.9965472221374512 -0.00127002177760005
  outer loop
   vertex -0.9075401000976563 -2.14007763671875 103.0
   vertex -0.9118071899414063 -2.14043310546875 103.0
   vertex -0.9095230102539062 -2.14020458984375 102.97
  endloop
 endfacet
 facet normal 0.15389065444469452 -0.9880874752998352 0.0009237208287231624
  outer loop
   vertex -0.9118071899414063 -2.14043310546875 103.0
   vertex -0.9160380249023438 -2.141092041015625 103.0
   vertex -0.9166965942382813 -2.14122265625 102.97
  endloop
 endfacet
 facet normal 0.22396405041217804 -0.9745970964431763 -0.0006732874317094684
  outer loop
   vertex -0.9160380249023438 -2.141092041015625 103.0
   vertex -0.9202111206054687 -2.142051025390625 103.0
   vertex -0.9166965942382813 -2.14122265625 102.97
  endloop
 endfacet
 facet normal 0.25881633162498474 -0.9659196734428406 0.0036492932122200727
  outer loop
   vertex -0.9166965942382813 -2.14122265625 102.97
   vertex -0.9202111206054687 -2.142051025390625 103.0
   vertex -0.9236951293945312 -2.143097900390625 102.97
  endloop
 endfacet
 facet normal 0.29989054799079895 -0.9539723992347717 -0.001537715783342719
  outer loop
   vertex -0.9202111206054687 -2.142051025390625 103.0
   vertex -0.9251318359375 -2.143597900390625 103.0
   vertex -0.9236951293945312 -2.143097900390625 102.97
  endloop
 endfacet
 facet normal 0.37335240840911865 -0.9276863932609558 0.002418488496914506
  outer loop
   vertex -0.9236951293945312 -2.143097900390625 102.97
   vertex -0.9251318359375 -2.143597900390625 103.0
   vertex -0.9304165649414062 -2.145802978515625 102.97
  endloop
 endfacet
 facet normal 0.3806871473789215 -0.9247034192085266 0.0009071644744835794
  outer loop
   vertex -0.9251318359375 -2.143597900390625 103.0
   vertex -0.9299015502929687 -2.1455615234375 103.0
   vertex -0.9304165649414062 -2.145802978515625 102.97
  endloop
 endfacet
 facet normal 0.4587344527244568 -0.888573169708252 -0.0007234818767756224
  outer loop
   vertex -0.9299015502929687 -2.1455615234375 103.0
   vertex -0.9344849243164063 -2.147927734375 103.0
   vertex -0.9304165649414062 -2.145802978515625 102.97
  endloop
 endfacet
 facet normal 0.4824526906013489 -0.8759154677391052 0.0033894814550876617
  outer loop
   vertex -0.9304165649414062 -2.145802978515625 102.97
   vertex -0.9344849243164063 -2.147927734375 103.0
   vertex -0.9367630004882813 -2.149298583984375 102.97
  endloop
 endfacet
 facet normal 0.5333686470985413 -0.8458808660507202 -0.0018493003444746137
  outer loop
   vertex -0.9344849243164063 -2.147927734375 103.0
   vertex -0.93884814453125 -2.150678955078125 103.0
   vertex -0.9367630004882813 -2.149298583984375 102.97
  endloop
 endfacet
 facet normal 0.5845181345939636 -0.8113739490509033 0.003293578512966633
  outer loop
   vertex -0.9367630004882813 -2.149298583984375 102.97
   vertex -0.93884814453125 -2.150678955078125 103.0
   vertex -0.9426417846679688 -2.15353369140625 102.97
  endloop
 endfacet
 facet normal 0.6040362119674683 -0.7969567179679871 -0.0005464871064759791
  outer loop
   vertex -0.93884814453125 -2.150678955078125 103.0
   vertex -0.942958984375 -2.153794677734375 103.0
   vertex -0.9426417846679688 -2.15353369140625 102.97
  endloop
 endfacet
 facet normal 0.6702306270599365 -0.7421526312828064 0.0006301756948232651
  outer loop
   vertex -0.942958984375 -2.153794677734375 103.0
   vertex -0.9467869873046875 -2.1572517089843752 103.0
   vertex -0.9426417846679688 -2.15353369140625 102.97
  endloop
 endfacet
 facet normal 0.6780622601509094 -0.7349998354911804 0.0025987669359892607
  outer loop
   vertex -0.9426417846679688 -2.15353369140625 102.97
   vertex -0.9467869873046875 -2.1572517089843752 103.0
   vertex -0.9479671630859375 -2.158446533203125 102.97
  endloop
 endfacet
 facet normal 0.7315286993980408 -0.6818087697029114 -0.0016230265609920025
  outer loop
   vertex -0.9467869873046875 -2.1572517089843752 103.0
   vertex -0.950303955078125 -2.161025146484375 103.0
   vertex -0.9479671630859375 -2.158446533203125 102.97
  endloop
 endfacet
 facet normal 0.7617114186286926 -0.6479062438011169 0.0036420500837266445
  outer loop
   vertex -0.9479671630859375 -2.158446533203125 102.97
   vertex -0.950303955078125 -2.161025146484375 103.0
   vertex -0.95266162109375 -2.1639655761718752 102.97
  endloop
 endfacet
 facet normal 0.7873708009719849 -0.6164779663085938 -0.0014549075858667493
  outer loop
   vertex -0.950303955078125 -2.161025146484375 103.0
   vertex -0.9534837646484375 -2.16508642578125 103.0
   vertex -0.95266162109375 -2.1639655761718752 102.97
  endloop
 endfacet
 facet normal 0.8342512845993042 -0.5513798594474792 0.0022620144300162792
  outer loop
   vertex -0.95266162109375 -2.1639655761718752 102.97
   vertex -0.9534837646484375 -2.16508642578125 103.0
   vertex -0.9566565551757813 -2.170010009765625 102.97
  endloop
 endfacet
 facet normal 0.8374186158180237 -0.5465608239173889 0.0011361425276845694
  outer loop
   vertex -0.9534837646484375 -2.16508642578125 103.0
   vertex -0.9563030395507812 -2.169406005859375 103.0
   vertex -0.9566565551757813 -2.170010009765625 102.97
  endloop
 endfacet
 facet normal 0.8812621235847473 -0.47262704372406006 -0.0008690450340509415
  outer loop
   vertex -0.9563030395507812 -2.169406005859375 103.0
   vertex -0.9587409057617188 -2.17395166015625 103.0
   vertex -0.9566565551757813 -2.170010009765625 102.97
  endloop
 endfacet
 facet normal 0.8946273326873779 -0.44679978489875793 0.0034529482945799828
  outer loop
   vertex -0.9566565551757813 -2.170010009765625 102.97
   vertex -0.9587409057617188 -2.17395166015625 103.0
   vertex -0.959893798828125 -2.176491943359375 102.97
  endloop
 endfacet
 facet normal 0.9185978770256042 -0.3951892554759979 -0.0018384153954684734
  outer loop
   vertex -0.9587409057617188 -2.17395166015625 103.0
   vertex -0.9607793579101562 -2.17868994140625 103.0
   vertex -0.959893798828125 -2.176491943359375 102.97
  endloop
 endfacet
 facet normal 0.9419628977775574 -0.33570170402526855 0.0032097373623400927
  outer loop
   vertex -0.959893798828125 -2.176491943359375 102.97
   vertex -0.9607793579101562 -2.17868994140625 103.0
   vertex -0.9623261108398438 -2.18331689453125 102.97
  endloop
 endfacet
 facet normal 0.9491483569145203 -0.3148287236690521 -0.0003800102276727557
  outer loop
   vertex -0.9607793579101562 -2.17868994140625 103.0
   vertex -0.9624032592773438 -2.183585693359375 103.0
   vertex -0.9623261108398438 -2.18331689453125 102.97
  endloop
 endfacet
 facet normal 0.9755606651306152 -0.21971343457698822 0.002733747474849224
  outer loop
   vertex -0.9623261108398438 -2.18331689453125 102.97
   vertex -0.9636007080078125 -2.18860302734375 103.0
   vertex -0.9639180297851563 -2.19038525390625 102.97
  endloop
 endfacet
 facet normal 0.9726817607879639 -0.23214250802993774 0.000421374716097489
  outer loop
   vertex -0.9624032592773438 -2.183585693359375 103.0
   vertex -0.9636007080078125 -2.18860302734375 103.0
   vertex -0.9623261108398438 -2.18331689453125 102.97
  endloop
 endfacet
 facet normal 0.9890232682228088 -0.14774999022483826 -0.0016838217852637172
  outer loop
   vertex -0.9636007080078125 -2.18860302734375 103.0
   vertex -0.96436279296875 -2.193704345703125 103.0
   vertex -0.9639180297851563 -2.19038525390625 102.97
  endloop
 endfacet
 facet normal 0.994928240776062 -0.1005222275853157 0.0036288320552557707
  outer loop
   vertex -0.9639180297851563 -2.19038525390625 102.97
   vertex -0.96436279296875 -2.193704345703125 103.0
   vertex -0.9646463623046875 -2.197593994140625 102.97
  endloop
 endfacet
 facet normal 0.9997950792312622 0.020132703706622124 0.0020955614745616913
  outer loop
   vertex -0.9646463623046875 -2.197593994140625 102.97
   vertex -0.9646838989257813 -2.1988525390625 103.0
   vertex -0.96450048828125 -2.204838134765625 102.97
  endloop
 endfacet
 facet normal 0.9980595707893372 -0.06225151941180229 -0.0013627515872940421
  outer loop
   vertex -0.96436279296875 -2.193704345703125 103.0
   vertex -0.9646838989257813 -2.1988525390625 103.0
   vertex -0.9646463623046875 -2.197593994140625 102.97
  endloop
 endfacet
 facet normal 0.9997178912162781 0.023712653666734695 0.0013808180810883641
  outer loop
   vertex -0.9646838989257813 -2.1988525390625 103.0
   vertex -0.9645615844726563 -2.20400927734375 103.0
   vertex -0.96450048828125 -2.204838134765625 102.97
  endloop
 endfacet
 facet normal 0.9900730848312378 0.1405063420534134 0.00364860356785357
  outer loop
   vertex -0.96450048828125 -2.204838134765625 102.97
   vertex -0.964090087890625 -2.208509033203125 103.0
   vertex -0.9634824829101563 -2.212011474609375 102.97
  endloop
 endfacet
 facet normal 0.9945546388626099 0.10421212762594223 -0.0008537829271517694
  outer loop
   vertex -0.9645615844726563 -2.20400927734375 103.0
   vertex -0.964090087890625 -2.208509033203125 103.0
   vertex -0.96450048828125 -2.204838134765625 102.97
  endloop
 endfacet
 facet normal 0.9838709831237793 0.17887704074382782 -0.0009567165398038924
  outer loop
   vertex -0.964090087890625 -2.208509033203125 103.0
   vertex -0.9632808227539063 -2.212960205078125 103.0
   vertex -0.9634824829101563 -2.212011474609375 102.97
  endloop
 endfacet
 facet normal 0.9659226536750793 0.2588171362876892 0.0026771477423608303
  outer loop
   vertex -0.9634824829101563 -2.212011474609375 102.97
   vertex -0.962138427734375 -2.217337890625 103.0
   vertex -0.9616072387695312 -2.219010009765625 102.97
  endloop
 endfacet
 facet normal 0.9675951600074768 0.25250235199928284 0.0014810428256168962
  outer loop
   vertex -0.9632808227539063 -2.212960205078125 103.0
   vertex -0.962138427734375 -2.217337890625 103.0
   vertex -0.9634824829101563 -2.212011474609375 102.97
  endloop
 endfacet
 facet normal 0.9276824593544006 0.37335410714149475 0.003447169903665781
  outer loop
   vertex -0.9616072387695312 -2.219010009765625 102.97
   vertex -0.96066943359375 -2.2216171875 103.0
   vertex -0.9589020385742187 -2.225731689453125 102.97
  endloop
 endfacet
 facet normal 0.9458224773406982 0.3246813118457794 -0.0013498460175469518
  outer loop
   vertex -0.962138427734375 -2.217337890625 103.0
   vertex -0.96066943359375 -2.2216171875 103.0
   vertex -0.9616072387695312 -2.219010009765625 102.97
  endloop
 endfacet
 facet normal 0.9186656475067139 0.3950359523296356 -5.770213101641275e-05
  outer loop
   vertex -0.96066943359375 -2.2216171875 103.0
   vertex -0.9588822021484376 -2.2257734375 103.0
   vertex -0.9589020385742187 -2.225731689453125 102.97
  endloop
 endfacet
 facet normal 0.8759075999259949 0.4824669361114502 0.0034008317161351442
  outer loop
   vertex -0.9589020385742187 -2.225731689453125 102.97
   vertex -0.9567868652343751 -2.2297832031250002 103.0
   vertex -0.9554064331054688 -2.232077880859375 102.97
  endloop
 endfacet
 facet normal 0.8862868547439575 0.4631367027759552 5.847628926858306e-05
  outer loop
   vertex -0.9588822021484376 -2.2257734375 103.0
   vertex -0.9567868652343751 -2.2297832031250002 103.0
   vertex -0.9589020385742187 -2.225731689453125 102.97
  endloop
 endfacet
 facet normal 0.8113809823989868 0.5845110416412354 0.0027733517345041037
  outer loop
   vertex -0.9554064331054688 -2.232077880859375 102.97
   vertex -0.9543953247070313 -2.233623779296875 103.0
   vertex -0.9511713256835937 -2.237956787109375 102.97
  endloop
 endfacet
 facet normal 0.8488724231719971 0.5285959243774414 -0.0013715483946725726
  outer loop
   vertex -0.9567868652343751 -2.2297832031250002 103.0
   vertex -0.9543953247070313 -2.233623779296875 103.0
   vertex -0.9554064331054688 -2.232077880859375 102.97
  endloop
 endfacet
 facet normal 0.80662602186203 0.5910607576370239 0.0013163489056751132
  outer loop
   vertex -0.9543953247070313 -2.233623779296875 103.0
   vertex -0.95172119140625 -2.2372731933593752 103.0
   vertex -0.9511713256835937 -2.237956787109375 102.97
  endloop
 endfacet
 facet normal 0.7350013852119446 0.6780558824539185 0.0036475665401667356
  outer loop
   vertex -0.9511713256835937 -2.237956787109375 102.97
   vertex -0.9487796630859375 -2.2407106933593752 103.0
   vertex -0.9462584838867187 -2.2432822265625 102.97
  endloop
 endfacet
 facet normal 0.7597912549972534 0.6501665115356445 -0.0008888872689567506
  outer loop
   vertex -0.95172119140625 -2.2372731933593752 103.0
   vertex -0.9487796630859375 -2.2407106933593752 103.0
   vertex -0.9511713256835937 -2.237956787109375 102.97
  endloop
 endfacet
 facet normal 0.7086427807807922 0.7055668830871582 -0.0009257750934921205
  outer loop
   vertex -0.9487796630859375 -2.2407106933593752 103.0
   vertex -0.9455875244140626 -2.243916748046875 103.0
   vertex -0.9462584838867187 -2.2432822265625 102.97
  endloop
 endfacet
 facet normal 0.6479066610336304 0.7617148756980896 0.0027257800102233887
  outer loop
   vertex -0.9462584838867187 -2.2432822265625 102.97
   vertex -0.942162841796875 -2.246873291015625 103.0
   vertex -0.9407395629882813 -2.2479765625 102.97
  endloop
 endfacet
 facet normal 0.6534752249717712 0.7569466233253479 0.001394783379510045
  outer loop
   vertex -0.9455875244140626 -2.243916748046875 103.0
   vertex -0.942162841796875 -2.246873291015625 103.0
   vertex -0.9462584838867187 -2.2432822265625 102.97
  endloop
 endfacet
 facet normal 0.5513878464698792 0.8342419862747192 0.0034210216253995895
  outer loop
   vertex -0.9407395629882813 -2.2479765625 102.97
   vertex -0.9385250854492188 -2.249563232421875 103.0
   vertex -0.9346950073242187 -2.2519716796875002 102.97
  endloop
 endfacet
 facet normal 0.5945570468902588 0.8040522933006287 -0.0013622528640553355
  outer loop
   vertex -0.942162841796875 -2.246873291015625 103.0
   vertex -0.9385250854492188 -2.249563232421875 103.0
   vertex -0.9407395629882813 -2.2479765625 102.97
  endloop
 endfacet
 facet normal 0.5323251485824585 0.8465400338172913 -3.5130851561149257e-09
  outer loop
   vertex -0.9385250854492188 -2.249563232421875 103.0
   vertex -0.9346950073242187 -2.2519716796875002 103.0
   vertex -0.9346950073242187 -2.2519716796875002 102.97
  endloop
 endfacet
 facet normal 0.999363124370575 0.035681359469890594 0.0
  outer loop
   vertex 0.41400000000000003 -4.58797998046875 103.0
   vertex 0.41415277099609377 -4.5922587890625 103.0
   vertex 0.41400000000000003 -4.58797998046875 102.97
  endloop
 endfacet
 facet normal 0.998019278049469 0.06278932094573975 0.003873168956488371
  outer loop
   vertex 0.41400000000000003 -4.58797998046875 102.97
   vertex 0.41415277099609377 -4.5922587890625 103.0
   vertex 0.4144731140136719 -4.5955 102.97
  endloop
 endfacet
 facet normal 0.9942730665206909 0.10686524957418442 -0.0009288130095228553
  outer loop
   vertex 0.41415277099609377 -4.5922587890625 103.0
   vertex 0.41461035156250003 -4.59651611328125 103.0
   vertex 0.4144731140136719 -4.5955 102.97
  endloop
 endfacet
 facet normal 0.9822817444801331 0.18738152086734772 0.0032874017488211393
  outer loop
   vertex 0.4144731140136719 -4.5955 102.97
   vertex 0.4153703918457031 -4.60072998046875 103.0
   vertex 0.41588500976562504 -4.6029013671875 102.97
  endloop
 endfacet
 facet normal 0.9841192364692688 0.1775020956993103 0.0015101373428478837
  outer loop
   vertex 0.41461035156250003 -4.59651611328125 103.0
   vertex 0.4153703918457031 -4.60072998046875 103.0
   vertex 0.4144731140136719 -4.5955 102.97
  endloop
 endfacet
 facet normal 0.9510510563850403 0.3090178966522217 0.003122936235740781
  outer loop
   vertex 0.41588500976562504 -4.6029013671875 102.97
   vertex 0.4164290466308594 -4.60487890625 103.0
   vertex 0.4182134094238281 -4.6100673828125 102.97
  endloop
 endfacet
 facet normal 0.9689529538154602 0.24724151194095612 -0.0012738793157041073
  outer loop
   vertex 0.4153703918457031 -4.60072998046875 103.0
   vertex 0.4164290466308594 -4.60487890625 103.0
   vertex 0.41588500976562504 -4.6029013671875 102.97
  endloop
 endfacet
 facet normal 0.9488583207130432 0.31569692492485046 0.001837375806644559
  outer loop
   vertex 0.4164290466308594 -4.60487890625 103.0
   vertex 0.4177808532714844 -4.60894189453125 103.0
   vertex 0.4182134094238281 -4.6100673828125 102.97
  endloop
 endfacet
 facet normal 0.904823362827301 0.4257701635360718 0.0038106152787804604
  outer loop
   vertex 0.4182134094238281 -4.6100673828125 102.97
   vertex 0.4194190063476563 -4.61289794921875 103.0
   vertex 0.4214216003417969 -4.61688525390625 102.97
  endloop
 endfacet
 facet normal 0.9239201545715332 0.3825838565826416 -0.001031543593853712
  outer loop
   vertex 0.4177808532714844 -4.60894189453125 103.0
   vertex 0.4194190063476563 -4.61289794921875 103.0
   vertex 0.4182134094238281 -4.6100673828125 102.97
  endloop
 endfacet
 facet normal 0.8942789435386658 0.44751009345054626 0.00021728391584474593
  outer loop
   vertex 0.4194190063476563 -4.61289794921875 103.0
   vertex 0.42133514404296873 -4.61672705078125 103.0
   vertex 0.4214216003417969 -4.61688525390625 102.97
  endloop
 endfacet
 facet normal 0.8443182706832886 0.53582763671875 0.003915674518793821
  outer loop
   vertex 0.4214216003417969 -4.61688525390625 102.97
   vertex 0.42351947021484376 -4.62041015625 103.0
   vertex 0.425458984375 -4.6232470703125 102.97
  endloop
 endfacet
 facet normal 0.8601127862930298 0.5101040005683899 -0.00021126256615389138
  outer loop
   vertex 0.42133514404296873 -4.61672705078125 103.0
   vertex 0.42351947021484376 -4.62041015625 103.0
   vertex 0.4214216003417969 -4.61688525390625 102.97
  endloop
 endfacet
 facet normal 0.8215146660804749 0.5701866745948792 -0.000807708187494427
  outer loop
   vertex 0.42351947021484376 -4.62041015625 103.0
   vertex 0.4259609069824219 -4.623927734375 103.0
   vertex 0.425458984375 -4.6232470703125 102.97
  endloop
 endfacet
 facet normal 0.7787575721740723 0.6273238062858582 0.0012040244182571769
  outer loop
   vertex 0.4259609069824219 -4.623927734375 103.0
   vertex 0.42864697265625 -4.62726220703125 103.0
   vertex 0.425458984375 -4.6232470703125 102.97
  endloop
 endfacet
 facet normal 0.7705071568489075 0.6374221444129944 0.0034323101863265038
  outer loop
   vertex 0.425458984375 -4.6232470703125 102.97
   vertex 0.42864697265625 -4.62726220703125 103.0
   vertex 0.4302618713378906 -4.6290527343750005 102.97
  endloop
 endfacet
 facet normal 0.7320706248283386 0.6812276244163513 -0.0012512278044596314
  outer loop
   vertex 0.42864697265625 -4.62726220703125 103.0
   vertex 0.43156402587890624 -4.63039697265625 103.0
   vertex 0.4302618713378906 -4.6290527343750005 102.97
  endloop
 endfacet
 facet normal 0.6845608353614807 0.7289497256278992 0.002949269488453865
  outer loop
   vertex 0.4302618713378906 -4.6290527343750005 102.97
   vertex 0.43156402587890624 -4.63039697265625 103.0
   vertex 0.43575454711914063 -4.6342109375 102.97
  endloop
 endfacet
 facet normal 0.6716639995574951 0.740855872631073 -0.00036586137139238417
  outer loop
   vertex 0.43156402587890624 -4.63039697265625 103.0
   vertex 0.43593084716796876 -4.63435595703125 103.0
   vertex 0.43575454711914063 -4.6342109375 102.97
  endloop
 endfacet
 facet normal 0.5957627296447754 0.8031603693962097 0.0003813646617345512
  outer loop
   vertex 0.43593084716796876 -4.63435595703125 103.0
   vertex 0.4406650695800781 -4.6378676757812505 103.0
   vertex 0.43575454711914063 -4.6342109375 102.97
  endloop
 endfacet
 facet normal 0.5877672433853149 0.8090264797210693 0.0024051249492913485
  outer loop
   vertex 0.43575454711914063 -4.6342109375 102.97
   vertex 0.4406650695800781 -4.6378676757812505 103.0
   vertex 0.44185040283203125 -4.6386396484375005 102.97
  endloop
 endfacet
 facet normal 0.5140821933746338 0.8577390313148499 -0.0017597448313608766
  outer loop
   vertex 0.4406650695800781 -4.6378676757812505 103.0
   vertex 0.4457210388183594 -4.6408979492187505 103.0
   vertex 0.44185040283203125 -4.6386396484375005 102.97
  endloop
 endfacet
 facet normal 0.4817439019680023 0.8763037919998169 0.003810072084888816
  outer loop
   vertex 0.44185040283203125 -4.6386396484375005 102.97
   vertex 0.4457210388183594 -4.6408979492187505 103.0
   vertex 0.44845324707031253 -4.64226953125 102.97
  endloop
 endfacet
 facet normal 0.42736899852752686 0.9040740728378296 -0.0024116907734423876
  outer loop
   vertex 0.4457210388183594 -4.6408979492187505 103.0
   vertex 0.4510499267578125 -4.6434169921875 103.0
   vertex 0.44845324707031253 -4.64226953125 102.97
  endloop
 endfacet
 facet normal 0.36814019083976746 0.9297629594802856 0.0036974838003516197
  outer loop
   vertex 0.44845324707031253 -4.64226953125 102.97
   vertex 0.4510499267578125 -4.6434169921875 103.0
   vertex 0.455458984375 -4.64504345703125 102.97
  endloop
 endfacet
 facet normal 0.33665114641189575 0.941628098487854 -0.0015736912610009313
  outer loop
   vertex 0.4510499267578125 -4.6434169921875 103.0
   vertex 0.4566003112792969 -4.6454013671875005 103.0
   vertex 0.455458984375 -4.64504345703125 102.97
  endloop
 endfacet
 facet normal 0.24865134060382843 0.9685907959938049 0.0020958667155355215
  outer loop
   vertex 0.455458984375 -4.64504345703125 102.97
   vertex 0.4566003112792969 -4.6454013671875005 103.0
   vertex 0.4627571105957031 -4.6469169921875 102.97
  endloop
 endfacet
 facet normal 0.24270975589752197 0.9700986742973328 0.0008003147668205202
  outer loop
   vertex 0.4566003112792969 -4.6454013671875005 103.0
   vertex 0.46231860351562504 -4.64683203125 103.0
   vertex 0.4627571105957031 -4.6469169921875 102.97
  endloop
 endfacet
 facet normal 0.14620937407016754 0.9892534613609314 -0.0006644686218351126
  outer loop
   vertex 0.46231860351562504 -4.64683203125 103.0
   vertex 0.468149658203125 -4.64769384765625 103.0
   vertex 0.4627571105957031 -4.6469169921875 102.97
  endloop
 endfacet
 facet normal 0.12532806396484375 0.9921103119850159 0.0031629586592316628
  outer loop
   vertex 0.4627571105957031 -4.6469169921875 102.97
   vertex 0.468149658203125 -4.64769384765625 103.0
   vertex 0.47023257446289063 -4.647861328125 102.97
  endloop
 endfacet
 facet normal 0.04854254052042961 0.9988186955451965 -0.002205752767622471
  outer loop
   vertex 0.468149658203125 -4.64769384765625 103.0
   vertex 0.47403717041015625 -4.64797998046875 103.0
   vertex 0.47023257446289063 -4.647861328125 102.97
  endloop
 endfacet
 facet normal -0.0 0.9999921917915344 0.003955047111958265
  outer loop
   vertex 0.47023257446289063 -4.647861328125 102.97
   vertex 0.47403717041015625 -4.64797998046875 103.0
   vertex 0.4777674255371094 -4.647861328125 102.97
  endloop
 endfacet
 facet normal -0.04978514090180397 0.9987574219703674 -0.002240212168544531
  outer loop
   vertex 0.47403717041015625 -4.64797998046875 103.0
   vertex 0.47992431640625 -4.6476865234375 103.0
   vertex 0.4777674255371094 -4.647861328125 102.97
  endloop
 endfacet
 facet normal -0.12532803416252136 0.9921100735664368 0.0032297803554683924
  outer loop
   vertex 0.4777674255371094 -4.647861328125 102.97
   vertex 0.47992431640625 -4.6476865234375 103.0
   vertex 0.4852428894042969 -4.6469169921875 102.97
  endloop
 endfacet
 facet normal -0.1474514603614807 0.9890689253807068 -0.0007703944575041533
  outer loop
   vertex 0.47992431640625 -4.6476865234375 103.0
   vertex 0.48575430297851563 -4.6468173828125 103.0
   vertex 0.4852428894042969 -4.6469169921875 102.97
  endloop
 endfacet
 facet normal -0.24387164413928986 0.9698070883750916 0.000937246426474303
  outer loop
   vertex 0.48575430297851563 -4.6468173828125 103.0
   vertex 0.4914708251953125 -4.6453798828125 103.0
   vertex 0.4852428894042969 -4.6469169921875 102.97
  endloop
 endfacet
 facet normal -0.2486514002084732 0.9685909748077393 0.0019918198231607676
  outer loop
   vertex 0.4852428894042969 -4.6469169921875 102.97
   vertex 0.4914708251953125 -4.6453798828125 103.0
   vertex 0.492541015625 -4.64504345703125 102.97
  endloop
 endfacet
 facet normal -0.3378105163574219 0.9412129521369934 -0.0014957751845940948
  outer loop
   vertex 0.4914708251953125 -4.6453798828125 103.0
   vertex 0.49701876831054687 -4.643388671875 103.0
   vertex 0.492541015625 -4.64504345703125 102.97
  endloop
 endfacet
 facet normal -0.36814022064208984 0.9297630786895752 0.0036627601366490126
  outer loop
   vertex 0.492541015625 -4.64504345703125 102.97
   vertex 0.49701876831054687 -4.643388671875 103.0
   vertex 0.49954675292968753 -4.64226953125 102.97
  endloop
 endfacet
 facet normal -0.48174387216567993 0.8763037323951721 0.0038357910234481096
  outer loop
   vertex 0.49954675292968753 -4.64226953125 102.97
   vertex 0.5023445129394531 -4.6408627929687505 103.0
   vertex 0.5061495971679688 -4.6386396484375005 102.97
  endloop
 endfacet
 facet normal -0.42852258682250977 0.9035277962684631 -0.002404127735644579
  outer loop
   vertex 0.49701876831054687 -4.643388671875 103.0
   vertex 0.5023445129394531 -4.6408627929687505 103.0
   vertex 0.49954675292968753 -4.64226953125 102.97
  endloop
 endfacet
 facet normal -0.515157163143158 0.8570938110351562 -0.0018257602350786328
  outer loop
   vertex 0.5023445129394531 -4.6408627929687505 103.0
   vertex 0.5073966979980469 -4.637826171875 103.0
   vertex 0.5061495971679688 -4.6386396484375005 102.97
  endloop
 endfacet
 facet normal -0.5877690315246582 0.8090248107910156 0.0025392924435436726
  outer loop
   vertex 0.5061495971679688 -4.6386396484375005 102.97
   vertex 0.5110577392578125 -4.63516796875 103.0
   vertex 0.5122454223632813 -4.6342109375 102.97
  endloop
 endfacet
 facet normal -0.5875376462936401 0.8091930747032166 0.002481968840584159
  outer loop
   vertex 0.5073966979980469 -4.637826171875 103.0
   vertex 0.5110577392578125 -4.63516796875 103.0
   vertex 0.5061495971679688 -4.6386396484375005 102.97
  endloop
 endfacet
 facet normal -0.6845589280128479 0.7289476990699768 0.0037811610382050276
  outer loop
   vertex 0.5122454223632813 -4.6342109375 102.97
   vertex 0.514508056640625 -4.63224169921875 103.0
   vertex 0.5177380981445313 -4.6290527343750005 102.97
  endloop
 endfacet
 facet normal -0.6468133330345154 0.7626472115516663 -0.0012777346419170499
  outer loop
   vertex 0.5110577392578125 -4.63516796875 103.0
   vertex 0.514508056640625 -4.63224169921875 103.0
   vertex 0.5122454223632813 -4.6342109375 102.97
  endloop
 endfacet
 facet normal -0.7024711966514587 0.711712121963501 2.0460192899918184e-05
  outer loop
   vertex 0.514508056640625 -4.63224169921875 103.0
   vertex 0.5177280883789063 -4.6290634765625 103.0
   vertex 0.5177380981445313 -4.6290527343750005 102.97
  endloop
 endfacet
 facet normal -0.7705041170120239 0.6374236941337585 0.003798100398853421
  outer loop
   vertex 0.5177380981445313 -4.6290527343750005 102.97
   vertex 0.520699462890625 -4.6256518554687505 103.0
   vertex 0.522541015625 -4.6232470703125 102.97
  endloop
 endfacet
 facet normal -0.7540857195854187 0.6567760705947876 -1.643365430936683e-05
  outer loop
   vertex 0.5177280883789063 -4.6290634765625 103.0
   vertex 0.520699462890625 -4.6256518554687505 103.0
   vertex 0.5177380981445313 -4.6290527343750005 102.97
  endloop
 endfacet
 facet normal -0.8014475107192993 0.5980637669563293 -0.0012564363423734903
  outer loop
   vertex 0.520699462890625 -4.6256518554687505 103.0
   vertex 0.5234052734375 -4.62202587890625 103.0
   vertex 0.522541015625 -4.6232470703125 102.97
  endloop
 endfacet
 facet normal -0.8443202376365662 0.535832941532135 0.0025344761088490486
  outer loop
   vertex 0.522541015625 -4.6232470703125 102.97
   vertex 0.5258302612304687 -4.6182060546875 103.0
   vertex 0.5265784301757812 -4.61688525390625 102.97
  endloop
 endfacet
 facet normal -0.8442399501800537 0.5359596014022827 0.0025043892674148083
  outer loop
   vertex 0.5234052734375 -4.62202587890625 103.0
   vertex 0.5258302612304687 -4.6182060546875 103.0
   vertex 0.522541015625 -4.6232470703125 102.97
  endloop
 endfacet
 facet normal -0.9048265814781189 0.4257635772228241 0.003784140571951866
  outer loop
   vertex 0.5265784301757812 -4.61688525390625 102.97
   vertex 0.52796044921875 -4.61421484375 103.0
   vertex 0.5297865600585938 -4.6100673828125 102.97
  endloop
 endfacet
 facet normal -0.8822106719017029 0.4708532392978668 -0.001271311193704605
  outer loop
   vertex 0.5258302612304687 -4.6182060546875 103.0
   vertex 0.52796044921875 -4.61421484375 103.0
   vertex 0.5265784301757812 -4.61688525390625 102.97
  endloop
 endfacet
 facet normal -0.9151886701583862 0.40302565693855286 9.909207619784866e-06
  outer loop
   vertex 0.52796044921875 -4.61421484375 103.0
   vertex 0.5297838745117187 -4.61007421875 103.0
   vertex 0.5297865600585938 -4.6100673828125 102.97
  endloop
 endfacet
 facet normal -0.9510476589202881 0.3090208172798157 0.0037930291146039963
  outer loop
   vertex 0.5297865600585938 -4.6100673828125 102.97
   vertex 0.5312901611328125 -4.60580810546875 103.0
   vertex 0.532114990234375 -4.6029013671875 102.97
  endloop
 endfacet
 facet normal -0.9429487586021423 0.33293798565864563 -8.546331628167536e-06
  outer loop
   vertex 0.5297838745117187 -4.61007421875 103.0
   vertex 0.5312901611328125 -4.60580810546875 103.0
   vertex 0.5297865600585938 -4.6100673828125 102.97
  endloop
 endfacet
 facet normal -0.9653609991073608 0.2609145939350128 -0.0012615815503522754
  outer loop
   vertex 0.5312901611328125 -4.60580810546875 103.0
   vertex 0.5324706420898437 -4.6014404296875 103.0
   vertex 0.532114990234375 -4.6029013671875 102.97
  endloop
 endfacet
 facet normal -0.9822846055030823 0.18737801909446716 0.002527745673432946
  outer loop
   vertex 0.532114990234375 -4.6029013671875 102.97
   vertex 0.5333186645507813 -4.5969960937500005 103.0
   vertex 0.53352685546875 -4.5955 102.97
  endloop
 endfacet
 facet normal -0.982275128364563 0.18742763996124268 0.0025175968185067177
  outer loop
   vertex 0.5324706420898437 -4.6014404296875 103.0
   vertex 0.5333186645507813 -4.5969960937500005 103.0
   vertex 0.532114990234375 -4.6029013671875 102.97
  endloop
 endfacet
 facet normal -0.9980193376541138 0.06279337406158447 0.003787773894146085
  outer loop
   vertex 0.53352685546875 -4.5955 102.97
   vertex 0.5338294067382813 -4.5925009765625004 103.0
   vertex 0.534 -4.58797998046875 102.97
  endloop
 endfacet
 facet normal -0.9936061501502991 0.11289507150650024 -0.0012652721488848329
  outer loop
   vertex 0.5333186645507813 -4.5969960937500005 103.0
   vertex 0.5338294067382813 -4.5925009765625004 103.0
   vertex 0.53352685546875 -4.5955 102.97
  endloop
 endfacet
 facet normal -0.9992889165878296 0.03770672529935837 2.1957646811898712e-10
  outer loop
   vertex 0.5338294067382813 -4.5925009765625004 103.0
   vertex 0.534 -4.58797998046875 103.0
   vertex 0.534 -4.58797998046875 102.97
  endloop
 endfacet
 facet normal 0.980269730091095 -0.1976642906665802 0.0
  outer loop
   vertex -0.9336727905273438 -2.192245361328125 102.85000000000001
   vertex -0.9336727905273438 -2.192245361328125 102.97
   vertex -0.9344174804687501 -2.1959384765625 102.85000000000001
  endloop
 endfacet
 facet normal 0.980269730091095 -0.1976642906665802 -3.296033584954117e-11
  outer loop
   vertex -0.9336727905273438 -2.192245361328125 102.97
   vertex -0.9344174804687501 -2.1959384765625 102.97
   vertex -0.9344174804687501 -2.1959384765625 102.85000000000001
  endloop
 endfacet
 facet normal 0.9973140358924866 -0.07324329018592834 0.0
  outer loop
   vertex -0.9344174804687501 -2.1959384765625 102.85000000000001
   vertex -0.9344174804687501 -2.1959384765625 102.97
   vertex -0.9346934204101562 -2.19969580078125 102.85000000000001
  endloop
 endfacet
 facet normal 0.9973140358924866 -0.07324329018592834 -6.592074802691528e-11
  outer loop
   vertex -0.9344174804687501 -2.1959384765625 102.97
   vertex -0.9346934204101562 -2.19969580078125 102.97
   vertex -0.9346934204101562 -2.19969580078125 102.85000000000001
  endloop
 endfacet
 facet normal 0.9986292123794556 0.0523420125246048 -0.0
  outer loop
   vertex -0.9346934204101562 -2.19969580078125 102.85000000000001
   vertex -0.9346934204101562 -2.19969580078125 102.97
   vertex -0.9344962158203125 -2.203458251953125 102.85000000000001
  endloop
 endfacet
 facet normal 0.9986292123794556 0.0523420125246048 -3.295886480403354e-11
  outer loop
   vertex -0.9346934204101562 -2.19969580078125 102.97
   vertex -0.9344962158203125 -2.203458251953125 102.97
   vertex -0.9344962158203125 -2.203458251953125 102.85000000000001
  endloop
 endfacet
 facet normal 0.9841935634613037 0.17709587514400482 0.0
  outer loop
   vertex -0.9344962158203125 -2.203458251953125 102.97
   vertex -0.9338290405273437 -2.207166015625 102.97
   vertex -0.9344962158203125 -2.203458251953125 102.85000000000001
  endloop
 endfacet
 facet normal 0.9542409777641296 0.29903870820999146 -0.0
  outer loop
   vertex -0.9338290405273437 -2.207166015625 102.85000000000001
   vertex -0.9338290405273437 -2.207166015625 102.97
   vertex -0.9327024536132813 -2.210760986328125 102.85000000000001
  endloop
 endfacet
 facet normal 0.9841935634613037 0.17709587514400482 2.3073069843615457e-10
  outer loop
   vertex -0.9344962158203125 -2.203458251953125 102.85000000000001
   vertex -0.9338290405273437 -2.207166015625 102.97
   vertex -0.9338290405273437 -2.207166015625 102.85000000000001
  endloop
 endfacet
 facet normal 0.9542409777641296 0.29903870820999146 -6.592218437795339e-11
  outer loop
   vertex -0.9338290405273437 -2.207166015625 102.97
   vertex -0.9327024536132813 -2.210760986328125 102.97
   vertex -0.9327024536132813 -2.210760986328125 102.85000000000001
  endloop
 endfacet
 facet normal 0.909239649772644 0.4162731170654297 0.0
  outer loop
   vertex -0.9327024536132813 -2.210760986328125 102.97
   vertex -0.9311341552734376 -2.2141865234375 102.97
   vertex -0.9327024536132813 -2.210760986328125 102.85000000000001
  endloop
 endfacet
 facet normal 0.909239649772644 0.4162731170654297 4.944015197239082e-10
  outer loop
   vertex -0.9327024536132813 -2.210760986328125 102.85000000000001
   vertex -0.9311341552734376 -2.2141865234375 102.97
   vertex -0.9311341552734376 -2.2141865234375 102.85000000000001
  endloop
 endfacet
 facet normal 0.8498896360397339 0.5269607305526733 0.0
  outer loop
   vertex -0.9311341552734376 -2.2141865234375 102.97
   vertex -0.9291488647460938 -2.217388427734375 102.97
   vertex -0.9311341552734376 -2.2141865234375 102.85000000000001
  endloop
 endfacet
 facet normal 0.8498896360397339 0.5269607305526733 3.625648670180226e-10
  outer loop
   vertex -0.9311341552734376 -2.2141865234375 102.85000000000001
   vertex -0.9291488647460938 -2.217388427734375 102.97
   vertex -0.9291488647460938 -2.217388427734375 102.85000000000001
  endloop
 endfacet
 facet normal 0.7771614789962769 0.6293012499809265 0.0
  outer loop
   vertex -0.9291488647460938 -2.217388427734375 102.97
   vertex -0.9267779541015625 -2.2203164062500003 102.97
   vertex -0.9291488647460938 -2.217388427734375 102.85000000000001
  endloop
 endfacet
 facet normal 0.7771614789962769 0.6293012499809265 3.6255587421152313e-10
  outer loop
   vertex -0.9291488647460938 -2.217388427734375 102.85000000000001
   vertex -0.9267779541015625 -2.2203164062500003 102.97
   vertex -0.9267779541015625 -2.2203164062500003 102.85000000000001
  endloop
 endfacet
 facet normal 0.6921189427375793 0.721783459186554 0.0
  outer loop
   vertex -0.9267779541015625 -2.2203164062500003 102.97
   vertex -0.9240587768554688 -2.222923828125 102.97
   vertex -0.9267779541015625 -2.2203164062500003 102.85000000000001
  endloop
 endfacet
 facet normal 0.6921189427375793 0.721783459186554 -2.636927898258534e-10
  outer loop
   vertex -0.9267779541015625 -2.2203164062500003 102.85000000000001
   vertex -0.9240587768554688 -2.222923828125 102.97
   vertex -0.9240587768554688 -2.222923828125 102.85000000000001
  endloop
 endfacet
 facet normal 0.5962374806404114 0.8028081059455872 0.0
  outer loop
   vertex -0.9240587768554688 -2.222923828125 102.97
   vertex -0.9210341796875 -2.225170166015625 102.97
   vertex -0.9240587768554688 -2.222923828125 102.85000000000001
  endloop
 endfacet
 facet normal 0.5962374806404114 0.8028081059455872 -9.88790577194365e-11
  outer loop
   vertex -0.9240587768554688 -2.222923828125 102.85000000000001
   vertex -0.9210341796875 -2.225170166015625 102.97
   vertex -0.9210341796875 -2.225170166015625 102.85000000000001
  endloop
 endfacet
 facet normal 0.4908887445926666 0.8712222576141357 0.0
  outer loop
   vertex -0.9210341796875 -2.225170166015625 102.97
   vertex -0.917751953125 -2.22701953125 102.97
   vertex -0.9210341796875 -2.225170166015625 102.85000000000001
  endloop
 endfacet
 facet normal 0.3778618574142456 0.9258620142936707 -0.0
  outer loop
   vertex -0.917751953125 -2.22701953125 102.85000000000001
   vertex -0.917751953125 -2.22701953125 102.97
   vertex -0.9142637939453125 -2.228443115234375 102.85000000000001
  endloop
 endfacet
 facet normal 0.4908887445926666 0.8712222576141357 5.273746439549143e-10
  outer loop
   vertex -0.9210341796875 -2.225170166015625 102.85000000000001
   vertex -0.917751953125 -2.22701953125 102.97
   vertex -0.917751953125 -2.22701953125 102.85000000000001
  endloop
 endfacet
 facet normal 0.3778618574142456 0.9258620142936707 4.6144171816919766e-10
  outer loop
   vertex -0.917751953125 -2.22701953125 102.97
   vertex -0.9142637939453125 -2.228443115234375 102.97
   vertex -0.9142637939453125 -2.228443115234375 102.85000000000001
  endloop
 endfacet
 facet normal 0.25882408022880554 0.9659245014190674 0.0
  outer loop
   vertex -0.9142637939453125 -2.228443115234375 102.97
   vertex -0.910624755859375 -2.229418212890625 102.97
   vertex -0.9142637939453125 -2.228443115234375 102.85000000000001
  endloop
 endfacet
 facet normal 0.25882408022880554 0.9659245014190674 1.3184250913234052e-10
  outer loop
   vertex -0.9142637939453125 -2.228443115234375 102.85000000000001
   vertex -0.910624755859375 -2.229418212890625 102.97
   vertex -0.910624755859375 -2.229418212890625 102.85000000000001
  endloop
 endfacet
 facet normal 0.13569660484790802 0.9907504320144653 0.0
  outer loop
   vertex -0.910624755859375 -2.229418212890625 102.97
   vertex -0.9068921508789063 -2.2299294433593753 102.97
   vertex -0.910624755859375 -2.229418212890625 102.85000000000001
  endloop
 endfacet
 facet normal 0.13569660484790802 0.9907504320144653 -6.592059537124939e-11
  outer loop
   vertex -0.910624755859375 -2.229418212890625 102.85000000000001
   vertex -0.9068921508789063 -2.2299294433593753 102.97
   vertex -0.9068921508789063 -2.2299294433593753 102.85000000000001
  endloop
 endfacet
 facet normal 0.010498108342289925 0.9999448657035828 0.0
  outer loop
   vertex -0.9068921508789063 -2.2299294433593753 102.97
   vertex -0.9031249389648438 -2.229968994140625 102.97
   vertex -0.9068921508789063 -2.2299294433593753 102.85000000000001
  endloop
 endfacet
 facet normal 0.010498108342289925 0.9999448657035828 0.0
  outer loop
   vertex -0.9068921508789063 -2.2299294433593753 102.85000000000001
   vertex -0.9031249389648438 -2.229968994140625 102.97
   vertex -0.9031249389648438 -2.229968994140625 102.85000000000001
  endloop
 endfacet
 facet normal -0.11496108025312424 0.993369996547699 0.0
  outer loop
   vertex -0.9031249389648438 -2.229968994140625 102.97
   vertex -0.8993825073242188 -2.229535888671875 102.97
   vertex -0.9031249389648438 -2.229968994140625 102.85000000000001
  endloop
 endfacet
 facet normal -0.11496108025312424 0.993369996547699 0.0
  outer loop
   vertex -0.9031249389648438 -2.229968994140625 102.85000000000001
   vertex -0.8993825073242188 -2.229535888671875 102.97
   vertex -0.8993825073242188 -2.229535888671875 102.85000000000001
  endloop
 endfacet
 facet normal -0.23853866755962372 0.9711329936981201 0.0
  outer loop
   vertex -0.8993825073242188 -2.229535888671875 102.97
   vertex -0.8957238159179688 -2.22863720703125 102.97
   vertex -0.8993825073242188 -2.229535888671875 102.85000000000001
  endloop
 endfacet
 facet normal -0.23853866755962372 0.9711329936981201 2.636827700630562e-10
  outer loop
   vertex -0.8993825073242188 -2.229535888671875 102.85000000000001
   vertex -0.8957238159179688 -2.22863720703125 102.97
   vertex -0.8957238159179688 -2.22863720703125 102.85000000000001
  endloop
 endfacet
 facet normal -0.3583602011203766 0.9335834383964539 0.0
  outer loop
   vertex -0.8957238159179688 -2.22863720703125 102.97
   vertex -0.8922066040039063 -2.227287109375 102.97
   vertex -0.8957238159179688 -2.22863720703125 102.85000000000001
  endloop
 endfacet
 facet normal -0.3583602011203766 0.9335834383964539 1.3184189850967698e-10
  outer loop
   vertex -0.8957238159179688 -2.22863720703125 102.85000000000001
   vertex -0.8922066040039063 -2.227287109375 102.97
   vertex -0.8922066040039063 -2.227287109375 102.85000000000001
  endloop
 endfacet
 facet normal -0.5792779922485352 0.8151301145553589 0.0
  outer loop
   vertex -0.8888863525390626 -2.2255068359375 102.85000000000001
   vertex -0.8888863525390626 -2.2255068359375 102.97
   vertex -0.8858154296875 -2.2233244628906252 102.85000000000001
  endloop
 endfacet
 facet normal -0.4725446105003357 0.8813067674636841 1.3184235647667464e-10
  outer loop
   vertex -0.8922066040039063 -2.227287109375 102.85000000000001
   vertex -0.8888863525390626 -2.2255068359375 102.97
   vertex -0.8888863525390626 -2.2255068359375 102.85000000000001
  endloop
 endfacet
 facet normal -0.4725446105003357 0.8813067674636841 0.0
  outer loop
   vertex -0.8922066040039063 -2.227287109375 102.97
   vertex -0.8888863525390626 -2.2255068359375 102.97
   vertex -0.8922066040039063 -2.227287109375 102.85000000000001
  endloop
 endfacet
 facet normal -0.5792779922485352 0.8151301145553589 4.614502946420629e-10
  outer loop
   vertex -0.8888863525390626 -2.2255068359375 102.97
   vertex -0.8858154296875 -2.2233244628906252 102.97
   vertex -0.8858154296875 -2.2233244628906252 102.85000000000001
  endloop
 endfacet
 facet normal -0.6768711805343628 0.7361014485359192 3.9552836006429004e-10
  outer loop
   vertex -0.8858154296875 -2.2233244628906252 102.85000000000001
   vertex -0.8830422363281251 -2.2207744140625 102.97
   vertex -0.8830422363281251 -2.2207744140625 102.85000000000001
  endloop
 endfacet
 facet normal -0.6768711805343628 0.7361014485359192 0.0
  outer loop
   vertex -0.8858154296875 -2.2233244628906252 102.97
   vertex -0.8830422363281251 -2.2207744140625 102.97
   vertex -0.8858154296875 -2.2233244628906252 102.85000000000001
  endloop
 endfacet
 facet normal -0.7638131976127625 0.6454374194145203 3.6255623503400614e-10
  outer loop
   vertex -0.8830422363281251 -2.2207744140625 102.85000000000001
   vertex -0.8806105346679688 -2.2178967285156252 102.97
   vertex -0.8806105346679688 -2.2178967285156252 102.85000000000001
  endloop
 endfacet
 facet normal -0.7638131976127625 0.6454374194145203 0.0
  outer loop
   vertex -0.8830422363281251 -2.2207744140625 102.97
   vertex -0.8806105346679688 -2.2178967285156252 102.97
   vertex -0.8830422363281251 -2.2207744140625 102.85000000000001
  endloop
 endfacet
 facet normal -0.838667094707489 0.5446443557739258 3.295998751706719e-10
  outer loop
   vertex -0.8806105346679688 -2.2178967285156252 102.85000000000001
   vertex -0.87855859375 -2.214737060546875 102.97
   vertex -0.87855859375 -2.214737060546875 102.85000000000001
  endloop
 endfacet
 facet normal -0.838667094707489 0.5446443557739258 0.0
  outer loop
   vertex -0.8806105346679688 -2.2178967285156252 102.97
   vertex -0.87855859375 -2.214737060546875 102.97
   vertex -0.8806105346679688 -2.2178967285156252 102.85000000000001
  endloop
 endfacet
 facet normal -0.9003223180770874 0.4352238178253174 0.0
  outer loop
   vertex -0.87855859375 -2.214737060546875 102.97
   vertex -0.8769189453125 -2.21134521484375 102.97
   vertex -0.87855859375 -2.214737060546875 102.85000000000001
  endloop
 endfacet
 facet normal -0.9003223180770874 0.4352238178253174 -5.273764758229049e-10
  outer loop
   vertex -0.87855859375 -2.214737060546875 102.85000000000001
   vertex -0.8769189453125 -2.21134521484375 102.97
   vertex -0.8769189453125 -2.21134521484375 102.85000000000001
  endloop
 endfacet
 facet normal -0.9477656483650208 0.31896770000457764 0.0
  outer loop
   vertex -0.8769189453125 -2.21134521484375 102.97
   vertex -0.87571728515625 -2.207774658203125 102.97
   vertex -0.8769189453125 -2.21134521484375 102.85000000000001
  endloop
 endfacet
 facet normal -0.980269730091095 0.1976642906665802 0.0
  outer loop
   vertex -0.87571728515625 -2.207774658203125 102.85000000000001
   vertex -0.87571728515625 -2.207774658203125 102.97
   vertex -0.8749725952148437 -2.20408154296875 102.85000000000001
  endloop
 endfacet
 facet normal -0.9477656483650208 0.31896770000457764 2.636901252905943e-10
  outer loop
   vertex -0.8769189453125 -2.21134521484375 102.85000000000001
   vertex -0.87571728515625 -2.207774658203125 102.97
   vertex -0.87571728515625 -2.207774658203125 102.85000000000001
  endloop
 endfacet
 facet normal -0.980269730091095 0.1976642906665802 -3.296033584954117e-11
  outer loop
   vertex -0.87571728515625 -2.207774658203125 102.97
   vertex -0.8749725952148437 -2.20408154296875 102.97
   vertex -0.8749725952148437 -2.20408154296875 102.85000000000001
  endloop
 endfacet
 facet normal -0.9973140358924866 0.07324329018592834 0.0
  outer loop
   vertex -0.8749725952148437 -2.20408154296875 102.97
   vertex -0.8746966552734375 -2.20032421875 102.97
   vertex -0.8749725952148437 -2.20408154296875 102.85000000000001
  endloop
 endfacet
 facet normal -0.9973140358924866 0.07324329018592834 -6.592074802691528e-11
  outer loop
   vertex -0.8749725952148437 -2.20408154296875 102.85000000000001
   vertex -0.8746966552734375 -2.20032421875 102.97
   vertex -0.8746966552734375 -2.20032421875 102.85000000000001
  endloop
 endfacet
 facet normal -0.9986290335655212 -0.0523453988134861 -0.0
  outer loop
   vertex -0.8746966552734375 -2.20032421875 102.97
   vertex -0.8748938598632813 -2.19656201171875 102.97
   vertex -0.8746966552734375 -2.20032421875 102.85000000000001
  endloop
 endfacet
 facet normal -0.9841956496238708 -0.17708459496498108 0.0
  outer loop
   vertex -0.8748938598632813 -2.19656201171875 102.85000000000001
   vertex -0.8748938598632813 -2.19656201171875 102.97
   vertex -0.8755610351562501 -2.19285400390625 102.85000000000001
  endloop
 endfacet
 facet normal -0.9986290335655212 -0.0523453988134861 6.592199702781798e-11
  outer loop
   vertex -0.8746966552734375 -2.20032421875 102.85000000000001
   vertex -0.8748938598632813 -2.19656201171875 102.97
   vertex -0.8748938598632813 -2.19656201171875 102.85000000000001
  endloop
 endfacet
 facet normal -0.9841956496238708 -0.17708459496498108 1.3183772129554683e-10
  outer loop
   vertex -0.8748938598632813 -2.19656201171875 102.97
   vertex -0.8755610351562501 -2.19285400390625 102.97
   vertex -0.8755610351562501 -2.19285400390625 102.85000000000001
  endloop
 endfacet
 facet normal -0.9542409777641296 -0.29903870820999146 -0.0
  outer loop
   vertex -0.8755610351562501 -2.19285400390625 102.97
   vertex -0.8766876220703125 -2.189259033203125 102.97
   vertex -0.8755610351562501 -2.19285400390625 102.85000000000001
  endloop
 endfacet
 facet normal -0.9542409777641296 -0.29903870820999146 -6.592218437795339e-11
  outer loop
   vertex -0.8755610351562501 -2.19285400390625 102.85000000000001
   vertex -0.8766876220703125 -2.189259033203125 102.97
   vertex -0.8766876220703125 -2.189259033203125 102.85000000000001
  endloop
 endfacet
 facet normal -0.909239649772644 -0.4162731170654297 -0.0
  outer loop
   vertex -0.8766876220703125 -2.189259033203125 102.97
   vertex -0.8782559204101563 -2.18583349609375 102.97
   vertex -0.8766876220703125 -2.189259033203125 102.85000000000001
  endloop
 endfacet
 facet normal -0.909239649772644 -0.4162731170654297 4.944015197239082e-10
  outer loop
   vertex -0.8766876220703125 -2.189259033203125 102.85000000000001
   vertex -0.8782559204101563 -2.18583349609375 102.97
   vertex -0.8782559204101563 -2.18583349609375 102.85000000000001
  endloop
 endfacet
 facet normal -0.8498896360397339 -0.5269607305526733 -0.0
  outer loop
   vertex -0.8782559204101563 -2.18583349609375 102.97
   vertex -0.8802412109375001 -2.182631591796875 102.97
   vertex -0.8782559204101563 -2.18583349609375 102.85000000000001
  endloop
 endfacet
 facet normal -0.7771358489990234 -0.6293329000473022 0.0
  outer loop
   vertex -0.8802412109375001 -2.182631591796875 102.85000000000001
   vertex -0.8802412109375001 -2.182631591796875 102.97
   vertex -0.8826121215820313 -2.1797038574218752 102.85000000000001
  endloop
 endfacet
 facet normal -0.8498896360397339 -0.5269607305526733 3.625648670180226e-10
  outer loop
   vertex -0.8782559204101563 -2.18583349609375 102.85000000000001
   vertex -0.8802412109375001 -2.182631591796875 102.97
   vertex -0.8802412109375001 -2.182631591796875 102.85000000000001
  endloop
 endfacet
 facet normal -0.7771358489990234 -0.6293329000473022 2.636902640684724e-10
  outer loop
   vertex -0.8802412109375001 -2.182631591796875 102.97
   vertex -0.8826121215820313 -2.1797038574218752 102.97
   vertex -0.8826121215820313 -2.1797038574218752 102.85000000000001
  endloop
 endfacet
 facet normal -0.692152738571167 -0.7217511534690857 -0.0
  outer loop
   vertex -0.8826121215820313 -2.1797038574218752 102.97
   vertex -0.885331298828125 -2.17709619140625 102.97
   vertex -0.8826121215820313 -2.1797038574218752 102.85000000000001
  endloop
 endfacet
 facet normal -0.692152738571167 -0.7217511534690857 -4.944018527908156e-10
  outer loop
   vertex -0.8826121215820313 -2.1797038574218752 102.85000000000001
   vertex -0.885331298828125 -2.17709619140625 102.97
   vertex -0.885331298828125 -2.17709619140625 102.85000000000001
  endloop
 endfacet
 facet normal -0.5962452292442322 -0.802802324295044 -0.0
  outer loop
   vertex -0.885331298828125 -2.17709619140625 102.97
   vertex -0.8883558349609375 -2.174849853515625 102.97
   vertex -0.885331298828125 -2.17709619140625 102.85000000000001
  endloop
 endfacet
 facet normal -0.4908818304538727 -0.8712261319160461 0.0
  outer loop
   vertex -0.8883558349609375 -2.174849853515625 102.85000000000001
   vertex -0.8883558349609375 -2.174849853515625 102.97
   vertex -0.8916381225585938 -2.17300048828125 102.85000000000001
  endloop
 endfacet
 facet normal -0.5962452292442322 -0.802802324295044 4.614416071468952e-10
  outer loop
   vertex -0.885331298828125 -2.17709619140625 102.85000000000001
   vertex -0.8883558349609375 -2.174849853515625 102.97
   vertex -0.8883558349609375 -2.174849853515625 102.85000000000001
  endloop
 endfacet
 facet normal -0.4908818304538727 -0.8712261319160461 -2.3072314891958712e-10
  outer loop
   vertex -0.8883558349609375 -2.174849853515625 102.97
   vertex -0.8916381225585938 -2.17300048828125 102.97
   vertex -0.8916381225585938 -2.17300048828125 102.85000000000001
  endloop
 endfacet
 facet normal -0.3778618574142456 -0.9258620142936707 -0.0
  outer loop
   vertex -0.8916381225585938 -2.17300048828125 102.97
   vertex -0.8951262817382812 -2.171576904296875 102.97
   vertex -0.8916381225585938 -2.17300048828125 102.85000000000001
  endloop
 endfacet
 facet normal -0.3778618574142456 -0.9258620142936707 4.6144171816919766e-10
  outer loop
   vertex -0.8916381225585938 -2.17300048828125 102.85000000000001
   vertex -0.8951262817382812 -2.171576904296875 102.97
   vertex -0.8951262817382812 -2.171576904296875 102.85000000000001
  endloop
 endfacet
 facet normal -0.25882408022880554 -0.9659245014190674 -0.0
  outer loop
   vertex -0.8951262817382812 -2.171576904296875 102.97
   vertex -0.8987653198242188 -2.170601806640625 102.97
   vertex -0.8951262817382812 -2.171576904296875 102.85000000000001
  endloop
 endfacet
 facet normal -0.25882408022880554 -0.9659245014190674 1.3184250913234052e-10
  outer loop
   vertex -0.8951262817382812 -2.171576904296875 102.85000000000001
   vertex -0.8987653198242188 -2.170601806640625 102.97
   vertex -0.8987653198242188 -2.170601806640625 102.85000000000001
  endloop
 endfacet
 facet normal -0.13569878041744232 -0.9907501339912415 -0.0
  outer loop
   vertex -0.8987653198242188 -2.170601806640625 102.97
   vertex -0.9024978637695312 -2.170090576171875 102.97
   vertex -0.8987653198242188 -2.170601806640625 102.85000000000001
  endloop
 endfacet
 facet normal -0.13569878041744232 -0.9907501339912415 1.3184330016624557e-10
  outer loop
   vertex -0.8987653198242188 -2.170601806640625 102.85000000000001
   vertex -0.9024978637695312 -2.170090576171875 102.97
   vertex -0.9024978637695312 -2.170090576171875 102.85000000000001
  endloop
 endfacet
 facet normal 0.11489713191986084 -0.9933773875236511 0.0
  outer loop
   vertex -0.90626513671875 -2.17005126953125 102.85000000000001
   vertex -0.90626513671875 -2.17005126953125 102.97
   vertex -0.910007568359375 -2.170484130859375 102.85000000000001
  endloop
 endfacet
 facet normal -0.010433143936097622 -0.9999455213546753 0.0
  outer loop
   vertex -0.9024978637695312 -2.170090576171875 102.85000000000001
   vertex -0.90626513671875 -2.17005126953125 102.97
   vertex -0.90626513671875 -2.17005126953125 102.85000000000001
  endloop
 endfacet
 facet normal -0.010433143936097622 -0.9999455213546753 -0.0
  outer loop
   vertex -0.9024978637695312 -2.170090576171875 102.97
   vertex -0.90626513671875 -2.17005126953125 102.97
   vertex -0.9024978637695312 -2.170090576171875 102.85000000000001
  endloop
 endfacet
 facet normal 0.11489713191986084 -0.9933773875236511 1.3184366098872857e-10
  outer loop
   vertex -0.90626513671875 -2.17005126953125 102.97
   vertex -0.910007568359375 -2.170484130859375 102.97
   vertex -0.910007568359375 -2.170484130859375 102.85000000000001
  endloop
 endfacet
 facet normal 0.3583602011203766 -0.9335834383964539 0.0
  outer loop
   vertex -0.913666259765625 -2.1713828125 102.85000000000001
   vertex -0.913666259765625 -2.1713828125 102.97
   vertex -0.9171834716796875 -2.1727329101562503 102.85000000000001
  endloop
 endfacet
 facet normal 0.23853866755962372 -0.9711329936981201 2.636827700630562e-10
  outer loop
   vertex -0.910007568359375 -2.170484130859375 102.85000000000001
   vertex -0.913666259765625 -2.1713828125 102.97
   vertex -0.913666259765625 -2.1713828125 102.85000000000001
  endloop
 endfacet
 facet normal 0.23853866755962372 -0.9711329936981201 0.0
  outer loop
   vertex -0.910007568359375 -2.170484130859375 102.97
   vertex -0.913666259765625 -2.1713828125 102.97
   vertex -0.910007568359375 -2.170484130859375 102.85000000000001
  endloop
 endfacet
 facet normal 0.3583602011203766 -0.9335834383964539 1.3184189850967698e-10
  outer loop
   vertex -0.913666259765625 -2.1713828125 102.97
   vertex -0.9171834716796875 -2.1727329101562503 102.97
   vertex -0.9171834716796875 -2.1727329101562503 102.85000000000001
  endloop
 endfacet
 facet normal 0.4725446105003357 -0.8813067674636841 1.3184235647667464e-10
  outer loop
   vertex -0.9171834716796875 -2.1727329101562503 102.85000000000001
   vertex -0.9205037231445312 -2.17451318359375 102.97
   vertex -0.9205037231445312 -2.17451318359375 102.85000000000001
  endloop
 endfacet
 facet normal 0.4725446105003357 -0.8813067674636841 0.0
  outer loop
   vertex -0.9171834716796875 -2.1727329101562503 102.97
   vertex -0.9205037231445312 -2.17451318359375 102.97
   vertex -0.9171834716796875 -2.1727329101562503 102.85000000000001
  endloop
 endfacet
 facet normal 0.5792779922485352 -0.8151301145553589 4.614502946420629e-10
  outer loop
   vertex -0.9205037231445312 -2.17451318359375 102.85000000000001
   vertex -0.9235746459960937 -2.176695556640625 102.97
   vertex -0.9235746459960937 -2.176695556640625 102.85000000000001
  endloop
 endfacet
 facet normal 0.5792779922485352 -0.8151301145553589 0.0
  outer loop
   vertex -0.9205037231445312 -2.17451318359375 102.97
   vertex -0.9235746459960937 -2.176695556640625 102.97
   vertex -0.9205037231445312 -2.17451318359375 102.85000000000001
  endloop
 endfacet
 facet normal 0.6769062876701355 -0.7360691428184509 2.6367399930116164e-10
  outer loop
   vertex -0.9235746459960937 -2.176695556640625 102.85000000000001
   vertex -0.9263478393554687 -2.179245849609375 102.97
   vertex -0.9263478393554687 -2.179245849609375 102.85000000000001
  endloop
 endfacet
 facet normal 0.6769062876701355 -0.7360691428184509 0.0
  outer loop
   vertex -0.9235746459960937 -2.176695556640625 102.97
   vertex -0.9263478393554687 -2.179245849609375 102.97
   vertex -0.9235746459960937 -2.176695556640625 102.85000000000001
  endloop
 endfacet
 facet normal 0.7637861967086792 -0.6454693078994751 3.2961289253563564e-10
  outer loop
   vertex -0.9263478393554687 -2.179245849609375 102.85000000000001
   vertex -0.928779541015625 -2.182123291015625 102.97
   vertex -0.928779541015625 -2.182123291015625 102.85000000000001
  endloop
 endfacet
 facet normal 0.7637861967086792 -0.6454693078994751 0.0
  outer loop
   vertex -0.9263478393554687 -2.179245849609375 102.97
   vertex -0.928779541015625 -2.182123291015625 102.97
   vertex -0.9263478393554687 -2.179245849609375 102.85000000000001
  endloop
 endfacet
 facet normal 0.8386744856834412 -0.5446329712867737 -1.3184110747577193e-10
  outer loop
   vertex -0.928779541015625 -2.182123291015625 102.85000000000001
   vertex -0.9308314208984375 -2.185282958984375 102.97
   vertex -0.9308314208984375 -2.185282958984375 102.85000000000001
  endloop
 endfacet
 facet normal 0.8386744856834412 -0.5446329712867737 0.0
  outer loop
   vertex -0.928779541015625 -2.182123291015625 102.97
   vertex -0.9308314208984375 -2.185282958984375 102.97
   vertex -0.928779541015625 -2.182123291015625 102.85000000000001
  endloop
 endfacet
 facet normal 0.9003159403800964 -0.43523693084716797 -3.625687805541844e-10
  outer loop
   vertex -0.9308314208984375 -2.185282958984375 102.85000000000001
   vertex -0.9324711303710937 -2.1886748046875 102.97
   vertex -0.9324711303710937 -2.1886748046875 102.85000000000001
  endloop
 endfacet
 facet normal 0.9003159403800964 -0.43523693084716797 0.0
  outer loop
   vertex -0.9308314208984375 -2.185282958984375 102.97
   vertex -0.9324711303710937 -2.1886748046875 102.97
   vertex -0.9308314208984375 -2.185282958984375 102.85000000000001
  endloop
 endfacet
 facet normal 0.9477656483650208 -0.31896770000457764 0.0
  outer loop
   vertex -0.9324711303710937 -2.1886748046875 102.97
   vertex -0.9336727905273438 -2.192245361328125 102.97
   vertex -0.9324711303710937 -2.1886748046875 102.85000000000001
  endloop
 endfacet
 facet normal 0.9477656483650208 -0.31896770000457764 2.636901252905943e-10
  outer loop
   vertex -0.9324711303710937 -2.1886748046875 102.85000000000001
   vertex -0.9336727905273438 -2.192245361328125 102.97
   vertex -0.9336727905273438 -2.192245361328125 102.85000000000001
  endloop
 endfacet
 facet normal 0.9802687764167786 -0.19766907393932343 0.0
  outer loop
   vertex 0.44502221679687504 -4.58021533203125 102.85000000000001
   vertex 0.44502221679687504 -4.58021533203125 102.97
   vertex 0.44427755737304686 -4.5839082031250005 102.85000000000001
  endloop
 endfacet
 facet normal 0.9802687764167786 -0.19766907393932343 -1.6481241371657518e-10
  outer loop
   vertex 0.44502221679687504 -4.58021533203125 102.97
   vertex 0.44427755737304686 -4.5839082031250005 102.97
   vertex 0.44427755737304686 -4.5839082031250005 102.85000000000001
  endloop
 endfacet
 facet normal 0.9973146915435791 -0.07323523610830307 0.0
  outer loop
   vertex 0.44427755737304686 -4.5839082031250005 102.97
   vertex 0.44400164794921876 -4.58766552734375 102.97
   vertex 0.44427755737304686 -4.5839082031250005 102.85000000000001
  endloop
 endfacet
 facet normal 0.9973146915435791 -0.07323523610830307 -3.296039483013935e-11
  outer loop
   vertex 0.44427755737304686 -4.5839082031250005 102.85000000000001
   vertex 0.44400164794921876 -4.58766552734375 102.97
   vertex 0.44400164794921876 -4.58766552734375 102.85000000000001
  endloop
 endfacet
 facet normal 0.9986298680305481 0.05233054980635643 0.0
  outer loop
   vertex 0.44400164794921876 -4.58766552734375 102.97
   vertex 0.44419882202148436 -4.59142822265625 102.97
   vertex 0.44400164794921876 -4.58766552734375 102.85000000000001
  endloop
 endfacet
 facet normal 0.984192967414856 0.1770993173122406 -0.0
  outer loop
   vertex 0.44419882202148436 -4.59142822265625 102.85000000000001
   vertex 0.44419882202148436 -4.59142822265625 102.97
   vertex 0.444865966796875 -4.5951357421875 102.85000000000001
  endloop
 endfacet
 facet normal 0.9986298680305481 0.05233054980635643 -6.59134968827857e-11
  outer loop
   vertex 0.44400164794921876 -4.58766552734375 102.85000000000001
   vertex 0.44419882202148436 -4.59142822265625 102.97
   vertex 0.44419882202148436 -4.59142822265625 102.85000000000001
  endloop
 endfacet
 facet normal 0.984192967414856 0.1770993173122406 9.889103425031465e-11
  outer loop
   vertex 0.44419882202148436 -4.59142822265625 102.97
   vertex 0.444865966796875 -4.5951357421875 102.97
   vertex 0.444865966796875 -4.5951357421875 102.85000000000001
  endloop
 endfacet
 facet normal 0.9542444944381714 0.29902759194374084 -0.0
  outer loop
   vertex 0.444865966796875 -4.5951357421875 102.85000000000001
   vertex 0.444865966796875 -4.5951357421875 102.97
   vertex 0.4459925842285156 -4.5987309570312505 102.85000000000001
  endloop
 endfacet
 facet normal 0.9542444944381714 0.29902759194374084 3.295897235688905e-11
  outer loop
   vertex 0.444865966796875 -4.5951357421875 102.97
   vertex 0.4459925842285156 -4.5987309570312505 102.97
   vertex 0.4459925842285156 -4.5987309570312505 102.85000000000001
  endloop
 endfacet
 facet normal 0.9092283844947815 0.41629764437675476 0.0
  outer loop
   vertex 0.4459925842285156 -4.5987309570312505 102.97
   vertex 0.4475608825683594 -4.60215625 102.97
   vertex 0.4459925842285156 -4.5987309570312505 102.85000000000001
  endloop
 endfacet
 facet normal 0.9092283844947815 0.41629764437675476 4.614686133219692e-10
  outer loop
   vertex 0.4459925842285156 -4.5987309570312505 102.85000000000001
   vertex 0.4475608825683594 -4.60215625 102.97
   vertex 0.4475608825683594 -4.60215625 102.85000000000001
  endloop
 endfacet
 facet normal 0.849907636642456 0.5269317030906677 0.0
  outer loop
   vertex 0.4475608825683594 -4.60215625 102.97
   vertex 0.44954617309570316 -4.6053583984375 102.97
   vertex 0.4475608825683594 -4.60215625 102.85000000000001
  endloop
 endfacet
 facet normal 0.7771358489990234 0.6293329000473022 -0.0
  outer loop
   vertex 0.44954617309570316 -4.6053583984375 102.85000000000001
   vertex 0.44954617309570316 -4.6053583984375 102.97
   vertex 0.45191708374023437 -4.6082861328125 102.85000000000001
  endloop
 endfacet
 facet normal 0.849907636642456 0.5269317030906677 -1.3183451552656322e-10
  outer loop
   vertex 0.4475608825683594 -4.60215625 102.85000000000001
   vertex 0.44954617309570316 -4.6053583984375 102.97
   vertex 0.44954617309570316 -4.6053583984375 102.85000000000001
  endloop
 endfacet
 facet normal 0.7771358489990234 0.6293329000473022 2.636902640684724e-10
  outer loop
   vertex 0.44954617309570316 -4.6053583984375 102.97
   vertex 0.45191708374023437 -4.6082861328125 102.97
   vertex 0.45191708374023437 -4.6082861328125 102.85000000000001
  endloop
 endfacet
 facet normal 0.6921189427375793 0.721783459186554 0.0
  outer loop
   vertex 0.45191708374023437 -4.6082861328125 102.97
   vertex 0.45463626098632814 -4.6108935546875 102.97
   vertex 0.45191708374023437 -4.6082861328125 102.85000000000001
  endloop
 endfacet
 facet normal 0.6921189427375793 0.721783459186554 -2.636927898258534e-10
  outer loop
   vertex 0.45191708374023437 -4.6082861328125 102.85000000000001
   vertex 0.45463626098632814 -4.6108935546875 102.97
   vertex 0.45463626098632814 -4.6108935546875 102.85000000000001
  endloop
 endfacet
 facet normal 0.5962831377983093 0.80277419090271 0.0
  outer loop
   vertex 0.45463626098632814 -4.6108935546875 102.97
   vertex 0.4576608276367188 -4.61314013671875 102.97
   vertex 0.45463626098632814 -4.6108935546875 102.85000000000001
  endloop
 endfacet
 facet normal 0.5962831377983093 0.80277419090271 9.887587970602851e-11
  outer loop
   vertex 0.45463626098632814 -4.6108935546875 102.85000000000001
   vertex 0.4576608276367188 -4.61314013671875 102.97
   vertex 0.4576608276367188 -4.61314013671875 102.85000000000001
  endloop
 endfacet
 facet normal 0.4908396005630493 0.8712499737739563 0.0
  outer loop
   vertex 0.4576608276367188 -4.61314013671875 102.97
   vertex 0.46094305419921877 -4.6149892578125 102.97
   vertex 0.4576608276367188 -4.61314013671875 102.85000000000001
  endloop
 endfacet
 facet normal 0.4908396005630493 0.8712499737739563 0.0
  outer loop
   vertex 0.4576608276367188 -4.61314013671875 102.85000000000001
   vertex 0.46094305419921877 -4.6149892578125 102.97
   vertex 0.46094305419921877 -4.6149892578125 102.85000000000001
  endloop
 endfacet
 facet normal 0.37791740894317627 0.9258393049240112 0.0
  outer loop
   vertex 0.46094305419921877 -4.6149892578125 102.97
   vertex 0.46443121337890625 -4.6164130859375 102.97
   vertex 0.46094305419921877 -4.6149892578125 102.85000000000001
  endloop
 endfacet
 facet normal 0.2588220536708832 0.9659249782562256 -0.0
  outer loop
   vertex 0.46443121337890625 -4.6164130859375 102.85000000000001
   vertex 0.46443121337890625 -4.6164130859375 102.97
   vertex 0.4680702819824219 -4.61738818359375 102.85000000000001
  endloop
 endfacet
 facet normal 0.37791740894317627 0.9258393049240112 5.273490533141967e-10
  outer loop
   vertex 0.46094305419921877 -4.6149892578125 102.85000000000001
   vertex 0.46443121337890625 -4.6164130859375 102.97
   vertex 0.46443121337890625 -4.6164130859375 102.85000000000001
  endloop
 endfacet
 facet normal 0.2588220536708832 0.9659249782562256 2.3072255217471138e-10
  outer loop
   vertex 0.46443121337890625 -4.6164130859375 102.97
   vertex 0.4680702819824219 -4.61738818359375 102.97
   vertex 0.4680702819824219 -4.61738818359375 102.85000000000001
  endloop
 endfacet
 facet normal 0.13569769263267517 0.9907503128051758 0.0
  outer loop
   vertex 0.4680702819824219 -4.61738818359375 102.97
   vertex 0.4718028564453125 -4.6178994140625 102.97
   vertex 0.4680702819824219 -4.61738818359375 102.85000000000001
  endloop
 endfacet
 facet normal 0.13569769263267517 0.9907503128051758 -9.888168756022608e-11
  outer loop
   vertex 0.4680702819824219 -4.61738818359375 102.85000000000001
   vertex 0.4718028564453125 -4.6178994140625 102.97
   vertex 0.4718028564453125 -4.6178994140625 102.85000000000001
  endloop
 endfacet
 facet normal 0.010498108342289925 0.9999448657035828 0.0
  outer loop
   vertex 0.4718028564453125 -4.6178994140625 102.97
   vertex 0.475570068359375 -4.61793896484375 102.97
   vertex 0.4718028564453125 -4.6178994140625 102.85000000000001
  endloop
 endfacet
 facet normal 0.010498108342289925 0.9999448657035828 0.0
  outer loop
   vertex 0.4718028564453125 -4.6178994140625 102.85000000000001
   vertex 0.475570068359375 -4.61793896484375 102.97
   vertex 0.475570068359375 -4.61793896484375 102.85000000000001
  endloop
 endfacet
 facet normal -0.11496014893054962 0.9933700561523438 0.0
  outer loop
   vertex 0.475570068359375 -4.61793896484375 102.97
   vertex 0.47931253051757816 -4.617505859375 102.97
   vertex 0.475570068359375 -4.61793896484375 102.85000000000001
  endloop
 endfacet
 facet normal -0.11496014893054962 0.9933700561523438 -3.2960401769033254e-11
  outer loop
   vertex 0.475570068359375 -4.61793896484375 102.85000000000001
   vertex 0.47931253051757816 -4.617505859375 102.97
   vertex 0.47931253051757816 -4.617505859375 102.85000000000001
  endloop
 endfacet
 facet normal -0.2385997772216797 0.9711179733276367 0.0
  outer loop
   vertex 0.47931253051757816 -4.617505859375 102.97
   vertex 0.48297122192382813 -4.61660693359375 102.97
   vertex 0.47931253051757816 -4.617505859375 102.85000000000001
  endloop
 endfacet
 facet normal -0.2385997772216797 0.9711179733276367 0.0
  outer loop
   vertex 0.47931253051757816 -4.617505859375 102.85000000000001
   vertex 0.48297122192382813 -4.61660693359375 102.97
   vertex 0.48297122192382813 -4.61660693359375 102.85000000000001
  endloop
 endfacet
 facet normal -0.3583602011203766 0.9335834383964539 0.0
  outer loop
   vertex 0.48297122192382813 -4.61660693359375 102.97
   vertex 0.48648843383789064 -4.6152568359375 102.97
   vertex 0.48297122192382813 -4.61660693359375 102.85000000000001
  endloop
 endfacet
 facet normal -0.4725446105003357 0.8813067674636841 0.0
  outer loop
   vertex 0.48648843383789064 -4.6152568359375 102.85000000000001
   vertex 0.48648843383789064 -4.6152568359375 102.97
   vertex 0.48980868530273436 -4.6134765625 102.85000000000001
  endloop
 endfacet
 facet normal -0.3583602011203766 0.9335834383964539 1.3184189850967698e-10
  outer loop
   vertex 0.48297122192382813 -4.61660693359375 102.85000000000001
   vertex 0.48648843383789064 -4.6152568359375 102.97
   vertex 0.48648843383789064 -4.6152568359375 102.85000000000001
  endloop
 endfacet
 facet normal -0.5792348980903625 0.8151606917381287 0.0
  outer loop
   vertex 0.48980868530273436 -4.6134765625 102.85000000000001
   vertex 0.48980868530273436 -4.6134765625 102.97
   vertex 0.4928796081542969 -4.61129443359375 102.85000000000001
  endloop
 endfacet
 facet normal -0.4725446105003357 0.8813067674636841 1.3184235647667464e-10
  outer loop
   vertex 0.48648843383789064 -4.6152568359375 102.97
   vertex 0.48980868530273436 -4.6134765625 102.97
   vertex 0.48980868530273436 -4.6134765625 102.85000000000001
  endloop
 endfacet
 facet normal -0.5792348980903625 0.8151606917381287 1.3184789371400996e-10
  outer loop
   vertex 0.48980868530273436 -4.6134765625 102.97
   vertex 0.4928796081542969 -4.61129443359375 102.97
   vertex 0.4928796081542969 -4.61129443359375 102.85000000000001
  endloop
 endfacet
 facet normal -0.6769062876701355 0.7360691428184509 2.6367399930116164e-10
  outer loop
   vertex 0.4928796081542969 -4.61129443359375 102.85000000000001
   vertex 0.49565280151367186 -4.608744140625 102.97
   vertex 0.49565280151367186 -4.608744140625 102.85000000000001
  endloop
 endfacet
 facet normal -0.6769062876701355 0.7360691428184509 0.0
  outer loop
   vertex 0.4928796081542969 -4.61129443359375 102.97
   vertex 0.49565280151367186 -4.608744140625 102.97
   vertex 0.4928796081542969 -4.61129443359375 102.85000000000001
  endloop
 endfacet
 facet normal -0.7637822031974792 0.6454740166664124 4.944167297793456e-10
  outer loop
   vertex 0.49565280151367186 -4.608744140625 102.85000000000001
   vertex 0.49808453369140626 -4.60586669921875 102.97
   vertex 0.49808453369140626 -4.60586669921875 102.85000000000001
  endloop
 endfacet
 facet normal -0.7637822031974792 0.6454740166664124 0.0
  outer loop
   vertex 0.49565280151367186 -4.608744140625 102.97
   vertex 0.49808453369140626 -4.60586669921875 102.97
   vertex 0.49565280151367186 -4.608744140625 102.85000000000001
  endloop
 endfacet
 facet normal -0.8386744856834412 0.5446329712867737 -1.3184110747577193e-10
  outer loop
   vertex 0.49808453369140626 -4.60586669921875 102.85000000000001
   vertex 0.5001364135742188 -4.6027070312500005 102.97
   vertex 0.5001364135742188 -4.6027070312500005 102.85000000000001
  endloop
 endfacet
 facet normal -0.8386744856834412 0.5446329712867737 0.0
  outer loop
   vertex 0.49808453369140626 -4.60586669921875 102.97
   vertex 0.5001364135742188 -4.6027070312500005 102.97
   vertex 0.49808453369140626 -4.60586669921875 102.85000000000001
  endloop
 endfacet
 facet normal -0.9003282189369202 0.43521156907081604 0.0
  outer loop
   vertex 0.5001364135742188 -4.6027070312500005 102.97
   vertex 0.501776123046875 -4.59931494140625 102.97
   vertex 0.5001364135742188 -4.6027070312500005 102.85000000000001
  endloop
 endfacet
 facet normal -0.9003282189369202 0.43521156907081604 1.9775324433535246e-10
  outer loop
   vertex 0.5001364135742188 -4.6027070312500005 102.85000000000001
   vertex 0.501776123046875 -4.59931494140625 102.97
   vertex 0.501776123046875 -4.59931494140625 102.85000000000001
  endloop
 endfacet
 facet normal -0.9477589726448059 0.31898725032806396 0.0
  outer loop
   vertex 0.501776123046875 -4.59931494140625 102.97
   vertex 0.502977783203125 -4.5957446289062505 102.97
   vertex 0.501776123046875 -4.59931494140625 102.85000000000001
  endloop
 endfacet
 facet normal -0.9477589726448059 0.31898725032806396 0.0
  outer loop
   vertex 0.501776123046875 -4.59931494140625 102.85000000000001
   vertex 0.502977783203125 -4.5957446289062505 102.97
   vertex 0.502977783203125 -4.5957446289062505 102.85000000000001
  endloop
 endfacet
 facet normal -0.9802739024162292 0.1976439654827118 0.0
  outer loop
   vertex 0.502977783203125 -4.5957446289062505 102.97
   vertex 0.5037224426269531 -4.59205126953125 102.97
   vertex 0.502977783203125 -4.5957446289062505 102.85000000000001
  endloop
 endfacet
 facet normal -0.9802739024162292 0.1976439654827118 -1.3183318325893367e-10
  outer loop
   vertex 0.502977783203125 -4.5957446289062505 102.85000000000001
   vertex 0.5037224426269531 -4.59205126953125 102.97
   vertex 0.5037224426269531 -4.59205126953125 102.85000000000001
  endloop
 endfacet
 facet normal -0.9973146915435791 0.07323523610830307 0.0
  outer loop
   vertex 0.5037224426269531 -4.59205126953125 102.97
   vertex 0.5039983520507813 -4.5882939453125005 102.97
   vertex 0.5037224426269531 -4.59205126953125 102.85000000000001
  endloop
 endfacet
 facet normal -0.9973146915435791 0.07323523610830307 -3.296039483013935e-11
  outer loop
   vertex 0.5037224426269531 -4.59205126953125 102.85000000000001
   vertex 0.5039983520507813 -4.5882939453125005 102.97
   vertex 0.5039983520507813 -4.5882939453125005 102.85000000000001
  endloop
 endfacet
 facet normal -0.9986294507980347 -0.052337322384119034 -0.0
  outer loop
   vertex 0.5039983520507813 -4.5882939453125005 102.97
   vertex 0.5038011779785156 -4.5845317382812505 102.97
   vertex 0.5039983520507813 -4.5882939453125005 102.85000000000001
  endloop
 endfacet
 facet normal -0.9986294507980347 -0.052337322384119034 -3.29610123916968e-11
  outer loop
   vertex 0.5039983520507813 -4.5882939453125005 102.85000000000001
   vertex 0.5038011779785156 -4.5845317382812505 102.97
   vertex 0.5038011779785156 -4.5845317382812505 102.85000000000001
  endloop
 endfacet
 facet normal -0.9841970801353455 -0.17707674205303192 -0.0
  outer loop
   vertex 0.5038011779785156 -4.5845317382812505 102.97
   vertex 0.503134033203125 -4.58082373046875 102.97
   vertex 0.5038011779785156 -4.5845317382812505 102.85000000000001
  endloop
 endfacet
 facet normal -0.9841970801353455 -0.17707674205303192 -6.591895085339416e-11
  outer loop
   vertex 0.5038011779785156 -4.5845317382812505 102.85000000000001
   vertex 0.503134033203125 -4.58082373046875 102.97
   vertex 0.503134033203125 -4.58082373046875 102.85000000000001
  endloop
 endfacet
 facet normal -0.9542328715324402 -0.299064576625824 -0.0
  outer loop
   vertex 0.503134033203125 -4.58082373046875 102.97
   vertex 0.5020074157714843 -4.57722900390625 102.97
   vertex 0.503134033203125 -4.58082373046875 102.85000000000001
  endloop
 endfacet
 facet normal -0.909250795841217 -0.4162485599517822 0.0
  outer loop
   vertex 0.5020074157714843 -4.57722900390625 102.85000000000001
   vertex 0.5020074157714843 -4.57722900390625 102.97
   vertex 0.5004391174316406 -4.57380322265625 102.85000000000001
  endloop
 endfacet
 facet normal -0.9542328715324402 -0.299064576625824 -3.2963048957057595e-10
  outer loop
   vertex 0.503134033203125 -4.58082373046875 102.85000000000001
   vertex 0.5020074157714843 -4.57722900390625 102.97
   vertex 0.5020074157714843 -4.57722900390625 102.85000000000001
  endloop
 endfacet
 facet normal -0.909250795841217 -0.4162485599517822 5.273305125896854e-10
  outer loop
   vertex 0.5020074157714843 -4.57722900390625 102.97
   vertex 0.5004391174316406 -4.57380322265625 102.97
   vertex 0.5004391174316406 -4.57380322265625 102.85000000000001
  endloop
 endfacet
 facet normal -0.8498716354370117 -0.526989758014679 -0.0
  outer loop
   vertex 0.5004391174316406 -4.57380322265625 102.97
   vertex 0.4984538269042969 -4.5706015625 102.97
   vertex 0.5004391174316406 -4.57380322265625 102.85000000000001
  endloop
 endfacet
 facet normal -0.7771358489990234 -0.6293329000473022 0.0
  outer loop
   vertex 0.4984538269042969 -4.5706015625 102.85000000000001
   vertex 0.4984538269042969 -4.5706015625 102.97
   vertex 0.49608291625976564 -4.567673828125 102.85000000000001
  endloop
 endfacet
 facet normal -0.8498716354370117 -0.526989758014679 -1.977735614167031e-10
  outer loop
   vertex 0.5004391174316406 -4.57380322265625 102.85000000000001
   vertex 0.4984538269042969 -4.5706015625 102.97
   vertex 0.4984538269042969 -4.5706015625 102.85000000000001
  endloop
 endfacet
 facet normal -0.7771358489990234 -0.6293329000473022 2.636902640684724e-10
  outer loop
   vertex 0.4984538269042969 -4.5706015625 102.97
   vertex 0.49608291625976564 -4.567673828125 102.97
   vertex 0.49608291625976564 -4.567673828125 102.85000000000001
  endloop
 endfacet
 facet normal -0.6921864151954651 -0.7217187285423279 -0.0
  outer loop
   vertex 0.49608291625976564 -4.567673828125 102.97
   vertex 0.49336373901367186 -4.5650659179687505 102.97
   vertex 0.49608291625976564 -4.567673828125 102.85000000000001
  endloop
 endfacet
 facet normal -0.5961995720863342 -0.8028362393379211 0.0
  outer loop
   vertex 0.49336373901367186 -4.5650659179687505 102.85000000000001
   vertex 0.49336373901367186 -4.5650659179687505 102.97
   vertex 0.4903391723632813 -4.56281982421875 102.85000000000001
  endloop
 endfacet
 facet normal -0.6921864151954651 -0.7217187285423279 3.2958644147207394e-10
  outer loop
   vertex 0.49608291625976564 -4.567673828125 102.85000000000001
   vertex 0.49336373901367186 -4.5650659179687505 102.97
   vertex 0.49336373901367186 -4.5650659179687505 102.85000000000001
  endloop
 endfacet
 facet normal -0.5961995720863342 -0.8028362393379211 2.636893758900527e-10
  outer loop
   vertex 0.49336373901367186 -4.5650659179687505 102.97
   vertex 0.4903391723632813 -4.56281982421875 102.97
   vertex 0.4903391723632813 -4.56281982421875 102.85000000000001
  endloop
 endfacet
 facet normal -0.4909379482269287 -0.8711945414543152 -0.0
  outer loop
   vertex 0.4903391723632813 -4.56281982421875 102.97
   vertex 0.48705694580078124 -4.56097021484375 102.97
   vertex 0.4903391723632813 -4.56281982421875 102.85000000000001
  endloop
 endfacet
 facet normal -0.4909379482269287 -0.8711945414543152 0.0
  outer loop
   vertex 0.4903391723632813 -4.56281982421875 102.85000000000001
   vertex 0.48705694580078124 -4.56097021484375 102.97
   vertex 0.48705694580078124 -4.56097021484375 102.85000000000001
  endloop
 endfacet
 facet normal -0.37780630588531494 -0.9258846640586853 -0.0
  outer loop
   vertex 0.48705694580078124 -4.56097021484375 102.97
   vertex 0.48356878662109376 -4.559546875 102.97
   vertex 0.48705694580078124 -4.56097021484375 102.85000000000001
  endloop
 endfacet
 facet normal -0.2588220536708832 -0.9659249782562256 0.0
  outer loop
   vertex 0.48356878662109376 -4.559546875 102.85000000000001
   vertex 0.48356878662109376 -4.559546875 102.97
   vertex 0.4799297180175781 -4.55857177734375 102.85000000000001
  endloop
 endfacet
 facet normal -0.37780630588531494 -0.9258846640586853 3.955311633774272e-10
  outer loop
   vertex 0.48705694580078124 -4.56097021484375 102.85000000000001
   vertex 0.48356878662109376 -4.559546875 102.97
   vertex 0.48356878662109376 -4.559546875 102.85000000000001
  endloop
 endfacet
 facet normal -0.2588220536708832 -0.9659249782562256 2.3072255217471138e-10
  outer loop
   vertex 0.48356878662109376 -4.559546875 102.97
   vertex 0.4799297180175781 -4.55857177734375 102.97
   vertex 0.4799297180175781 -4.55857177734375 102.85000000000001
  endloop
 endfacet
 facet normal -0.13569769263267517 -0.9907503128051758 -0.0
  outer loop
   vertex 0.4799297180175781 -4.55857177734375 102.97
   vertex 0.4761971435546875 -4.558060546875 102.97
   vertex 0.4799297180175781 -4.55857177734375 102.85000000000001
  endloop
 endfacet
 facet normal -0.13569769263267517 -0.9907503128051758 -9.888168756022608e-11
  outer loop
   vertex 0.4799297180175781 -4.55857177734375 102.85000000000001
   vertex 0.4761971435546875 -4.558060546875 102.97
   vertex 0.4761971435546875 -4.558060546875 102.85000000000001
  endloop
 endfacet
 facet normal -0.010498108342289925 -0.9999448657035828 0.0
  outer loop
   vertex 0.4761971435546875 -4.558060546875 102.85000000000001
   vertex 0.472429931640625 -4.55802099609375 102.97
   vertex 0.472429931640625 -4.55802099609375 102.85000000000001
  endloop
 endfacet
 facet normal -0.010498108342289925 -0.9999448657035828 -0.0
  outer loop
   vertex 0.4761971435546875 -4.558060546875 102.97
   vertex 0.472429931640625 -4.55802099609375 102.97
   vertex 0.4761971435546875 -4.558060546875 102.85000000000001
  endloop
 endfacet
 facet normal 0.11496014893054962 -0.9933700561523438 -3.2960401769033254e-11
  outer loop
   vertex 0.472429931640625 -4.55802099609375 102.85000000000001
   vertex 0.4686874694824219 -4.5584541015625 102.97
   vertex 0.4686874694824219 -4.5584541015625 102.85000000000001
  endloop
 endfacet
 facet normal 0.11496014893054962 -0.9933700561523438 0.0
  outer loop
   vertex 0.472429931640625 -4.55802099609375 102.97
   vertex 0.4686874694824219 -4.5584541015625 102.97
   vertex 0.472429931640625 -4.55802099609375 102.85000000000001
  endloop
 endfacet
 facet normal 0.23847755789756775 -0.9711479544639587 0.0
  outer loop
   vertex 0.4686874694824219 -4.5584541015625 102.85000000000001
   vertex 0.4650287780761719 -4.5593525390625 102.97
   vertex 0.4650287780761719 -4.5593525390625 102.85000000000001
  endloop
 endfacet
 facet normal 0.23847755789756775 -0.9711479544639587 0.0
  outer loop
   vertex 0.4686874694824219 -4.5584541015625 102.97
   vertex 0.4650287780761719 -4.5593525390625 102.97
   vertex 0.4686874694824219 -4.5584541015625 102.85000000000001
  endloop
 endfacet
 facet normal 0.3583602011203766 -0.9335834383964539 1.3184189850967698e-10
  outer loop
   vertex 0.4650287780761719 -4.5593525390625 102.85000000000001
   vertex 0.46151156616210937 -4.56070263671875 102.97
   vertex 0.46151156616210937 -4.56070263671875 102.85000000000001
  endloop
 endfacet
 facet normal 0.3583602011203766 -0.9335834383964539 0.0
  outer loop
   vertex 0.4650287780761719 -4.5593525390625 102.97
   vertex 0.46151156616210937 -4.56070263671875 102.97
   vertex 0.4650287780761719 -4.5593525390625 102.85000000000001
  endloop
 endfacet
 facet normal 0.579321026802063 -0.8150994777679443 0.0
  outer loop
   vertex 0.45819131469726565 -4.56248291015625 102.85000000000001
   vertex 0.45819131469726565 -4.56248291015625 102.97
   vertex 0.45512039184570313 -4.56466552734375 102.85000000000001
  endloop
 endfacet
 facet normal 0.4725446105003357 -0.8813067674636841 1.3184235647667464e-10
  outer loop
   vertex 0.46151156616210937 -4.56070263671875 102.85000000000001
   vertex 0.45819131469726565 -4.56248291015625 102.97
   vertex 0.45819131469726565 -4.56248291015625 102.85000000000001
  endloop
 endfacet
 facet normal 0.4725446105003357 -0.8813067674636841 0.0
  outer loop
   vertex 0.46151156616210937 -4.56070263671875 102.97
   vertex 0.45819131469726565 -4.56248291015625 102.97
   vertex 0.46151156616210937 -4.56070263671875 102.85000000000001
  endloop
 endfacet
 facet normal 0.6769062876701355 -0.7360691428184509 0.0
  outer loop
   vertex 0.45512039184570313 -4.56466552734375 102.85000000000001
   vertex 0.45512039184570313 -4.56466552734375 102.97
   vertex 0.45234719848632815 -4.5672158203125 102.85000000000001
  endloop
 endfacet
 facet normal 0.579321026802063 -0.8150994777679443 -2.6367596994703035e-10
  outer loop
   vertex 0.45819131469726565 -4.56248291015625 102.97
   vertex 0.45512039184570313 -4.56466552734375 102.97
   vertex 0.45512039184570313 -4.56466552734375 102.85000000000001
  endloop
 endfacet
 facet normal 0.6769062876701355 -0.7360691428184509 2.6367399930116164e-10
  outer loop
   vertex 0.45512039184570313 -4.56466552734375 102.97
   vertex 0.45234719848632815 -4.5672158203125 102.97
   vertex 0.45234719848632815 -4.5672158203125 102.85000000000001
  endloop
 endfacet
 facet normal 0.7637822031974792 -0.6454740166664124 4.944167297793456e-10
  outer loop
   vertex 0.45234719848632815 -4.5672158203125 102.85000000000001
   vertex 0.44991546630859375 -4.57009326171875 102.97
   vertex 0.44991546630859375 -4.57009326171875 102.85000000000001
  endloop
 endfacet
 facet normal 0.7637822031974792 -0.6454740166664124 0.0
  outer loop
   vertex 0.45234719848632815 -4.5672158203125 102.97
   vertex 0.44991546630859375 -4.57009326171875 102.97
   vertex 0.45234719848632815 -4.5672158203125 102.85000000000001
  endloop
 endfacet
 facet normal 0.8386744856834412 -0.5446329712867737 -1.3184110747577193e-10
  outer loop
   vertex 0.44991546630859375 -4.57009326171875 102.85000000000001
   vertex 0.4478635864257813 -4.5732529296875 102.97
   vertex 0.4478635864257813 -4.5732529296875 102.85000000000001
  endloop
 endfacet
 facet normal 0.8386744856834412 -0.5446329712867737 0.0
  outer loop
   vertex 0.44991546630859375 -4.57009326171875 102.97
   vertex 0.4478635864257813 -4.5732529296875 102.97
   vertex 0.44991546630859375 -4.57009326171875 102.85000000000001
  endloop
 endfacet
 facet normal 0.9003036618232727 -0.4352623522281647 1.3185089131617644e-10
  outer loop
   vertex 0.4478635864257813 -4.5732529296875 102.85000000000001
   vertex 0.446223876953125 -4.57664453125 102.97
   vertex 0.446223876953125 -4.57664453125 102.85000000000001
  endloop
 endfacet
 facet normal 0.9003036618232727 -0.4352623522281647 0.0
  outer loop
   vertex 0.4478635864257813 -4.5732529296875 102.97
   vertex 0.446223876953125 -4.57664453125 102.97
   vertex 0.4478635864257813 -4.5732529296875 102.85000000000001
  endloop
 endfacet
 facet normal 0.947772204875946 -0.31894809007644653 0.0
  outer loop
   vertex 0.446223876953125 -4.57664453125 102.97
   vertex 0.44502221679687504 -4.58021533203125 102.97
   vertex 0.446223876953125 -4.57664453125 102.85000000000001
  endloop
 endfacet
 facet normal 0.947772204875946 -0.31894809007644653 5.273478875800208e-10
  outer loop
   vertex 0.446223876953125 -4.57664453125 102.85000000000001
   vertex 0.44502221679687504 -4.58021533203125 102.97
   vertex 0.44502221679687504 -4.58021533203125 102.85000000000001
  endloop
 endfacet
 facet normal 0.9802729487419128 -0.19764873385429382 -2.636835194635978e-10
  outer loop
   vertex 1.82371728515625 -2.192245361328125 102.85000000000001
   vertex 1.82297265625 -2.1959384765625 102.97
   vertex 1.82297265625 -2.1959384765625 102.85000000000001
  endloop
 endfacet
 facet normal 0.9802729487419128 -0.19764873385429382 0.0
  outer loop
   vertex 1.82371728515625 -2.192245361328125 102.97
   vertex 1.82297265625 -2.1959384765625 102.97
   vertex 1.82371728515625 -2.192245361328125 102.85000000000001
  endloop
 endfacet
 facet normal 0.9973129034042358 -0.07325940579175949 0.0
  outer loop
   vertex 1.82297265625 -2.1959384765625 102.85000000000001
   vertex 1.82297265625 -2.1959384765625 102.97
   vertex 1.8226966552734376 -2.19969580078125 102.85000000000001
  endloop
 endfacet
 facet normal 0.9973129034042358 -0.07325940579175949 -1.3184134339816467e-10
  outer loop
   vertex 1.82297265625 -2.1959384765625 102.97
   vertex 1.8226966552734376 -2.19969580078125 102.97
   vertex 1.8226966552734376 -2.19969580078125 102.85000000000001
  endloop
 endfacet
 facet normal 0.9986301064491272 0.052325859665870667 0.0
  outer loop
   vertex 1.8226966552734376 -2.19969580078125 102.97
   vertex 1.822893798828125 -2.203458251953125 102.97
   vertex 1.8226966552734376 -2.19969580078125 102.85000000000001
  endloop
 endfacet
 facet normal 0.984190821647644 0.17711156606674194 -0.0
  outer loop
   vertex 1.822893798828125 -2.203458251953125 102.85000000000001
   vertex 1.822893798828125 -2.203458251953125 102.97
   vertex 1.8235610351562501 -2.207166015625 102.85000000000001
  endloop
 endfacet
 facet normal 0.9986301064491272 0.052325859665870667 -6.591779205811221e-11
  outer loop
   vertex 1.8226966552734376 -2.19969580078125 102.85000000000001
   vertex 1.822893798828125 -2.203458251953125 102.97
   vertex 1.822893798828125 -2.203458251953125 102.85000000000001
  endloop
 endfacet
 facet normal 0.984190821647644 0.17711156606674194 1.3184574265689974e-10
  outer loop
   vertex 1.822893798828125 -2.203458251953125 102.97
   vertex 1.8235610351562501 -2.207166015625 102.97
   vertex 1.8235610351562501 -2.207166015625 102.85000000000001
  endloop
 endfacet
 facet normal 0.9542409777641296 0.29903870820999146 -0.0
  outer loop
   vertex 1.8235610351562501 -2.207166015625 102.85000000000001
   vertex 1.8235610351562501 -2.207166015625 102.97
   vertex 1.8246876220703125 -2.210760986328125 102.85000000000001
  endloop
 endfacet
 facet normal 0.9542409777641296 0.29903870820999146 -6.592218437795339e-11
  outer loop
   vertex 1.8235610351562501 -2.207166015625 102.97
   vertex 1.8246876220703125 -2.210760986328125 102.97
   vertex 1.8246876220703125 -2.210760986328125 102.85000000000001
  endloop
 endfacet
 facet normal 0.9092334508895874 0.41628649830818176 -0.0
  outer loop
   vertex 1.8246876220703125 -2.210760986328125 102.85000000000001
   vertex 1.8246876220703125 -2.210760986328125 102.97
   vertex 1.8262559814453125 -2.2141865234375 102.85000000000001
  endloop
 endfacet
 facet normal 0.9092334508895874 0.41628649830818176 0.0
  outer loop
   vertex 1.8246876220703125 -2.210760986328125 102.97
   vertex 1.8262559814453125 -2.2141865234375 102.97
   vertex 1.8262559814453125 -2.2141865234375 102.85000000000001
  endloop
 endfacet
 facet normal 0.8498969078063965 0.5269490480422974 0.0
  outer loop
   vertex 1.8262559814453125 -2.2141865234375 102.97
   vertex 1.8282412109375001 -2.217388427734375 102.97
   vertex 1.8262559814453125 -2.2141865234375 102.85000000000001
  endloop
 endfacet
 facet normal 0.8498969078063965 0.5269490480422974 1.9776436044338652e-10
  outer loop
   vertex 1.8262559814453125 -2.2141865234375 102.85000000000001
   vertex 1.8282412109375001 -2.217388427734375 102.97
   vertex 1.8282412109375001 -2.217388427734375 102.85000000000001
  endloop
 endfacet
 facet normal 0.7771535515785217 0.6293110251426697 0.0
  outer loop
   vertex 1.8282412109375001 -2.217388427734375 102.97
   vertex 1.8306121826171875 -2.2203164062500003 102.97
   vertex 1.8282412109375001 -2.217388427734375 102.85000000000001
  endloop
 endfacet
 facet normal 0.692126989364624 0.7217757105827332 -0.0
  outer loop
   vertex 1.8306121826171875 -2.2203164062500003 102.85000000000001
   vertex 1.8306121826171875 -2.2203164062500003 102.97
   vertex 1.833331298828125 -2.222923828125 102.85000000000001
  endloop
 endfacet
 facet normal 0.7771535515785217 0.6293110251426697 -4.614300330718635e-10
  outer loop
   vertex 1.8282412109375001 -2.217388427734375 102.85000000000001
   vertex 1.8306121826171875 -2.2203164062500003 102.97
   vertex 1.8306121826171875 -2.2203164062500003 102.85000000000001
  endloop
 endfacet
 facet normal 0.692126989364624 0.7217757105827332 -5.273917413894935e-10
  outer loop
   vertex 1.8306121826171875 -2.2203164062500003 102.97
   vertex 1.833331298828125 -2.222923828125 102.97
   vertex 1.833331298828125 -2.222923828125 102.85000000000001
  endloop
 endfacet
 facet normal 0.5962452292442322 0.802802324295044 -0.0
  outer loop
   vertex 1.833331298828125 -2.222923828125 102.85000000000001
   vertex 1.833331298828125 -2.222923828125 102.97
   vertex 1.8363558349609375 -2.225170166015625 102.85000000000001
  endloop
 endfacet
 facet normal 0.5962452292442322 0.802802324295044 4.614416071468952e-10
  outer loop
   vertex 1.833331298828125 -2.222923828125 102.97
   vertex 1.8363558349609375 -2.225170166015625 102.97
   vertex 1.8363558349609375 -2.225170166015625 102.85000000000001
  endloop
 endfacet
 facet normal 0.4908887445926666 0.8712222576141357 0.0
  outer loop
   vertex 1.8363558349609375 -2.225170166015625 102.97
   vertex 1.8396380615234376 -2.22701953125 102.97
   vertex 1.8363558349609375 -2.225170166015625 102.85000000000001
  endloop
 endfacet
 facet normal 0.4908887445926666 0.8712222576141357 5.273746439549143e-10
  outer loop
   vertex 1.8363558349609375 -2.225170166015625 102.85000000000001
   vertex 1.8396380615234376 -2.22701953125 102.97
   vertex 1.8396380615234376 -2.22701953125 102.85000000000001
  endloop
 endfacet
 facet normal 0.3778618574142456 0.9258620142936707 0.0
  outer loop
   vertex 1.8396380615234376 -2.22701953125 102.97
   vertex 1.843126220703125 -2.228443115234375 102.97
   vertex 1.8396380615234376 -2.22701953125 102.85000000000001
  endloop
 endfacet
 facet normal 0.3778618574142456 0.9258620142936707 4.6144171816919766e-10
  outer loop
   vertex 1.8396380615234376 -2.22701953125 102.85000000000001
   vertex 1.843126220703125 -2.228443115234375 102.97
   vertex 1.843126220703125 -2.228443115234375 102.85000000000001
  endloop
 endfacet
 facet normal 0.25882408022880554 0.9659245014190674 0.0
  outer loop
   vertex 1.843126220703125 -2.228443115234375 102.97
   vertex 1.8467652587890626 -2.229418212890625 102.97
   vertex 1.843126220703125 -2.228443115234375 102.85000000000001
  endloop
 endfacet
 facet normal 0.13569442927837372 0.990750789642334 -0.0
  outer loop
   vertex 1.8467652587890626 -2.229418212890625 102.85000000000001
   vertex 1.8467652587890626 -2.229418212890625 102.97
   vertex 1.8504979248046876 -2.2299294433593753 102.85000000000001
  endloop
 endfacet
 facet normal 0.25882408022880554 0.9659245014190674 1.3184250913234052e-10
  outer loop
   vertex 1.843126220703125 -2.228443115234375 102.85000000000001
   vertex 1.8467652587890626 -2.229418212890625 102.97
   vertex 1.8467652587890626 -2.229418212890625 102.85000000000001
  endloop
 endfacet
 facet normal 0.13569442927837372 0.990750789642334 0.0
  outer loop
   vertex 1.8467652587890626 -2.229418212890625 102.97
   vertex 1.8504979248046876 -2.2299294433593753 102.97
   vertex 1.8504979248046876 -2.2299294433593753 102.85000000000001
  endloop
 endfacet
 facet normal 0.010498108342289925 0.9999448657035828 0.0
  outer loop
   vertex 1.8504979248046876 -2.2299294433593753 102.97
   vertex 1.85426513671875 -2.229968994140625 102.97
   vertex 1.8504979248046876 -2.2299294433593753 102.85000000000001
  endloop
 endfacet
 facet normal 0.010498108342289925 0.9999448657035828 0.0
  outer loop
   vertex 1.8504979248046876 -2.2299294433593753 102.85000000000001
   vertex 1.85426513671875 -2.229968994140625 102.97
   vertex 1.85426513671875 -2.229968994140625 102.85000000000001
  endloop
 endfacet
 facet normal -0.11496108025312424 0.993369996547699 0.0
  outer loop
   vertex 1.85426513671875 -2.229968994140625 102.97
   vertex 1.858007568359375 -2.229535888671875 102.97
   vertex 1.85426513671875 -2.229968994140625 102.85000000000001
  endloop
 endfacet
 facet normal -0.23853866755962372 0.9711329936981201 0.0
  outer loop
   vertex 1.858007568359375 -2.229535888671875 102.85000000000001
   vertex 1.858007568359375 -2.229535888671875 102.97
   vertex 1.861666259765625 -2.22863720703125 102.85000000000001
  endloop
 endfacet
 facet normal -0.11496108025312424 0.993369996547699 0.0
  outer loop
   vertex 1.85426513671875 -2.229968994140625 102.85000000000001
   vertex 1.858007568359375 -2.229535888671875 102.97
   vertex 1.858007568359375 -2.229535888671875 102.85000000000001
  endloop
 endfacet
 facet normal -0.23853866755962372 0.9711329936981201 2.636827700630562e-10
  outer loop
   vertex 1.858007568359375 -2.229535888671875 102.97
   vertex 1.861666259765625 -2.22863720703125 102.97
   vertex 1.861666259765625 -2.22863720703125 102.85000000000001
  endloop
 endfacet
 facet normal -0.3583602011203766 0.9335834383964539 0.0
  outer loop
   vertex 1.861666259765625 -2.22863720703125 102.97
   vertex 1.8651834716796876 -2.227287109375 102.97
   vertex 1.861666259765625 -2.22863720703125 102.85000000000001
  endloop
 endfacet
 facet normal -0.3583602011203766 0.9335834383964539 1.3184189850967698e-10
  outer loop
   vertex 1.861666259765625 -2.22863720703125 102.85000000000001
   vertex 1.8651834716796876 -2.227287109375 102.97
   vertex 1.8651834716796876 -2.227287109375 102.85000000000001
  endloop
 endfacet
 facet normal -0.5792626738548279 0.815140962600708 0.0
  outer loop
   vertex 1.8685036621093751 -2.2255068359375 102.85000000000001
   vertex 1.8685036621093751 -2.2255068359375 102.97
   vertex 1.87157470703125 -2.2233244628906252 102.85000000000001
  endloop
 endfacet
 facet normal -0.4725513458251953 0.881303071975708 2.63688487711633e-10
  outer loop
   vertex 1.8651834716796876 -2.227287109375 102.85000000000001
   vertex 1.8685036621093751 -2.2255068359375 102.97
   vertex 1.8685036621093751 -2.2255068359375 102.85000000000001
  endloop
 endfacet
 facet normal -0.4725513458251953 0.881303071975708 0.0
  outer loop
   vertex 1.8651834716796876 -2.227287109375 102.97
   vertex 1.8685036621093751 -2.2255068359375 102.97
   vertex 1.8651834716796876 -2.227287109375 102.85000000000001
  endloop
 endfacet
 facet normal -0.5792626738548279 0.815140962600708 1.318394560190228e-10
  outer loop
   vertex 1.8685036621093751 -2.2255068359375 102.97
   vertex 1.87157470703125 -2.2233244628906252 102.97
   vertex 1.87157470703125 -2.2233244628906252 102.85000000000001
  endloop
 endfacet
 facet normal -0.6768711805343628 0.7361014485359192 3.9552836006429004e-10
  outer loop
   vertex 1.87157470703125 -2.2233244628906252 102.85000000000001
   vertex 1.874347900390625 -2.2207744140625 102.97
   vertex 1.874347900390625 -2.2207744140625 102.85000000000001
  endloop
 endfacet
 facet normal -0.6768711805343628 0.7361014485359192 0.0
  outer loop
   vertex 1.87157470703125 -2.2233244628906252 102.97
   vertex 1.874347900390625 -2.2207744140625 102.97
   vertex 1.87157470703125 -2.2233244628906252 102.85000000000001
  endloop
 endfacet
 facet normal -0.7638211846351624 0.645427942276001 0.0
  outer loop
   vertex 1.874347900390625 -2.2207744140625 102.85000000000001
   vertex 1.876779541015625 -2.2178967285156252 102.97
   vertex 1.876779541015625 -2.2178967285156252 102.85000000000001
  endloop
 endfacet
 facet normal -0.7638211846351624 0.645427942276001 0.0
  outer loop
   vertex 1.874347900390625 -2.2207744140625 102.97
   vertex 1.876779541015625 -2.2178967285156252 102.97
   vertex 1.874347900390625 -2.2207744140625 102.85000000000001
  endloop
 endfacet
 facet normal -0.8386744856834412 0.5446329712867737 -1.3184110747577193e-10
  outer loop
   vertex 1.876779541015625 -2.2178967285156252 102.85000000000001
   vertex 1.8788314208984376 -2.214737060546875 102.97
   vertex 1.8788314208984376 -2.214737060546875 102.85000000000001
  endloop
 endfacet
 facet normal -0.8386744856834412 0.5446329712867737 0.0
  outer loop
   vertex 1.876779541015625 -2.2178967285156252 102.97
   vertex 1.8788314208984376 -2.214737060546875 102.97
   vertex 1.876779541015625 -2.2178967285156252 102.85000000000001
  endloop
 endfacet
 facet normal -0.9003096222877502 0.43525007367134094 0.0
  outer loop
   vertex 1.8788314208984376 -2.214737060546875 102.97
   vertex 1.88047119140625 -2.21134521484375 102.97
   vertex 1.8788314208984376 -2.214737060546875 102.85000000000001
  endloop
 endfacet
 facet normal -0.9003096222877502 0.43525007367134094 -1.9776338899823998e-10
  outer loop
   vertex 1.8788314208984376 -2.214737060546875 102.85000000000001
   vertex 1.88047119140625 -2.21134521484375 102.97
   vertex 1.88047119140625 -2.21134521484375 102.85000000000001
  endloop
 endfacet
 facet normal -0.9477656483650208 0.31896770000457764 0.0
  outer loop
   vertex 1.88047119140625 -2.21134521484375 102.97
   vertex 1.8816728515625 -2.207774658203125 102.97
   vertex 1.88047119140625 -2.21134521484375 102.85000000000001
  endloop
 endfacet
 facet normal -0.9477656483650208 0.31896770000457764 2.636901252905943e-10
  outer loop
   vertex 1.88047119140625 -2.21134521484375 102.85000000000001
   vertex 1.8816728515625 -2.207774658203125 102.97
   vertex 1.8816728515625 -2.207774658203125 102.85000000000001
  endloop
 endfacet
 facet normal -0.9802729487419128 0.19764873385429382 0.0
  outer loop
   vertex 1.8816728515625 -2.207774658203125 102.97
   vertex 1.8824174804687501 -2.20408154296875 102.97
   vertex 1.8816728515625 -2.207774658203125 102.85000000000001
  endloop
 endfacet
 facet normal -0.9973152875900269 0.0732271745800972 0.0
  outer loop
   vertex 1.8824174804687501 -2.20408154296875 102.85000000000001
   vertex 1.8824174804687501 -2.20408154296875 102.97
   vertex 1.882693359375 -2.20032421875 102.85000000000001
  endloop
 endfacet
 facet normal -0.9802729487419128 0.19764873385429382 -2.636835194635978e-10
  outer loop
   vertex 1.8816728515625 -2.207774658203125 102.85000000000001
   vertex 1.8824174804687501 -2.20408154296875 102.97
   vertex 1.8824174804687501 -2.20408154296875 102.85000000000001
  endloop
 endfacet
 facet normal -0.9973152875900269 0.0732271745800972 0.0
  outer loop
   vertex 1.8824174804687501 -2.20408154296875 102.97
   vertex 1.882693359375 -2.20032421875 102.97
   vertex 1.882693359375 -2.20032421875 102.85000000000001
  endloop
 endfacet
 facet normal -0.9986298680305481 -0.05232924222946167 -0.0
  outer loop
   vertex 1.882693359375 -2.20032421875 102.97
   vertex 1.8824962158203125 -2.19656201171875 102.97
   vertex 1.882693359375 -2.20032421875 102.85000000000001
  endloop
 endfacet
 facet normal -0.9986298680305481 -0.05232924222946167 0.0
  outer loop
   vertex 1.882693359375 -2.20032421875 102.85000000000001
   vertex 1.8824962158203125 -2.19656201171875 102.97
   vertex 1.8824962158203125 -2.19656201171875 102.85000000000001
  endloop
 endfacet
 facet normal -0.9841984510421753 -0.17706888914108276 -0.0
  outer loop
   vertex 1.8824962158203125 -2.19656201171875 102.97
   vertex 1.8818291015625 -2.19285400390625 102.97
   vertex 1.8824962158203125 -2.19656201171875 102.85000000000001
  endloop
 endfacet
 facet normal -0.9841984510421753 -0.17706888914108276 -2.636761919916353e-10
  outer loop
   vertex 1.8824962158203125 -2.19656201171875 102.85000000000001
   vertex 1.8818291015625 -2.19285400390625 102.97
   vertex 1.8818291015625 -2.19285400390625 102.85000000000001
  endloop
 endfacet
 facet normal -0.9542317390441895 -0.2990682125091553 -0.0
  outer loop
   vertex 1.8818291015625 -2.19285400390625 102.97
   vertex 1.880702392578125 -2.189259033203125 102.97
   vertex 1.8818291015625 -2.19285400390625 102.85000000000001
  endloop
 endfacet
 facet normal -0.9092457294464111 -0.4162597060203552 0.0
  outer loop
   vertex 1.880702392578125 -2.189259033203125 102.85000000000001
   vertex 1.880702392578125 -2.189259033203125 102.97
   vertex 1.8791341552734375 -2.18583349609375 102.85000000000001
  endloop
 endfacet
 facet normal -0.9542317390441895 -0.2990682125091553 -3.9552924824270974e-10
  outer loop
   vertex 1.8818291015625 -2.19285400390625 102.85000000000001
   vertex 1.880702392578125 -2.189259033203125 102.97
   vertex 1.880702392578125 -2.189259033203125 102.85000000000001
  endloop
 endfacet
 facet normal -0.9092457294464111 -0.4162597060203552 -6.592064394350672e-11
  outer loop
   vertex 1.880702392578125 -2.189259033203125 102.97
   vertex 1.8791341552734375 -2.18583349609375 102.97
   vertex 1.8791341552734375 -2.18583349609375 102.85000000000001
  endloop
 endfacet
 facet normal -0.8498969078063965 -0.5269490480422974 -0.0
  outer loop
   vertex 1.8791341552734375 -2.18583349609375 102.97
   vertex 1.8771489257812501 -2.182631591796875 102.97
   vertex 1.8791341552734375 -2.18583349609375 102.85000000000001
  endloop
 endfacet
 facet normal -0.7771279215812683 -0.6293426752090454 0.0
  outer loop
   vertex 1.8771489257812501 -2.182631591796875 102.85000000000001
   vertex 1.8771489257812501 -2.182631591796875 102.97
   vertex 1.8747779541015626 -2.1797038574218752 102.85000000000001
  endloop
 endfacet
 facet normal -0.8498969078063965 -0.5269490480422974 1.9776436044338652e-10
  outer loop
   vertex 1.8791341552734375 -2.18583349609375 102.85000000000001
   vertex 1.8771489257812501 -2.182631591796875 102.97
   vertex 1.8771489257812501 -2.182631591796875 102.85000000000001
  endloop
 endfacet
 facet normal -0.7771279215812683 -0.6293426752090454 -5.273751990664266e-10
  outer loop
   vertex 1.8771489257812501 -2.182631591796875 102.97
   vertex 1.8747779541015626 -2.1797038574218752 102.97
   vertex 1.8747779541015626 -2.1797038574218752 102.85000000000001
  endloop
 endfacet
 facet normal -0.6921445727348328 -0.7217588424682617 -0.0
  outer loop
   vertex 1.8747779541015626 -2.1797038574218752 102.97
   vertex 1.8720587158203126 -2.17709619140625 102.97
   vertex 1.8747779541015626 -2.1797038574218752 102.85000000000001
  endloop
 endfacet
 facet normal -0.6921445727348328 -0.7217588424682617 -2.6367788508174783e-10
  outer loop
   vertex 1.8747779541015626 -2.1797038574218752 102.85000000000001
   vertex 1.8720587158203126 -2.17709619140625 102.97
   vertex 1.8720587158203126 -2.17709619140625 102.85000000000001
  endloop
 endfacet
 facet normal -0.5962452292442322 -0.802802324295044 -0.0
  outer loop
   vertex 1.8720587158203126 -2.17709619140625 102.97
   vertex 1.8690341796875 -2.174849853515625 102.97
   vertex 1.8720587158203126 -2.17709619140625 102.85000000000001
  endloop
 endfacet
 facet normal -0.5962452292442322 -0.802802324295044 4.614416071468952e-10
  outer loop
   vertex 1.8720587158203126 -2.17709619140625 102.85000000000001
   vertex 1.8690341796875 -2.174849853515625 102.97
   vertex 1.8690341796875 -2.174849853515625 102.85000000000001
  endloop
 endfacet
 facet normal -0.4908887445926666 -0.8712222576141357 -0.0
  outer loop
   vertex 1.8690341796875 -2.174849853515625 102.97
   vertex 1.865751953125 -2.17300048828125 102.97
   vertex 1.8690341796875 -2.174849853515625 102.85000000000001
  endloop
 endfacet
 facet normal -0.3778618574142456 -0.9258620142936707 0.0
  outer loop
   vertex 1.865751953125 -2.17300048828125 102.85000000000001
   vertex 1.865751953125 -2.17300048828125 102.97
   vertex 1.8622637939453126 -2.171576904296875 102.85000000000001
  endloop
 endfacet
 facet normal -0.4908887445926666 -0.8712222576141357 5.273746439549143e-10
  outer loop
   vertex 1.8690341796875 -2.174849853515625 102.85000000000001
   vertex 1.865751953125 -2.17300048828125 102.97
   vertex 1.865751953125 -2.17300048828125 102.85000000000001
  endloop
 endfacet
 facet normal -0.3778618574142456 -0.9258620142936707 4.6144171816919766e-10
  outer loop
   vertex 1.865751953125 -2.17300048828125 102.97
   vertex 1.8622637939453126 -2.171576904296875 102.97
   vertex 1.8622637939453126 -2.171576904296875 102.85000000000001
  endloop
 endfacet
 facet normal -0.25882408022880554 -0.9659245014190674 -0.0
  outer loop
   vertex 1.8622637939453126 -2.171576904296875 102.97
   vertex 1.8586247558593751 -2.170601806640625 102.97
   vertex 1.8622637939453126 -2.171576904296875 102.85000000000001
  endloop
 endfacet
 facet normal -0.25882408022880554 -0.9659245014190674 1.3184250913234052e-10
  outer loop
   vertex 1.8622637939453126 -2.171576904296875 102.85000000000001
   vertex 1.8586247558593751 -2.170601806640625 102.97
   vertex 1.8586247558593751 -2.170601806640625 102.85000000000001
  endloop
 endfacet
 facet normal -0.13569878041744232 -0.9907501339912415 -0.0
  outer loop
   vertex 1.8586247558593751 -2.170601806640625 102.97
   vertex 1.8548922119140625 -2.170090576171875 102.97
   vertex 1.8586247558593751 -2.170601806640625 102.85000000000001
  endloop
 endfacet
 facet normal -0.13569878041744232 -0.9907501339912415 1.3184330016624557e-10
  outer loop
   vertex 1.8586247558593751 -2.170601806640625 102.85000000000001
   vertex 1.8548922119140625 -2.170090576171875 102.97
   vertex 1.8548922119140625 -2.170090576171875 102.85000000000001
  endloop
 endfacet
 facet normal -0.010433312505483627 -0.9999455213546753 0.0
  outer loop
   vertex 1.8548922119140625 -2.170090576171875 102.85000000000001
   vertex 1.8511250000000001 -2.17005126953125 102.97
   vertex 1.8511250000000001 -2.17005126953125 102.85000000000001
  endloop
 endfacet
 facet normal -0.010433312505483627 -0.9999455213546753 -0.0
  outer loop
   vertex 1.8548922119140625 -2.170090576171875 102.97
   vertex 1.8511250000000001 -2.17005126953125 102.97
   vertex 1.8548922119140625 -2.170090576171875 102.85000000000001
  endloop
 endfacet
 facet normal 0.11489343643188477 -0.9933778643608093 0.0
  outer loop
   vertex 1.8511250000000001 -2.17005126953125 102.97
   vertex 1.8473824462890625 -2.170484130859375 102.97
   vertex 1.8511250000000001 -2.17005126953125 102.85000000000001
  endloop
 endfacet
 facet normal 0.23853866755962372 -0.9711329936981201 0.0
  outer loop
   vertex 1.8473824462890625 -2.170484130859375 102.85000000000001
   vertex 1.8473824462890625 -2.170484130859375 102.97
   vertex 1.8437237548828125 -2.1713828125 102.85000000000001
  endloop
 endfacet
 facet normal 0.11489343643188477 -0.9933778643608093 -6.59197141317236e-11
  outer loop
   vertex 1.8511250000000001 -2.17005126953125 102.85000000000001
   vertex 1.8473824462890625 -2.170484130859375 102.97
   vertex 1.8473824462890625 -2.170484130859375 102.85000000000001
  endloop
 endfacet
 facet normal 0.23853866755962372 -0.9711329936981201 2.636827700630562e-10
  outer loop
   vertex 1.8473824462890625 -2.170484130859375 102.97
   vertex 1.8437237548828125 -2.1713828125 102.97
   vertex 1.8437237548828125 -2.1713828125 102.85000000000001
  endloop
 endfacet
 facet normal 0.3583710491657257 -0.9335792660713196 -5.273835257391113e-10
  outer loop
   vertex 1.8437237548828125 -2.1713828125 102.85000000000001
   vertex 1.8402066650390625 -2.1727329101562503 102.97
   vertex 1.8402066650390625 -2.1727329101562503 102.85000000000001
  endloop
 endfacet
 facet normal 0.3583710491657257 -0.9335792660713196 0.0
  outer loop
   vertex 1.8437237548828125 -2.1713828125 102.97
   vertex 1.8402066650390625 -2.1727329101562503 102.97
   vertex 1.8437237548828125 -2.1713828125 102.85000000000001
  endloop
 endfacet
 facet normal 0.4725378751754761 -0.8813103437423706 0.0
  outer loop
   vertex 1.8402066650390625 -2.1727329101562503 102.85000000000001
   vertex 1.8368863525390626 -2.17451318359375 102.97
   vertex 1.8368863525390626 -2.17451318359375 102.85000000000001
  endloop
 endfacet
 facet normal 0.4725378751754761 -0.8813103437423706 0.0
  outer loop
   vertex 1.8402066650390625 -2.1727329101562503 102.97
   vertex 1.8368863525390626 -2.17451318359375 102.97
   vertex 1.8402066650390625 -2.1727329101562503 102.85000000000001
  endloop
 endfacet
 facet normal 0.6769062876701355 -0.7360691428184509 0.0
  outer loop
   vertex 1.8338154296875 -2.176695556640625 102.85000000000001
   vertex 1.8338154296875 -2.176695556640625 102.97
   vertex 1.8310422363281251 -2.179245849609375 102.85000000000001
  endloop
 endfacet
 facet normal 0.5792779922485352 -0.8151301145553589 4.614502946420629e-10
  outer loop
   vertex 1.8368863525390626 -2.17451318359375 102.85000000000001
   vertex 1.8338154296875 -2.176695556640625 102.97
   vertex 1.8338154296875 -2.176695556640625 102.85000000000001
  endloop
 endfacet
 facet normal 0.5792779922485352 -0.8151301145553589 0.0
  outer loop
   vertex 1.8368863525390626 -2.17451318359375 102.97
   vertex 1.8338154296875 -2.176695556640625 102.97
   vertex 1.8368863525390626 -2.17451318359375 102.85000000000001
  endloop
 endfacet
 facet normal 0.6769062876701355 -0.7360691428184509 2.6367399930116164e-10
  outer loop
   vertex 1.8338154296875 -2.176695556640625 102.97
   vertex 1.8310422363281251 -2.179245849609375 102.97
   vertex 1.8310422363281251 -2.179245849609375 102.85000000000001
  endloop
 endfacet
 facet normal 0.7637782096862793 -0.6454787850379944 -3.955313299108809e-10
  outer loop
   vertex 1.8310422363281251 -2.179245849609375 102.85000000000001
   vertex 1.8286104736328126 -2.182123291015625 102.97
   vertex 1.8286104736328126 -2.182123291015625 102.85000000000001
  endloop
 endfacet
 facet normal 0.7637782096862793 -0.6454787850379944 0.0
  outer loop
   vertex 1.8310422363281251 -2.179245849609375 102.97
   vertex 1.8286104736328126 -2.182123291015625 102.97
   vertex 1.8310422363281251 -2.179245849609375 102.85000000000001
  endloop
 endfacet
 facet normal 0.9003223180770874 -0.4352238178253174 0.0
  outer loop
   vertex 1.82655859375 -2.185282958984375 102.85000000000001
   vertex 1.82655859375 -2.185282958984375 102.97
   vertex 1.8249189453125 -2.1886748046875 102.85000000000001
  endloop
 endfacet
 facet normal 0.8386744856834412 -0.5446329712867737 -1.3184110747577193e-10
  outer loop
   vertex 1.8286104736328126 -2.182123291015625 102.85000000000001
   vertex 1.82655859375 -2.185282958984375 102.97
   vertex 1.82655859375 -2.185282958984375 102.85000000000001
  endloop
 endfacet
 facet normal 0.8386744856834412 -0.5446329712867737 0.0
  outer loop
   vertex 1.8286104736328126 -2.182123291015625 102.97
   vertex 1.82655859375 -2.185282958984375 102.97
   vertex 1.8286104736328126 -2.182123291015625 102.85000000000001
  endloop
 endfacet
 facet normal 0.9003223180770874 -0.4352238178253174 -5.273764758229049e-10
  outer loop
   vertex 1.82655859375 -2.185282958984375 102.97
   vertex 1.8249189453125 -2.1886748046875 102.97
   vertex 1.8249189453125 -2.1886748046875 102.85000000000001
  endloop
 endfacet
 facet normal 0.9477656483650208 -0.31896770000457764 0.0
  outer loop
   vertex 1.8249189453125 -2.1886748046875 102.85000000000001
   vertex 1.8249189453125 -2.1886748046875 102.97
   vertex 1.82371728515625 -2.192245361328125 102.85000000000001
  endloop
 endfacet
 facet normal 0.9477656483650208 -0.31896770000457764 2.636901252905943e-10
  outer loop
   vertex 1.8249189453125 -2.1886748046875 102.97
   vertex 1.82371728515625 -2.192245361328125 102.97
   vertex 1.82371728515625 -2.192245361328125 102.85000000000001
  endloop
 endfacet
 facet normal 0.0 -0.0 1.0
  outer loop
   vertex -0.8858154296875 -2.2233244628906252 102.85000000000001
   vertex -0.8830422363281251 -2.2207744140625 102.85000000000001
   vertex -0.8888863525390626 -2.2255068359375 102.85000000000001
  endloop
 endfacet
 facet normal 0.0 0.0 1.0
  outer loop
   vertex -0.8888863525390626 -2.2255068359375 102.85000000000001
   vertex -0.8993825073242188 -2.229535888671875 102.85000000000001
   vertex -0.8922066040039063 -2.227287109375 102.85000000000001
  endloop
 endfacet
 facet normal 0.0 0.0 1.0
  outer loop
   vertex -0.8922066040039063 -2.227287109375 102.85000000000001
   vertex -0.8993825073242188 -2.229535888671875 102.85000000000001
   vertex -0.8957238159179688 -2.22863720703125 102.85000000000001
  endloop
 endfacet
 facet normal 0.0 -0.0 1.0
  outer loop
   vertex -0.8830422363281251 -2.2207744140625 102.85000000000001
   vertex -0.8806105346679688 -2.2178967285156252 102.85000000000001
   vertex -0.8888863525390626 -2.2255068359375 102.85000000000001
  endloop
 endfacet
 facet normal 0.0 0.0 1.0
  outer loop
   vertex -0.8993825073242188 -2.229535888671875 102.85000000000001
   vertex -0.9068921508789063 -2.2299294433593753 102.85000000000001
   vertex -0.9031249389648438 -2.229968994140625 102.85000000000001
  endloop
 endfacet
 facet normal 0.0 -0.0 1.0
  outer loop
   vertex -0.87855859375 -2.214737060546875 102.85000000000001
   vertex -0.8769189453125 -2.21134521484375 102.85000000000001
   vertex -0.8806105346679688 -2.2178967285156252 102.85000000000001
  endloop
 endfacet
 facet normal 0.0 0.0 1.0
  outer loop
   vertex -0.9068921508789063 -2.2299294433593753 102.85000000000001
   vertex -0.9142637939453125 -2.228443115234375 102.85000000000001
   vertex -0.910624755859375 -2.229418212890625 102.85000000000001
  endloop
 endfacet
 facet normal 0.0 -0.0 1.0
  outer loop
   vertex -0.8749725952148437 -2.20408154296875 102.85000000000001
   vertex -0.8746966552734375 -2.20032421875 102.85000000000001
   vertex -0.87571728515625 -2.207774658203125 102.85000000000001
  endloop
 endfacet
 facet normal 0.0 -0.0 1.0
  outer loop
   vertex -0.87571728515625 -2.207774658203125 102.85000000000001
   vertex -0.8746966552734375 -2.20032421875 102.85000000000001
   vertex -0.8769189453125 -2.21134521484375 102.85000000000001
  endloop
 endfacet
 facet normal 0.0 -0.0 1.0
  outer loop
   vertex -0.8769189453125 -2.21134521484375 102.85000000000001
   vertex -0.8746966552734375 -2.20032421875 102.85000000000001
   vertex -0.8806105346679688 -2.2178967285156252 102.85000000000001
  endloop
 endfacet
 facet normal 0.0 0.0 1.0
  outer loop
   vertex -0.917751953125 -2.22701953125 102.85000000000001
   vertex -0.9291488647460938 -2.217388427734375 102.85000000000001
   vertex -0.9210341796875 -2.225170166015625 102.85000000000001
  endloop
 endfacet
 facet normal 0.0 0.0 1.0
  outer loop
   vertex -0.9210341796875 -2.225170166015625 102.85000000000001
   vertex -0.9291488647460938 -2.217388427734375 102.85000000000001
   vertex -0.9240587768554688 -2.222923828125 102.85000000000001
  endloop
 endfacet
 facet normal 0.0 0.0 1.0
  outer loop
   vertex -0.9240587768554688 -2.222923828125 102.85000000000001
   vertex -0.9291488647460938 -2.217388427734375 102.85000000000001
   vertex -0.9267779541015625 -2.2203164062500003 102.85000000000001
  endloop
 endfacet
 facet normal 0.0 0.0 1.0
  outer loop
   vertex -0.8766876220703125 -2.189259033203125 102.85000000000001
   vertex -0.8782559204101563 -2.18583349609375 102.85000000000001
   vertex -0.8755610351562501 -2.19285400390625 102.85000000000001
  endloop
 endfacet
 facet normal 0.0 0.0 1.0
  outer loop
   vertex -0.8755610351562501 -2.19285400390625 102.85000000000001
   vertex -0.8782559204101563 -2.18583349609375 102.85000000000001
   vertex -0.8748938598632813 -2.19656201171875 102.85000000000001
  endloop
 endfacet
 facet normal 0.0 0.0 1.0
  outer loop
   vertex -0.8748938598632813 -2.19656201171875 102.85000000000001
   vertex -0.8802412109375001 -2.182631591796875 102.85000000000001
   vertex -0.8746966552734375 -2.20032421875 102.85000000000001
  endloop
 endfacet
 facet normal 0.0 0.0 1.0
  outer loop
   vertex -0.8782559204101563 -2.18583349609375 102.85000000000001
   vertex -0.8802412109375001 -2.182631591796875 102.85000000000001
   vertex -0.8748938598632813 -2.19656201171875 102.85000000000001
  endloop
 endfacet
 facet normal 0.0 0.0 1.0
  outer loop
   vertex -0.9291488647460938 -2.217388427734375 102.85000000000001
   vertex -0.9327024536132813 -2.210760986328125 102.85000000000001
   vertex -0.9311341552734376 -2.2141865234375 102.85000000000001
  endloop
 endfacet
 facet normal 0.0 0.0 1.0
  outer loop
   vertex -0.917751953125 -2.22701953125 102.85000000000001
   vertex -0.9327024536132813 -2.210760986328125 102.85000000000001
   vertex -0.9291488647460938 -2.217388427734375 102.85000000000001
  endloop
 endfacet
 facet normal 0.0 -0.0 1.0
  outer loop
   vertex -0.8888863525390626 -2.2255068359375 102.85000000000001
   vertex -0.8826121215820313 -2.1797038574218752 102.85000000000001
   vertex -0.8993825073242188 -2.229535888671875 102.85000000000001
  endloop
 endfacet
 facet normal 0.0 0.0 1.0
  outer loop
   vertex -0.8806105346679688 -2.2178967285156252 102.85000000000001
   vertex -0.8826121215820313 -2.1797038574218752 102.85000000000001
   vertex -0.8888863525390626 -2.2255068359375 102.85000000000001
  endloop
 endfacet
 facet normal 0.0 0.0 1.0
  outer loop
   vertex -0.8802412109375001 -2.182631591796875 102.85000000000001
   vertex -0.8826121215820313 -2.1797038574218752 102.85000000000001
   vertex -0.8746966552734375 -2.20032421875 102.85000000000001
  endloop
 endfacet
 facet normal 0.0 0.0 1.0
  outer loop
   vertex -0.8746966552734375 -2.20032421875 102.85000000000001
   vertex -0.8826121215820313 -2.1797038574218752 102.85000000000001
   vertex -0.8806105346679688 -2.2178967285156252 102.85000000000001
  endloop
 endfacet
 facet normal 0.0 0.0 1.0
  outer loop
   vertex -0.885331298828125 -2.17709619140625 102.85000000000001
   vertex -0.8883558349609375 -2.174849853515625 102.85000000000001
   vertex -0.8826121215820313 -2.1797038574218752 102.85000000000001
  endloop
 endfacet
 facet normal 0.0 0.0 1.0
  outer loop
   vertex -0.9327024536132813 -2.210760986328125 102.85000000000001
   vertex -0.9346934204101562 -2.19969580078125 102.85000000000001
   vertex -0.9338290405273437 -2.207166015625 102.85000000000001
  endloop
 endfacet
 facet normal 0.0 0.0 1.0
  outer loop
   vertex -0.9338290405273437 -2.207166015625 102.85000000000001
   vertex -0.9346934204101562 -2.19969580078125 102.85000000000001
   vertex -0.9344962158203125 -2.203458251953125 102.85000000000001
  endloop
 endfacet
 facet normal 0.0 0.0 1.0
  outer loop
   vertex -0.8826121215820313 -2.1797038574218752 102.85000000000001
   vertex -0.8916381225585938 -2.17300048828125 102.85000000000001
   vertex -0.8993825073242188 -2.229535888671875 102.85000000000001
  endloop
 endfacet
 facet normal 0.0 0.0 1.0
  outer loop
   vertex -0.8883558349609375 -2.174849853515625 102.85000000000001
   vertex -0.8916381225585938 -2.17300048828125 102.85000000000001
   vertex -0.8826121215820313 -2.1797038574218752 102.85000000000001
  endloop
 endfacet
 facet normal 0.0 -0.0 1.0
  outer loop
   vertex -0.9068921508789063 -2.2299294433593753 102.85000000000001
   vertex -0.8916381225585938 -2.17300048828125 102.85000000000001
   vertex -0.9142637939453125 -2.228443115234375 102.85000000000001
  endloop
 endfacet
 facet normal 0.0 -0.0 1.0
  outer loop
   vertex -0.8993825073242188 -2.229535888671875 102.85000000000001
   vertex -0.8916381225585938 -2.17300048828125 102.85000000000001
   vertex -0.9068921508789063 -2.2299294433593753 102.85000000000001
  endloop
 endfacet
 facet normal 0.0 0.0 1.0
  outer loop
   vertex -0.9327024536132813 -2.210760986328125 102.85000000000001
   vertex -0.9344174804687501 -2.1959384765625 102.85000000000001
   vertex -0.9346934204101562 -2.19969580078125 102.85000000000001
  endloop
 endfacet
 facet normal 0.0 0.0 1.0
  outer loop
   vertex -0.8987653198242188 -2.170601806640625 102.85000000000001
   vertex -0.9024978637695312 -2.170090576171875 102.85000000000001
   vertex -0.8951262817382812 -2.171576904296875 102.85000000000001
  endloop
 endfacet
 facet normal 0.0 0.0 1.0
  outer loop
   vertex -0.8951262817382812 -2.171576904296875 102.85000000000001
   vertex -0.9024978637695312 -2.170090576171875 102.85000000000001
   vertex -0.8916381225585938 -2.17300048828125 102.85000000000001
  endloop
 endfacet
 facet normal 0.0 0.0 1.0
  outer loop
   vertex -0.8916381225585938 -2.17300048828125 102.85000000000001
   vertex -0.9024978637695312 -2.170090576171875 102.85000000000001
   vertex -0.9142637939453125 -2.228443115234375 102.85000000000001
  endloop
 endfacet
 facet normal 0.0 -0.0 1.0
  outer loop
   vertex -0.9142637939453125 -2.228443115234375 102.85000000000001
   vertex -0.9024978637695312 -2.170090576171875 102.85000000000001
   vertex -0.917751953125 -2.22701953125 102.85000000000001
  endloop
 endfacet
 facet normal 0.0 0.0 1.0
  outer loop
   vertex -0.9336727905273438 -2.192245361328125 102.85000000000001
   vertex -0.9308314208984375 -2.185282958984375 102.85000000000001
   vertex -0.9324711303710937 -2.1886748046875 102.85000000000001
  endloop
 endfacet
 facet normal 0.0 0.0 1.0
  outer loop
   vertex -0.9344174804687501 -2.1959384765625 102.85000000000001
   vertex -0.9308314208984375 -2.185282958984375 102.85000000000001
   vertex -0.9336727905273438 -2.192245361328125 102.85000000000001
  endloop
 endfacet
 facet normal 0.0 0.0 1.0
  outer loop
   vertex -0.9344174804687501 -2.1959384765625 102.85000000000001
   vertex -0.928779541015625 -2.182123291015625 102.85000000000001
   vertex -0.9308314208984375 -2.185282958984375 102.85000000000001
  endloop
 endfacet
 facet normal 0.0 0.0 1.0
  outer loop
   vertex -0.928779541015625 -2.182123291015625 102.85000000000001
   vertex -0.9235746459960937 -2.176695556640625 102.85000000000001
   vertex -0.9263478393554687 -2.179245849609375 102.85000000000001
  endloop
 endfacet
 facet normal 0.0 0.0 1.0
  outer loop
   vertex -0.9344174804687501 -2.1959384765625 102.85000000000001
   vertex -0.9235746459960937 -2.176695556640625 102.85000000000001
   vertex -0.928779541015625 -2.182123291015625 102.85000000000001
  endloop
 endfacet
 facet normal 0.0 -0.0 1.0
  outer loop
   vertex -0.917751953125 -2.22701953125 102.85000000000001
   vertex -0.9171834716796875 -2.1727329101562503 102.85000000000001
   vertex -0.9327024536132813 -2.210760986328125 102.85000000000001
  endloop
 endfacet
 facet normal -0.0 0.0 1.0
  outer loop
   vertex -0.913666259765625 -2.1713828125 102.85000000000001
   vertex -0.9171834716796875 -2.1727329101562503 102.85000000000001
   vertex -0.910007568359375 -2.170484130859375 102.85000000000001
  endloop
 endfacet
 facet normal -0.0 0.0 1.0
  outer loop
   vertex -0.910007568359375 -2.170484130859375 102.85000000000001
   vertex -0.9171834716796875 -2.1727329101562503 102.85000000000001
   vertex -0.90626513671875 -2.17005126953125 102.85000000000001
  endloop
 endfacet
 facet normal 0.0 0.0 1.0
  outer loop
   vertex -0.90626513671875 -2.17005126953125 102.85000000000001
   vertex -0.9171834716796875 -2.1727329101562503 102.85000000000001
   vertex -0.9024978637695312 -2.170090576171875 102.85000000000001
  endloop
 endfacet
 facet normal 0.0 -0.0 1.0
  outer loop
   vertex -0.9327024536132813 -2.210760986328125 102.85000000000001
   vertex -0.9171834716796875 -2.1727329101562503 102.85000000000001
   vertex -0.9344174804687501 -2.1959384765625 102.85000000000001
  endloop
 endfacet
 facet normal 0.0 0.0 1.0
  outer loop
   vertex -0.9024978637695312 -2.170090576171875 102.85000000000001
   vertex -0.9171834716796875 -2.1727329101562503 102.85000000000001
   vertex -0.917751953125 -2.22701953125 102.85000000000001
  endloop
 endfacet
 facet normal 0.0 0.0 1.0
  outer loop
   vertex -0.9344174804687501 -2.1959384765625 102.85000000000001
   vertex -0.9171834716796875 -2.1727329101562503 102.85000000000001
   vertex -0.9235746459960937 -2.176695556640625 102.85000000000001
  endloop
 endfacet
 facet normal 0.0 0.0 1.0
  outer loop
   vertex -0.9171834716796875 -2.1727329101562503 102.85000000000001
   vertex -0.9205037231445312 -2.17451318359375 102.85000000000001
   vertex -0.9235746459960937 -2.176695556640625 102.85000000000001
  endloop
 endfacet
 facet normal 0.0 0.0 1.0
  outer loop
   vertex 0.48297122192382813 -4.61660693359375 102.85000000000001
   vertex 0.4718028564453125 -4.6178994140625 102.85000000000001
   vertex 0.47931253051757816 -4.617505859375 102.85000000000001
  endloop
 endfacet
 facet normal 0.0 0.0 1.0
  outer loop
   vertex 0.47931253051757816 -4.617505859375 102.85000000000001
   vertex 0.4718028564453125 -4.6178994140625 102.85000000000001
   vertex 0.475570068359375 -4.61793896484375 102.85000000000001
  endloop
 endfacet
 facet normal 0.0 0.0 1.0
  outer loop
   vertex 0.4718028564453125 -4.6178994140625 102.85000000000001
   vertex 0.46443121337890625 -4.6164130859375 102.85000000000001
   vertex 0.4680702819824219 -4.61738818359375 102.85000000000001
  endloop
 endfacet
 facet normal 0.0 0.0 1.0
  outer loop
   vertex 0.5038011779785156 -4.5845317382812505 102.85000000000001
   vertex 0.503134033203125 -4.58082373046875 102.85000000000001
   vertex 0.5039983520507813 -4.5882939453125005 102.85000000000001
  endloop
 endfacet
 facet normal 0.0 0.0 1.0
  outer loop
   vertex 0.4576608276367188 -4.61314013671875 102.85000000000001
   vertex 0.45191708374023437 -4.6082861328125 102.85000000000001
   vertex 0.45463626098632814 -4.6108935546875 102.85000000000001
  endloop
 endfacet
 facet normal 0.0 0.0 1.0
  outer loop
   vertex 0.503134033203125 -4.58082373046875 102.85000000000001
   vertex 0.5020074157714843 -4.57722900390625 102.85000000000001
   vertex 0.5039983520507813 -4.5882939453125005 102.85000000000001
  endloop
 endfacet
 facet normal 0.0 0.0 1.0
  outer loop
   vertex 0.4576608276367188 -4.61314013671875 102.85000000000001
   vertex 0.44954617309570316 -4.6053583984375 102.85000000000001
   vertex 0.45191708374023437 -4.6082861328125 102.85000000000001
  endloop
 endfacet
 facet normal 0.0 0.0 1.0
  outer loop
   vertex 0.48980868530273436 -4.6134765625 102.85000000000001
   vertex 0.4475608825683594 -4.60215625 102.85000000000001
   vertex 0.48648843383789064 -4.6152568359375 102.85000000000001
  endloop
 endfacet
 facet normal 0.0 0.0 1.0
  outer loop
   vertex 0.48648843383789064 -4.6152568359375 102.85000000000001
   vertex 0.4475608825683594 -4.60215625 102.85000000000001
   vertex 0.48297122192382813 -4.61660693359375 102.85000000000001
  endloop
 endfacet
 facet normal 0.0 0.0 1.0
  outer loop
   vertex 0.46443121337890625 -4.6164130859375 102.85000000000001
   vertex 0.4475608825683594 -4.60215625 102.85000000000001
   vertex 0.46094305419921877 -4.6149892578125 102.85000000000001
  endloop
 endfacet
 facet normal 0.0 0.0 1.0
  outer loop
   vertex 0.46094305419921877 -4.6149892578125 102.85000000000001
   vertex 0.4475608825683594 -4.60215625 102.85000000000001
   vertex 0.4576608276367188 -4.61314013671875 102.85000000000001
  endloop
 endfacet
 facet normal 0.0 0.0 1.0
  outer loop
   vertex 0.4718028564453125 -4.6178994140625 102.85000000000001
   vertex 0.4475608825683594 -4.60215625 102.85000000000001
   vertex 0.46443121337890625 -4.6164130859375 102.85000000000001
  endloop
 endfacet
 facet normal 0.0 0.0 1.0
  outer loop
   vertex 0.48297122192382813 -4.61660693359375 102.85000000000001
   vertex 0.4475608825683594 -4.60215625 102.85000000000001
   vertex 0.4718028564453125 -4.6178994140625 102.85000000000001
  endloop
 endfacet
 facet normal 0.0 0.0 1.0
  outer loop
   vertex 0.4576608276367188 -4.61314013671875 102.85000000000001
   vertex 0.4475608825683594 -4.60215625 102.85000000000001
   vertex 0.44954617309570316 -4.6053583984375 102.85000000000001
  endloop
 endfacet
 facet normal 0.0 0.0 1.0
  outer loop
   vertex 0.5004391174316406 -4.57380322265625 102.85000000000001
   vertex 0.4984538269042969 -4.5706015625 102.85000000000001
   vertex 0.5020074157714843 -4.57722900390625 102.85000000000001
  endloop
 endfacet
 facet normal 0.0 0.0 1.0
  outer loop
   vertex 0.49808453369140626 -4.60586669921875 102.85000000000001
   vertex 0.4459925842285156 -4.5987309570312505 102.85000000000001
   vertex 0.49565280151367186 -4.608744140625 102.85000000000001
  endloop
 endfacet
 facet normal 0.0 0.0 1.0
  outer loop
   vertex 0.49565280151367186 -4.608744140625 102.85000000000001
   vertex 0.4459925842285156 -4.5987309570312505 102.85000000000001
   vertex 0.4928796081542969 -4.61129443359375 102.85000000000001
  endloop
 endfacet
 facet normal 0.0 0.0 1.0
  outer loop
   vertex 0.4928796081542969 -4.61129443359375 102.85000000000001
   vertex 0.4459925842285156 -4.5987309570312505 102.85000000000001
   vertex 0.48980868530273436 -4.6134765625 102.85000000000001
  endloop
 endfacet
 facet normal 0.0 0.0 1.0
  outer loop
   vertex 0.48980868530273436 -4.6134765625 102.85000000000001
   vertex 0.4459925842285156 -4.5987309570312505 102.85000000000001
   vertex 0.4475608825683594 -4.60215625 102.85000000000001
  endloop
 endfacet
 facet normal 0.0 0.0 1.0
  outer loop
   vertex 0.4984538269042969 -4.5706015625 102.85000000000001
   vertex 0.49608291625976564 -4.567673828125 102.85000000000001
   vertex 0.5020074157714843 -4.57722900390625 102.85000000000001
  endloop
 endfacet
 facet normal 0.0 0.0 1.0
  outer loop
   vertex 0.4459925842285156 -4.5987309570312505 102.85000000000001
   vertex 0.44419882202148436 -4.59142822265625 102.85000000000001
   vertex 0.444865966796875 -4.5951357421875 102.85000000000001
  endloop
 endfacet
 facet normal 0.0 0.0 1.0
  outer loop
   vertex 0.49808453369140626 -4.60586669921875 102.85000000000001
   vertex 0.44419882202148436 -4.59142822265625 102.85000000000001
   vertex 0.4459925842285156 -4.5987309570312505 102.85000000000001
  endloop
 endfacet
 facet normal 0.0 0.0 1.0
  outer loop
   vertex 0.49336373901367186 -4.5650659179687505 102.85000000000001
   vertex 0.4903391723632813 -4.56281982421875 102.85000000000001
   vertex 0.49608291625976564 -4.567673828125 102.85000000000001
  endloop
 endfacet
 facet normal 0.0 0.0 1.0
  outer loop
   vertex 0.502977783203125 -4.5957446289062505 102.85000000000001
   vertex 0.44427755737304686 -4.5839082031250005 102.85000000000001
   vertex 0.501776123046875 -4.59931494140625 102.85000000000001
  endloop
 endfacet
 facet normal 0.0 0.0 1.0
  outer loop
   vertex 0.501776123046875 -4.59931494140625 102.85000000000001
   vertex 0.44427755737304686 -4.5839082031250005 102.85000000000001
   vertex 0.5001364135742188 -4.6027070312500005 102.85000000000001
  endloop
 endfacet
 facet normal 0.0 0.0 1.0
  outer loop
   vertex 0.5001364135742188 -4.6027070312500005 102.85000000000001
   vertex 0.44427755737304686 -4.5839082031250005 102.85000000000001
   vertex 0.49808453369140626 -4.60586669921875 102.85000000000001
  endloop
 endfacet
 facet normal 0.0 -0.0 1.0
  outer loop
   vertex 0.44419882202148436 -4.59142822265625 102.85000000000001
   vertex 0.44427755737304686 -4.5839082031250005 102.85000000000001
   vertex 0.44400164794921876 -4.58766552734375 102.85000000000001
  endloop
 endfacet
 facet normal 0.0 0.0 1.0
  outer loop
   vertex 0.49808453369140626 -4.60586669921875 102.85000000000001
   vertex 0.44427755737304686 -4.5839082031250005 102.85000000000001
   vertex 0.44419882202148436 -4.59142822265625 102.85000000000001
  endloop
 endfacet
 facet normal 0.0 0.0 1.0
  outer loop
   vertex 0.48705694580078124 -4.56097021484375 102.85000000000001
   vertex 0.48356878662109376 -4.559546875 102.85000000000001
   vertex 0.4903391723632813 -4.56281982421875 102.85000000000001
  endloop
 endfacet
 facet normal 0.0 0.0 1.0
  outer loop
   vertex 0.4903391723632813 -4.56281982421875 102.85000000000001
   vertex 0.48356878662109376 -4.559546875 102.85000000000001
   vertex 0.49608291625976564 -4.567673828125 102.85000000000001
  endloop
 endfacet
 facet normal 0.0 0.0 1.0
  outer loop
   vertex 0.4799297180175781 -4.55857177734375 102.85000000000001
   vertex 0.4761971435546875 -4.558060546875 102.85000000000001
   vertex 0.48356878662109376 -4.559546875 102.85000000000001
  endloop
 endfacet
 facet normal 0.0 0.0 1.0
  outer loop
   vertex 0.44502221679687504 -4.58021533203125 102.85000000000001
   vertex 0.4478635864257813 -4.5732529296875 102.85000000000001
   vertex 0.446223876953125 -4.57664453125 102.85000000000001
  endloop
 endfacet
 facet normal 0.0 0.0 1.0
  outer loop
   vertex 0.5037224426269531 -4.59205126953125 102.85000000000001
   vertex 0.4478635864257813 -4.5732529296875 102.85000000000001
   vertex 0.502977783203125 -4.5957446289062505 102.85000000000001
  endloop
 endfacet
 facet normal 0.0 0.0 1.0
  outer loop
   vertex 0.44427755737304686 -4.5839082031250005 102.85000000000001
   vertex 0.4478635864257813 -4.5732529296875 102.85000000000001
   vertex 0.44502221679687504 -4.58021533203125 102.85000000000001
  endloop
 endfacet
 facet normal 0.0 0.0 1.0
  outer loop
   vertex 0.502977783203125 -4.5957446289062505 102.85000000000001
   vertex 0.4478635864257813 -4.5732529296875 102.85000000000001
   vertex 0.44427755737304686 -4.5839082031250005 102.85000000000001
  endloop
 endfacet
 facet normal 0.0 0.0 1.0
  outer loop
   vertex 0.5039983520507813 -4.5882939453125005 102.85000000000001
   vertex 0.44991546630859375 -4.57009326171875 102.85000000000001
   vertex 0.5037224426269531 -4.59205126953125 102.85000000000001
  endloop
 endfacet
 facet normal 0.0 0.0 1.0
  outer loop
   vertex 0.5037224426269531 -4.59205126953125 102.85000000000001
   vertex 0.44991546630859375 -4.57009326171875 102.85000000000001
   vertex 0.4478635864257813 -4.5732529296875 102.85000000000001
  endloop
 endfacet
 facet normal 0.0 0.0 1.0
  outer loop
   vertex 0.5020074157714843 -4.57722900390625 102.85000000000001
   vertex 0.44991546630859375 -4.57009326171875 102.85000000000001
   vertex 0.5039983520507813 -4.5882939453125005 102.85000000000001
  endloop
 endfacet
 facet normal 0.0 0.0 1.0
  outer loop
   vertex 0.4761971435546875 -4.558060546875 102.85000000000001
   vertex 0.4686874694824219 -4.5584541015625 102.85000000000001
   vertex 0.48356878662109376 -4.559546875 102.85000000000001
  endloop
 endfacet
 facet normal 0.0 0.0 1.0
  outer loop
   vertex 0.472429931640625 -4.55802099609375 102.85000000000001
   vertex 0.4686874694824219 -4.5584541015625 102.85000000000001
   vertex 0.4761971435546875 -4.558060546875 102.85000000000001
  endloop
 endfacet
 facet normal 0.0 0.0 1.0
  outer loop
   vertex 0.48356878662109376 -4.559546875 102.85000000000001
   vertex 0.4686874694824219 -4.5584541015625 102.85000000000001
   vertex 0.49608291625976564 -4.567673828125 102.85000000000001
  endloop
 endfacet
 facet normal 0.0 0.0 1.0
  outer loop
   vertex 0.49608291625976564 -4.567673828125 102.85000000000001
   vertex 0.4686874694824219 -4.5584541015625 102.85000000000001
   vertex 0.5020074157714843 -4.57722900390625 102.85000000000001
  endloop
 endfacet
 facet normal 0.0 0.0 1.0
  outer loop
   vertex 0.44991546630859375 -4.57009326171875 102.85000000000001
   vertex 0.45512039184570313 -4.56466552734375 102.85000000000001
   vertex 0.45234719848632815 -4.5672158203125 102.85000000000001
  endloop
 endfacet
 facet normal -0.0 0.0 1.0
  outer loop
   vertex 0.46151156616210937 -4.56070263671875 102.85000000000001
   vertex 0.45819131469726565 -4.56248291015625 102.85000000000001
   vertex 0.4650287780761719 -4.5593525390625 102.85000000000001
  endloop
 endfacet
 facet normal -0.0 0.0 1.0
  outer loop
   vertex 0.4650287780761719 -4.5593525390625 102.85000000000001
   vertex 0.45819131469726565 -4.56248291015625 102.85000000000001
   vertex 0.4686874694824219 -4.5584541015625 102.85000000000001
  endloop
 endfacet
 facet normal 0.0 0.0 1.0
  outer loop
   vertex 0.5020074157714843 -4.57722900390625 102.85000000000001
   vertex 0.45819131469726565 -4.56248291015625 102.85000000000001
   vertex 0.44991546630859375 -4.57009326171875 102.85000000000001
  endloop
 endfacet
 facet normal 0.0 0.0 1.0
  outer loop
   vertex 0.4686874694824219 -4.5584541015625 102.85000000000001
   vertex 0.45819131469726565 -4.56248291015625 102.85000000000001
   vertex 0.5020074157714843 -4.57722900390625 102.85000000000001
  endloop
 endfacet
 facet normal 0.0 0.0 1.0
  outer loop
   vertex 0.44991546630859375 -4.57009326171875 102.85000000000001
   vertex 0.45819131469726565 -4.56248291015625 102.85000000000001
   vertex 0.45512039184570313 -4.56466552734375 102.85000000000001
  endloop
 endfacet
 facet normal 0.0 0.0 1.0
  outer loop
   vertex 1.8685036621093751 -2.2255068359375 102.85000000000001
   vertex 1.861666259765625 -2.22863720703125 102.85000000000001
   vertex 1.8651834716796876 -2.227287109375 102.85000000000001
  endloop
 endfacet
 facet normal 0.0 -0.0 1.0
  outer loop
   vertex 1.874347900390625 -2.2207744140625 102.85000000000001
   vertex 1.876779541015625 -2.2178967285156252 102.85000000000001
   vertex 1.87157470703125 -2.2233244628906252 102.85000000000001
  endloop
 endfacet
 facet normal 0.0 -0.0 1.0
  outer loop
   vertex 1.87157470703125 -2.2233244628906252 102.85000000000001
   vertex 1.876779541015625 -2.2178967285156252 102.85000000000001
   vertex 1.8685036621093751 -2.2255068359375 102.85000000000001
  endloop
 endfacet
 facet normal 0.0 0.0 1.0
  outer loop
   vertex 1.861666259765625 -2.22863720703125 102.85000000000001
   vertex 1.8504979248046876 -2.2299294433593753 102.85000000000001
   vertex 1.858007568359375 -2.229535888671875 102.85000000000001
  endloop
 endfacet
 facet normal 0.0 0.0 1.0
  outer loop
   vertex 1.858007568359375 -2.229535888671875 102.85000000000001
   vertex 1.8504979248046876 -2.2299294433593753 102.85000000000001
   vertex 1.85426513671875 -2.229968994140625 102.85000000000001
  endloop
 endfacet
 facet normal 0.0 -0.0 1.0
  outer loop
   vertex 1.8788314208984376 -2.214737060546875 102.85000000000001
   vertex 1.88047119140625 -2.21134521484375 102.85000000000001
   vertex 1.876779541015625 -2.2178967285156252 102.85000000000001
  endloop
 endfacet
 facet normal 0.0 0.0 1.0
  outer loop
   vertex 1.8504979248046876 -2.2299294433593753 102.85000000000001
   vertex 1.843126220703125 -2.228443115234375 102.85000000000001
   vertex 1.8467652587890626 -2.229418212890625 102.85000000000001
  endloop
 endfacet
 facet normal 0.0 -0.0 1.0
  outer loop
   vertex 1.8824174804687501 -2.20408154296875 102.85000000000001
   vertex 1.882693359375 -2.20032421875 102.85000000000001
   vertex 1.8816728515625 -2.207774658203125 102.85000000000001
  endloop
 endfacet
 facet normal 0.0 0.0 1.0
  outer loop
   vertex 1.843126220703125 -2.228443115234375 102.85000000000001
   vertex 1.8363558349609375 -2.225170166015625 102.85000000000001
   vertex 1.8396380615234376 -2.22701953125 102.85000000000001
  endloop
 endfacet
 facet normal 0.0 0.0 1.0
  outer loop
   vertex 1.8504979248046876 -2.2299294433593753 102.85000000000001
   vertex 1.833331298828125 -2.222923828125 102.85000000000001
   vertex 1.843126220703125 -2.228443115234375 102.85000000000001
  endloop
 endfacet
 facet normal 0.0 0.0 1.0
  outer loop
   vertex 1.861666259765625 -2.22863720703125 102.85000000000001
   vertex 1.833331298828125 -2.222923828125 102.85000000000001
   vertex 1.8504979248046876 -2.2299294433593753 102.85000000000001
  endloop
 endfacet
 facet normal 0.0 0.0 1.0
  outer loop
   vertex 1.843126220703125 -2.228443115234375 102.85000000000001
   vertex 1.833331298828125 -2.222923828125 102.85000000000001
   vertex 1.8363558349609375 -2.225170166015625 102.85000000000001
  endloop
 endfacet
 facet normal 0.0 0.0 1.0
  outer loop
   vertex 1.833331298828125 -2.222923828125 102.85000000000001
   vertex 1.8282412109375001 -2.217388427734375 102.85000000000001
   vertex 1.8306121826171875 -2.2203164062500003 102.85000000000001
  endloop
 endfacet
 facet normal 0.0 0.0 1.0
  outer loop
   vertex 1.880702392578125 -2.189259033203125 102.85000000000001
   vertex 1.8791341552734375 -2.18583349609375 102.85000000000001
   vertex 1.8818291015625 -2.19285400390625 102.85000000000001
  endloop
 endfacet
 facet normal 0.0 0.0 1.0
  outer loop
   vertex 1.8818291015625 -2.19285400390625 102.85000000000001
   vertex 1.8791341552734375 -2.18583349609375 102.85000000000001
   vertex 1.8824962158203125 -2.19656201171875 102.85000000000001
  endloop
 endfacet
 facet normal 0.0 0.0 1.0
  outer loop
   vertex 1.8824962158203125 -2.19656201171875 102.85000000000001
   vertex 1.8791341552734375 -2.18583349609375 102.85000000000001
   vertex 1.882693359375 -2.20032421875 102.85000000000001
  endloop
 endfacet
 facet normal 0.0 0.0 1.0
  outer loop
   vertex 1.8685036621093751 -2.2255068359375 102.85000000000001
   vertex 1.8262559814453125 -2.2141865234375 102.85000000000001
   vertex 1.861666259765625 -2.22863720703125 102.85000000000001
  endloop
 endfacet
 facet normal 0.0 0.0 1.0
  outer loop
   vertex 1.861666259765625 -2.22863720703125 102.85000000000001
   vertex 1.8262559814453125 -2.2141865234375 102.85000000000001
   vertex 1.833331298828125 -2.222923828125 102.85000000000001
  endloop
 endfacet
 facet normal 0.0 0.0 1.0
  outer loop
   vertex 1.833331298828125 -2.222923828125 102.85000000000001
   vertex 1.8262559814453125 -2.2141865234375 102.85000000000001
   vertex 1.8282412109375001 -2.217388427734375 102.85000000000001
  endloop
 endfacet
 facet normal 0.0 0.0 1.0
  outer loop
   vertex 1.8771489257812501 -2.182631591796875 102.85000000000001
   vertex 1.8747779541015626 -2.1797038574218752 102.85000000000001
   vertex 1.8791341552734375 -2.18583349609375 102.85000000000001
  endloop
 endfacet
 facet normal 0.0 0.0 1.0
  outer loop
   vertex 1.8685036621093751 -2.2255068359375 102.85000000000001
   vertex 1.8235610351562501 -2.207166015625 102.85000000000001
   vertex 1.8262559814453125 -2.2141865234375 102.85000000000001
  endloop
 endfacet
 facet normal 0.0 0.0 1.0
  outer loop
   vertex 1.8262559814453125 -2.2141865234375 102.85000000000001
   vertex 1.8235610351562501 -2.207166015625 102.85000000000001
   vertex 1.8246876220703125 -2.210760986328125 102.85000000000001
  endloop
 endfacet
 facet normal 0.0 0.0 1.0
  outer loop
   vertex 1.8747779541015626 -2.1797038574218752 102.85000000000001
   vertex 1.8720587158203126 -2.17709619140625 102.85000000000001
   vertex 1.8791341552734375 -2.18583349609375 102.85000000000001
  endloop
 endfacet
 facet normal 0.0 0.0 1.0
  outer loop
   vertex 1.8235610351562501 -2.207166015625 102.85000000000001
   vertex 1.8226966552734376 -2.19969580078125 102.85000000000001
   vertex 1.822893798828125 -2.203458251953125 102.85000000000001
  endloop
 endfacet
 facet normal 0.0 0.0 1.0
  outer loop
   vertex 1.8685036621093751 -2.2255068359375 102.85000000000001
   vertex 1.82297265625 -2.1959384765625 102.85000000000001
   vertex 1.8235610351562501 -2.207166015625 102.85000000000001
  endloop
 endfacet
 facet normal 0.0 0.0 1.0
  outer loop
   vertex 1.8235610351562501 -2.207166015625 102.85000000000001
   vertex 1.82297265625 -2.1959384765625 102.85000000000001
   vertex 1.8226966552734376 -2.19969580078125 102.85000000000001
  endloop
 endfacet
 facet normal 0.0 0.0 1.0
  outer loop
   vertex 1.88047119140625 -2.21134521484375 102.85000000000001
   vertex 1.82297265625 -2.1959384765625 102.85000000000001
   vertex 1.876779541015625 -2.2178967285156252 102.85000000000001
  endloop
 endfacet
 facet normal 0.0 0.0 1.0
  outer loop
   vertex 1.876779541015625 -2.2178967285156252 102.85000000000001
   vertex 1.82297265625 -2.1959384765625 102.85000000000001
   vertex 1.8685036621093751 -2.2255068359375 102.85000000000001
  endloop
 endfacet
 facet normal 0.0 0.0 1.0
  outer loop
   vertex 1.865751953125 -2.17300048828125 102.85000000000001
   vertex 1.8622637939453126 -2.171576904296875 102.85000000000001
   vertex 1.8690341796875 -2.174849853515625 102.85000000000001
  endloop
 endfacet
 facet normal 0.0 0.0 1.0
  outer loop
   vertex 1.8586247558593751 -2.170601806640625 102.85000000000001
   vertex 1.8548922119140625 -2.170090576171875 102.85000000000001
   vertex 1.8622637939453126 -2.171576904296875 102.85000000000001
  endloop
 endfacet
 facet normal 0.0 0.0 1.0
  outer loop
   vertex 1.8720587158203126 -2.17709619140625 102.85000000000001
   vertex 1.8548922119140625 -2.170090576171875 102.85000000000001
   vertex 1.8791341552734375 -2.18583349609375 102.85000000000001
  endloop
 endfacet
 facet normal 0.0 0.0 1.0
  outer loop
   vertex 1.8622637939453126 -2.171576904296875 102.85000000000001
   vertex 1.8548922119140625 -2.170090576171875 102.85000000000001
   vertex 1.8690341796875 -2.174849853515625 102.85000000000001
  endloop
 endfacet
 facet normal 0.0 0.0 1.0
  outer loop
   vertex 1.8690341796875 -2.174849853515625 102.85000000000001
   vertex 1.8548922119140625 -2.170090576171875 102.85000000000001
   vertex 1.8720587158203126 -2.17709619140625 102.85000000000001
  endloop
 endfacet
 facet normal 0.0 0.0 1.0
  outer loop
   vertex 1.82371728515625 -2.192245361328125 102.85000000000001
   vertex 1.82655859375 -2.185282958984375 102.85000000000001
   vertex 1.8249189453125 -2.1886748046875 102.85000000000001
  endloop
 endfacet
 facet normal 0.0 0.0 1.0
  outer loop
   vertex 1.88047119140625 -2.21134521484375 102.85000000000001
   vertex 1.82655859375 -2.185282958984375 102.85000000000001
   vertex 1.82297265625 -2.1959384765625 102.85000000000001
  endloop
 endfacet
 facet normal 0.0 0.0 1.0
  outer loop
   vertex 1.8816728515625 -2.207774658203125 102.85000000000001
   vertex 1.82655859375 -2.185282958984375 102.85000000000001
   vertex 1.88047119140625 -2.21134521484375 102.85000000000001
  endloop
 endfacet
 facet normal 0.0 0.0 1.0
  outer loop
   vertex 1.82297265625 -2.1959384765625 102.85000000000001
   vertex 1.82655859375 -2.185282958984375 102.85000000000001
   vertex 1.82371728515625 -2.192245361328125 102.85000000000001
  endloop
 endfacet
 facet normal 0.0 0.0 1.0
  outer loop
   vertex 1.882693359375 -2.20032421875 102.85000000000001
   vertex 1.82655859375 -2.185282958984375 102.85000000000001
   vertex 1.8816728515625 -2.207774658203125 102.85000000000001
  endloop
 endfacet
 facet normal 0.0 0.0 1.0
  outer loop
   vertex 1.8791341552734375 -2.18583349609375 102.85000000000001
   vertex 1.82655859375 -2.185282958984375 102.85000000000001
   vertex 1.882693359375 -2.20032421875 102.85000000000001
  endloop
 endfacet
 facet normal 0.0 0.0 1.0
  outer loop
   vertex 1.82655859375 -2.185282958984375 102.85000000000001
   vertex 1.8310422363281251 -2.179245849609375 102.85000000000001
   vertex 1.8286104736328126 -2.182123291015625 102.85000000000001
  endloop
 endfacet
 facet normal -0.0 0.0 1.0
  outer loop
   vertex 1.8473824462890625 -2.170484130859375 102.85000000000001
   vertex 1.8437237548828125 -2.1713828125 102.85000000000001
   vertex 1.8511250000000001 -2.17005126953125 102.85000000000001
  endloop
 endfacet
 facet normal 0.0 0.0 1.0
  outer loop
   vertex 1.8511250000000001 -2.17005126953125 102.85000000000001
   vertex 1.8437237548828125 -2.1713828125 102.85000000000001
   vertex 1.8548922119140625 -2.170090576171875 102.85000000000001
  endloop
 endfacet
 facet normal 0.0 0.0 1.0
  outer loop
   vertex 1.8548922119140625 -2.170090576171875 102.85000000000001
   vertex 1.8437237548828125 -2.1713828125 102.85000000000001
   vertex 1.8791341552734375 -2.18583349609375 102.85000000000001
  endloop
 endfacet
 facet normal 0.0 0.0 1.0
  outer loop
   vertex 1.8310422363281251 -2.179245849609375 102.85000000000001
   vertex 1.8368863525390626 -2.17451318359375 102.85000000000001
   vertex 1.8338154296875 -2.176695556640625 102.85000000000001
  endloop
 endfacet
 facet normal -0.0 0.0 1.0
  outer loop
   vertex 1.8402066650390625 -2.1727329101562503 102.85000000000001
   vertex 1.8368863525390626 -2.17451318359375 102.85000000000001
   vertex 1.8437237548828125 -2.1713828125 102.85000000000001
  endloop
 endfacet
 facet normal 0.0 0.0 1.0
  outer loop
   vertex 1.8791341552734375 -2.18583349609375 102.85000000000001
   vertex 1.8368863525390626 -2.17451318359375 102.85000000000001
   vertex 1.82655859375 -2.185282958984375 102.85000000000001
  endloop
 endfacet
 facet normal 0.0 0.0 1.0
  outer loop
   vertex 1.82655859375 -2.185282958984375 102.85000000000001
   vertex 1.8368863525390626 -2.17451318359375 102.85000000000001
   vertex 1.8310422363281251 -2.179245849609375 102.85000000000001
  endloop
 endfacet
 facet normal 0.0 0.0 1.0
  outer loop
   vertex 1.8437237548828125 -2.1713828125 102.85000000000001
   vertex 1.8368863525390626 -2.17451318359375 102.85000000000001
   vertex 1.8791341552734375 -2.18583349609375 102.85000000000001
  endloop
 endfacet
endsolid patch_5_1
