solid pole_final
facet normal 9.999008e-01 1.408537e-02 -0.000000e+00
  outer loop
    vertex 9.724716e-01 -2.982574e+00 0.000000e+00
    vertex 9.722731e-01 -2.968489e+00 0.000000e+00
    vertex 9.724716e-01 -2.982574e+00 1.030000e+02
  endloop
endfacet
facet normal 9.999008e-01 1.408537e-02 0.000000e+00
  outer loop
    vertex 9.724716e-01 -2.982574e+00 1.030000e+02
    vertex 9.722731e-01 -2.968489e+00 0.000000e+00
    vertex 9.722731e-01 -2.968489e+00 1.030000e+02
  endloop
endfacet
facet normal 9.991070e-01 4.225118e-02 -8.215575e-14
  outer loop
    vertex 9.722731e-01 -2.968489e+00 1.030000e+02
    vertex 9.716779e-01 -2.954414e+00 0.000000e+00
    vertex 9.716779e-01 -2.954414e+00 1.030000e+02
  endloop
endfacet
facet normal 9.991070e-01 4.225118e-02 -0.000000e+00
  outer loop
    vertex 9.722731e-01 -2.968489e+00 0.000000e+00
    vertex 9.716779e-01 -2.954414e+00 0.000000e+00
    vertex 9.722731e-01 -2.968489e+00 1.030000e+02
  endloop
endfacet
facet normal 9.975201e-01 7.038306e-02 -3.080864e-14
  outer loop
    vertex 9.716779e-01 -2.954414e+00 1.030000e+02
    vertex 9.706864e-01 -2.940361e+00 0.000000e+00
    vertex 9.706864e-01 -2.940361e+00 1.030000e+02
  endloop
endfacet
facet normal 9.975201e-01 7.038306e-02 -0.000000e+00
  outer loop
    vertex 9.716779e-01 -2.954414e+00 0.000000e+00
    vertex 9.706864e-01 -2.940361e+00 0.000000e+00
    vertex 9.716779e-01 -2.954414e+00 1.030000e+02
  endloop
endfacet
facet normal 9.951415e-01 9.845524e-02 1.232362e-13
  outer loop
    vertex 9.706864e-01 -2.940361e+00 1.030000e+02
    vertex 9.692994e-01 -2.926342e+00 0.000000e+00
    vertex 9.692994e-01 -2.926342e+00 1.030000e+02
  endloop
endfacet
facet normal 9.951415e-01 9.845524e-02 -0.000000e+00
  outer loop
    vertex 9.706864e-01 -2.940361e+00 0.000000e+00
    vertex 9.692994e-01 -2.926342e+00 0.000000e+00
    vertex 9.706864e-01 -2.940361e+00 1.030000e+02
  endloop
endfacet
facet normal 9.919729e-01 1.264510e-01 -4.723984e-13
  outer loop
    vertex 9.692994e-01 -2.926342e+00 1.030000e+02
    vertex 9.675181e-01 -2.912368e+00 0.000000e+00
    vertex 9.675181e-01 -2.912368e+00 1.030000e+02
  endloop
endfacet
facet normal 9.919729e-01 1.264510e-01 -0.000000e+00
  outer loop
    vertex 9.692994e-01 -2.926342e+00 0.000000e+00
    vertex 9.675181e-01 -2.912368e+00 0.000000e+00
    vertex 9.692994e-01 -2.926342e+00 1.030000e+02
  endloop
endfacet
facet normal 9.880162e-01 1.543504e-01 -2.053931e-14
  outer loop
    vertex 9.675181e-01 -2.912368e+00 1.030000e+02
    vertex 9.653437e-01 -2.898449e+00 0.000000e+00
    vertex 9.653437e-01 -2.898449e+00 1.030000e+02
  endloop
endfacet
facet normal 9.880162e-01 1.543504e-01 -0.000000e+00
  outer loop
    vertex 9.675181e-01 -2.912368e+00 0.000000e+00
    vertex 9.653437e-01 -2.898449e+00 0.000000e+00
    vertex 9.675181e-01 -2.912368e+00 1.030000e+02
  endloop
endfacet
facet normal 9.832769e-01 1.821169e-01 -1.170731e-12
  outer loop
    vertex 9.653437e-01 -2.898449e+00 1.030000e+02
    vertex 9.627781e-01 -2.884598e+00 0.000000e+00
    vertex 9.627781e-01 -2.884598e+00 1.030000e+02
  endloop
endfacet
facet normal 9.832769e-01 1.821169e-01 -0.000000e+00
  outer loop
    vertex 9.653437e-01 -2.898449e+00 0.000000e+00
    vertex 9.627781e-01 -2.884598e+00 0.000000e+00
    vertex 9.653437e-01 -2.898449e+00 1.030000e+02
  endloop
endfacet
facet normal 9.777555e-01 2.097480e-01 4.518564e-13
  outer loop
    vertex 9.627781e-01 -2.884598e+00 1.030000e+02
    vertex 9.598233e-01 -2.870823e+00 0.000000e+00
    vertex 9.598233e-01 -2.870823e+00 1.030000e+02
  endloop
endfacet
facet normal 9.777555e-01 2.097480e-01 -0.000000e+00
  outer loop
    vertex 9.627781e-01 -2.884598e+00 0.000000e+00
    vertex 9.598233e-01 -2.870823e+00 0.000000e+00
    vertex 9.627781e-01 -2.884598e+00 1.030000e+02
  endloop
endfacet
facet normal 9.714583e-01 2.372105e-01 -5.134790e-13
  outer loop
    vertex 9.598233e-01 -2.870823e+00 1.030000e+02
    vertex 9.564816e-01 -2.857138e+00 0.000000e+00
    vertex 9.564816e-01 -2.857138e+00 1.030000e+02
  endloop
endfacet
facet normal 9.714583e-01 2.372105e-01 -0.000000e+00
  outer loop
    vertex 9.598233e-01 -2.870823e+00 0.000000e+00
    vertex 9.564816e-01 -2.857138e+00 0.000000e+00
    vertex 9.598233e-01 -2.870823e+00 1.030000e+02
  endloop
endfacet
facet normal 9.643898e-01 2.644850e-01 -1.098848e-12
  outer loop
    vertex 9.564816e-01 -2.857138e+00 1.030000e+02
    vertex 9.527557e-01 -2.843552e+00 0.000000e+00
    vertex 9.527557e-01 -2.843552e+00 1.030000e+02
  endloop
endfacet
facet normal 9.643898e-01 2.644850e-01 -0.000000e+00
  outer loop
    vertex 9.564816e-01 -2.857138e+00 0.000000e+00
    vertex 9.527557e-01 -2.843552e+00 0.000000e+00
    vertex 9.564816e-01 -2.857138e+00 1.030000e+02
  endloop
endfacet
facet normal 9.565554e-01 2.915505e-01 -5.340188e-13
  outer loop
    vertex 9.527557e-01 -2.843552e+00 1.030000e+02
    vertex 9.486486e-01 -2.830077e+00 0.000000e+00
    vertex 9.486486e-01 -2.830077e+00 1.030000e+02
  endloop
endfacet
facet normal 9.479651e-01 3.183742e-01 0.000000e+00
  outer loop
    vertex 9.486486e-01 -2.830077e+00 1.030000e+02
    vertex 9.486486e-01 -2.830077e+00 0.000000e+00
    vertex 9.441635e-01 -2.816723e+00 1.030000e+02
  endloop
endfacet
facet normal 9.565554e-01 2.915505e-01 -0.000000e+00
  outer loop
    vertex 9.527557e-01 -2.843552e+00 0.000000e+00
    vertex 9.486486e-01 -2.830077e+00 0.000000e+00
    vertex 9.527557e-01 -2.843552e+00 1.030000e+02
  endloop
endfacet
facet normal 9.479651e-01 3.183742e-01 -1.643115e-13
  outer loop
    vertex 9.486486e-01 -2.830077e+00 0.000000e+00
    vertex 9.441635e-01 -2.816723e+00 0.000000e+00
    vertex 9.441635e-01 -2.816723e+00 1.030000e+02
  endloop
endfacet
facet normal 9.386165e-01 3.449624e-01 -6.572526e-13
  outer loop
    vertex 9.441635e-01 -2.816723e+00 1.030000e+02
    vertex 9.393038e-01 -2.803500e+00 0.000000e+00
    vertex 9.393038e-01 -2.803500e+00 1.030000e+02
  endloop
endfacet
facet normal 9.285248e-01 3.712704e-01 0.000000e+00
  outer loop
    vertex 9.393038e-01 -2.803500e+00 1.030000e+02
    vertex 9.393038e-01 -2.803500e+00 0.000000e+00
    vertex 9.340737e-01 -2.790420e+00 1.030000e+02
  endloop
endfacet
facet normal 9.386165e-01 3.449624e-01 -0.000000e+00
  outer loop
    vertex 9.441635e-01 -2.816723e+00 0.000000e+00
    vertex 9.393038e-01 -2.803500e+00 0.000000e+00
    vertex 9.441635e-01 -2.816723e+00 1.030000e+02
  endloop
endfacet
facet normal 9.285248e-01 3.712704e-01 -8.523854e-13
  outer loop
    vertex 9.393038e-01 -2.803500e+00 0.000000e+00
    vertex 9.340737e-01 -2.790420e+00 0.000000e+00
    vertex 9.340737e-01 -2.790420e+00 1.030000e+02
  endloop
endfacet
facet normal 9.176981e-01 3.972784e-01 -0.000000e+00
  outer loop
    vertex 9.340737e-01 -2.790420e+00 0.000000e+00
    vertex 9.284771e-01 -2.777492e+00 0.000000e+00
    vertex 9.340737e-01 -2.790420e+00 1.030000e+02
  endloop
endfacet
facet normal 9.176981e-01 3.972784e-01 4.210522e-13
  outer loop
    vertex 9.340737e-01 -2.790420e+00 1.030000e+02
    vertex 9.284771e-01 -2.777492e+00 0.000000e+00
    vertex 9.284771e-01 -2.777492e+00 1.030000e+02
  endloop
endfacet
facet normal 9.061456e-01 4.229659e-01 0.000000e+00
  outer loop
    vertex 9.284771e-01 -2.777492e+00 1.030000e+02
    vertex 9.284771e-01 -2.777492e+00 0.000000e+00
    vertex 9.225185e-01 -2.764726e+00 1.030000e+02
  endloop
endfacet
facet normal 9.061456e-01 4.229659e-01 -2.372242e-12
  outer loop
    vertex 9.284771e-01 -2.777492e+00 0.000000e+00
    vertex 9.225185e-01 -2.764726e+00 0.000000e+00
    vertex 9.225185e-01 -2.764726e+00 1.030000e+02
  endloop
endfacet
facet normal 8.938633e-01 4.483397e-01 -0.000000e+00
  outer loop
    vertex 9.225185e-01 -2.764726e+00 0.000000e+00
    vertex 9.162026e-01 -2.752134e+00 0.000000e+00
    vertex 9.225185e-01 -2.764726e+00 1.030000e+02
  endloop
endfacet
facet normal 8.938633e-01 4.483397e-01 -2.618774e-12
  outer loop
    vertex 9.225185e-01 -2.764726e+00 1.030000e+02
    vertex 9.162026e-01 -2.752134e+00 0.000000e+00
    vertex 9.162026e-01 -2.752134e+00 1.030000e+02
  endloop
endfacet
facet normal 8.808829e-01 4.733344e-01 -2.238752e-12
  outer loop
    vertex 9.162026e-01 -2.752134e+00 1.030000e+02
    vertex 9.095345e-01 -2.739725e+00 0.000000e+00
    vertex 9.095345e-01 -2.739725e+00 1.030000e+02
  endloop
endfacet
facet normal 8.808829e-01 4.733344e-01 -0.000000e+00
  outer loop
    vertex 9.162026e-01 -2.752134e+00 0.000000e+00
    vertex 9.095345e-01 -2.739725e+00 0.000000e+00
    vertex 9.162026e-01 -2.752134e+00 1.030000e+02
  endloop
endfacet
facet normal 8.671976e-01 4.979641e-01 -0.000000e+00
  outer loop
    vertex 9.095345e-01 -2.739725e+00 0.000000e+00
    vertex 9.025195e-01 -2.727508e+00 0.000000e+00
    vertex 9.095345e-01 -2.739725e+00 1.030000e+02
  endloop
endfacet
facet normal 8.671976e-01 4.979641e-01 -9.242614e-13
  outer loop
    vertex 9.095345e-01 -2.739725e+00 1.030000e+02
    vertex 9.025195e-01 -2.727508e+00 0.000000e+00
    vertex 9.025195e-01 -2.727508e+00 1.030000e+02
  endloop
endfacet
facet normal 8.528249e-01 5.221971e-01 0.000000e+00
  outer loop
    vertex 9.025195e-01 -2.727508e+00 1.030000e+02
    vertex 9.025195e-01 -2.727508e+00 0.000000e+00
    vertex 8.951631e-01 -2.715494e+00 1.030000e+02
  endloop
endfacet
facet normal 8.528249e-01 5.221971e-01 2.300368e-12
  outer loop
    vertex 9.025195e-01 -2.727508e+00 0.000000e+00
    vertex 8.951631e-01 -2.715494e+00 0.000000e+00
    vertex 8.951631e-01 -2.715494e+00 1.030000e+02
  endloop
endfacet
facet normal 8.377730e-01 5.460186e-01 -1.940955e-12
  outer loop
    vertex 8.951631e-01 -2.715494e+00 1.030000e+02
    vertex 8.874711e-01 -2.703692e+00 0.000000e+00
    vertex 8.874711e-01 -2.703692e+00 1.030000e+02
  endloop
endfacet
facet normal 8.220577e-01 5.694042e-01 0.000000e+00
  outer loop
    vertex 8.874711e-01 -2.703692e+00 1.030000e+02
    vertex 8.874711e-01 -2.703692e+00 0.000000e+00
    vertex 8.794498e-01 -2.692112e+00 1.030000e+02
  endloop
endfacet
facet normal 8.377730e-01 5.460186e-01 -0.000000e+00
  outer loop
    vertex 8.951631e-01 -2.715494e+00 0.000000e+00
    vertex 8.874711e-01 -2.703692e+00 0.000000e+00
    vertex 8.951631e-01 -2.715494e+00 1.030000e+02
  endloop
endfacet
facet normal 8.220577e-01 5.694042e-01 2.177164e-12
  outer loop
    vertex 8.874711e-01 -2.703692e+00 0.000000e+00
    vertex 8.794498e-01 -2.692112e+00 0.000000e+00
    vertex 8.794498e-01 -2.692112e+00 1.030000e+02
  endloop
endfacet
facet normal 8.056909e-01 5.923362e-01 2.053912e-12
  outer loop
    vertex 8.794498e-01 -2.692112e+00 1.030000e+02
    vertex 8.711053e-01 -2.680761e+00 0.000000e+00
    vertex 8.711053e-01 -2.680761e+00 1.030000e+02
  endloop
endfacet
facet normal 8.056909e-01 5.923362e-01 -0.000000e+00
  outer loop
    vertex 8.794498e-01 -2.692112e+00 0.000000e+00
    vertex 8.711053e-01 -2.680761e+00 0.000000e+00
    vertex 8.794498e-01 -2.692112e+00 1.030000e+02
  endloop
endfacet
facet normal 7.886873e-01 6.147946e-01 -1.273421e-12
  outer loop
    vertex 8.711053e-01 -2.680761e+00 1.030000e+02
    vertex 8.624444e-01 -2.669651e+00 0.000000e+00
    vertex 8.624444e-01 -2.669651e+00 1.030000e+02
  endloop
endfacet
facet normal 7.886873e-01 6.147946e-01 -0.000000e+00
  outer loop
    vertex 8.711053e-01 -2.680761e+00 0.000000e+00
    vertex 8.624444e-01 -2.669651e+00 0.000000e+00
    vertex 8.711053e-01 -2.680761e+00 1.030000e+02
  endloop
endfacet
facet normal 7.710506e-01 6.367739e-01 -5.340192e-13
  outer loop
    vertex 8.624444e-01 -2.669651e+00 1.030000e+02
    vertex 8.534739e-01 -2.658789e+00 0.000000e+00
    vertex 8.534739e-01 -2.658789e+00 1.030000e+02
  endloop
endfacet
facet normal 7.710506e-01 6.367739e-01 -0.000000e+00
  outer loop
    vertex 8.624444e-01 -2.669651e+00 0.000000e+00
    vertex 8.534739e-01 -2.658789e+00 0.000000e+00
    vertex 8.624444e-01 -2.669651e+00 1.030000e+02
  endloop
endfacet
facet normal 7.528117e-01 6.582359e-01 1.715007e-12
  outer loop
    vertex 8.534739e-01 -2.658789e+00 1.030000e+02
    vertex 8.442010e-01 -2.648184e+00 0.000000e+00
    vertex 8.442010e-01 -2.648184e+00 1.030000e+02
  endloop
endfacet
facet normal 7.528117e-01 6.582359e-01 -0.000000e+00
  outer loop
    vertex 8.534739e-01 -2.658789e+00 0.000000e+00
    vertex 8.442010e-01 -2.648184e+00 0.000000e+00
    vertex 8.534739e-01 -2.658789e+00 1.030000e+02
  endloop
endfacet
facet normal 7.339627e-01 6.791897e-01 2.567398e-12
  outer loop
    vertex 8.442010e-01 -2.648184e+00 1.030000e+02
    vertex 8.346331e-01 -2.637844e+00 0.000000e+00
    vertex 8.346331e-01 -2.637844e+00 1.030000e+02
  endloop
endfacet
facet normal 7.339627e-01 6.791897e-01 -0.000000e+00
  outer loop
    vertex 8.442010e-01 -2.648184e+00 0.000000e+00
    vertex 8.346331e-01 -2.637844e+00 0.000000e+00
    vertex 8.442010e-01 -2.648184e+00 1.030000e+02
  endloop
endfacet
facet normal 7.145346e-01 6.996001e-01 1.170732e-12
  outer loop
    vertex 8.346331e-01 -2.637844e+00 1.030000e+02
    vertex 8.247775e-01 -2.627778e+00 0.000000e+00
    vertex 8.247775e-01 -2.627778e+00 1.030000e+02
  endloop
endfacet
facet normal 6.945497e-01 7.194448e-01 0.000000e+00
  outer loop
    vertex 8.247775e-01 -2.627778e+00 1.030000e+02
    vertex 8.247775e-01 -2.627778e+00 0.000000e+00
    vertex 8.146424e-01 -2.617994e+00 1.030000e+02
  endloop
endfacet
facet normal 7.145346e-01 6.996001e-01 -0.000000e+00
  outer loop
    vertex 8.346331e-01 -2.637844e+00 0.000000e+00
    vertex 8.247775e-01 -2.627778e+00 0.000000e+00
    vertex 8.346331e-01 -2.637844e+00 1.030000e+02
  endloop
endfacet
facet normal 6.945497e-01 7.194448e-01 1.499353e-12
  outer loop
    vertex 8.247775e-01 -2.627778e+00 0.000000e+00
    vertex 8.146424e-01 -2.617994e+00 0.000000e+00
    vertex 8.146424e-01 -2.617994e+00 1.030000e+02
  endloop
endfacet
facet normal 6.739988e-01 7.387324e-01 1.940951e-12
  outer loop
    vertex 8.146424e-01 -2.617994e+00 1.030000e+02
    vertex 8.042356e-01 -2.608499e+00 0.000000e+00
    vertex 8.042356e-01 -2.608499e+00 1.030000e+02
  endloop
endfacet
facet normal 6.739988e-01 7.387324e-01 -0.000000e+00
  outer loop
    vertex 8.146424e-01 -2.617994e+00 0.000000e+00
    vertex 8.042356e-01 -2.608499e+00 0.000000e+00
    vertex 8.146424e-01 -2.617994e+00 1.030000e+02
  endloop
endfacet
facet normal 6.529247e-01 7.574229e-01 2.290116e-12
  outer loop
    vertex 8.042356e-01 -2.608499e+00 1.030000e+02
    vertex 7.935655e-01 -2.599301e+00 0.000000e+00
    vertex 7.935655e-01 -2.599301e+00 1.030000e+02
  endloop
endfacet
facet normal 6.529247e-01 7.574229e-01 -0.000000e+00
  outer loop
    vertex 8.042356e-01 -2.608499e+00 0.000000e+00
    vertex 7.935655e-01 -2.599301e+00 0.000000e+00
    vertex 8.042356e-01 -2.608499e+00 1.030000e+02
  endloop
endfacet
facet normal 6.313277e-01 7.755163e-01 -1.684202e-12
  outer loop
    vertex 7.935655e-01 -2.599301e+00 1.030000e+02
    vertex 7.826404e-01 -2.590407e+00 0.000000e+00
    vertex 7.826404e-01 -2.590407e+00 1.030000e+02
  endloop
endfacet
facet normal 6.092219e-01 7.929997e-01 0.000000e+00
  outer loop
    vertex 7.826404e-01 -2.590407e+00 1.030000e+02
    vertex 7.826404e-01 -2.590407e+00 0.000000e+00
    vertex 7.714692e-01 -2.581825e+00 1.030000e+02
  endloop
endfacet
facet normal 6.313277e-01 7.755163e-01 -0.000000e+00
  outer loop
    vertex 7.935655e-01 -2.599301e+00 0.000000e+00
    vertex 7.826404e-01 -2.590407e+00 0.000000e+00
    vertex 7.935655e-01 -2.599301e+00 1.030000e+02
  endloop
endfacet
facet normal 6.092219e-01 7.929997e-01 -1.365864e-12
  outer loop
    vertex 7.826404e-01 -2.590407e+00 0.000000e+00
    vertex 7.714692e-01 -2.581825e+00 0.000000e+00
    vertex 7.714692e-01 -2.581825e+00 1.030000e+02
  endloop
endfacet
facet normal 5.866487e-01 8.098415e-01 -2.598184e-12
  outer loop
    vertex 7.714692e-01 -2.581825e+00 1.030000e+02
    vertex 7.600606e-01 -2.573560e+00 0.000000e+00
    vertex 7.600606e-01 -2.573560e+00 1.030000e+02
  endloop
endfacet
facet normal 5.866487e-01 8.098415e-01 -0.000000e+00
  outer loop
    vertex 7.714692e-01 -2.581825e+00 0.000000e+00
    vertex 7.600606e-01 -2.573560e+00 0.000000e+00
    vertex 7.714692e-01 -2.581825e+00 1.030000e+02
  endloop
endfacet
facet normal 5.635889e-01 8.260555e-01 2.382554e-12
  outer loop
    vertex 7.600606e-01 -2.573560e+00 1.030000e+02
    vertex 7.484237e-01 -2.565621e+00 0.000000e+00
    vertex 7.484237e-01 -2.565621e+00 1.030000e+02
  endloop
endfacet
facet normal 5.635889e-01 8.260555e-01 -0.000000e+00
  outer loop
    vertex 7.600606e-01 -2.573560e+00 0.000000e+00
    vertex 7.484237e-01 -2.565621e+00 0.000000e+00
    vertex 7.600606e-01 -2.573560e+00 1.030000e+02
  endloop
endfacet
facet normal 5.401042e-01 8.415981e-01 2.156615e-13
  outer loop
    vertex 7.484237e-01 -2.565621e+00 1.030000e+02
    vertex 7.365678e-01 -2.558012e+00 0.000000e+00
    vertex 7.365678e-01 -2.558012e+00 1.030000e+02
  endloop
endfacet
facet normal 5.401042e-01 8.415981e-01 -0.000000e+00
  outer loop
    vertex 7.484237e-01 -2.565621e+00 0.000000e+00
    vertex 7.365678e-01 -2.558012e+00 0.000000e+00
    vertex 7.484237e-01 -2.565621e+00 1.030000e+02
  endloop
endfacet
facet normal 5.161839e-01 8.564779e-01 7.085961e-13
  outer loop
    vertex 7.365678e-01 -2.558012e+00 1.030000e+02
    vertex 7.245022e-01 -2.550740e+00 0.000000e+00
    vertex 7.245022e-01 -2.550740e+00 1.030000e+02
  endloop
endfacet
facet normal 4.918402e-01 8.706855e-01 0.000000e+00
  outer loop
    vertex 7.245022e-01 -2.550740e+00 1.030000e+02
    vertex 7.245022e-01 -2.550740e+00 0.000000e+00
    vertex 7.122366e-01 -2.543812e+00 1.030000e+02
  endloop
endfacet
facet normal 5.161839e-01 8.564779e-01 -0.000000e+00
  outer loop
    vertex 7.365678e-01 -2.558012e+00 0.000000e+00
    vertex 7.245022e-01 -2.550740e+00 0.000000e+00
    vertex 7.365678e-01 -2.558012e+00 1.030000e+02
  endloop
endfacet
facet normal 4.671233e-01 8.841922e-01 0.000000e+00
  outer loop
    vertex 7.122366e-01 -2.543812e+00 1.030000e+02
    vertex 7.122366e-01 -2.543812e+00 0.000000e+00
    vertex 6.997806e-01 -2.537231e+00 1.030000e+02
  endloop
endfacet
facet normal 4.918402e-01 8.706855e-01 0.000000e+00
  outer loop
    vertex 7.245022e-01 -2.550740e+00 0.000000e+00
    vertex 7.122366e-01 -2.543812e+00 0.000000e+00
    vertex 7.122366e-01 -2.543812e+00 1.030000e+02
  endloop
endfacet
facet normal 4.671233e-01 8.841922e-01 -1.540432e-12
  outer loop
    vertex 7.122366e-01 -2.543812e+00 0.000000e+00
    vertex 6.997806e-01 -2.537231e+00 0.000000e+00
    vertex 6.997806e-01 -2.537231e+00 1.030000e+02
  endloop
endfacet
facet normal 4.420278e-01 8.970013e-01 -0.000000e+00
  outer loop
    vertex 6.997806e-01 -2.537231e+00 0.000000e+00
    vertex 6.871441e-01 -2.531004e+00 0.000000e+00
    vertex 6.997806e-01 -2.537231e+00 1.030000e+02
  endloop
endfacet
facet normal 4.420278e-01 8.970013e-01 -2.546840e-12
  outer loop
    vertex 6.997806e-01 -2.537231e+00 1.030000e+02
    vertex 6.871441e-01 -2.531004e+00 0.000000e+00
    vertex 6.871441e-01 -2.531004e+00 1.030000e+02
  endloop
endfacet
facet normal 4.165734e-01 9.091021e-01 -0.000000e+00
  outer loop
    vertex 6.871441e-01 -2.531004e+00 0.000000e+00
    vertex 6.743373e-01 -2.525136e+00 0.000000e+00
    vertex 6.871441e-01 -2.531004e+00 1.030000e+02
  endloop
endfacet
facet normal 4.165734e-01 9.091021e-01 5.032110e-13
  outer loop
    vertex 6.871441e-01 -2.531004e+00 1.030000e+02
    vertex 6.743373e-01 -2.525136e+00 0.000000e+00
    vertex 6.743373e-01 -2.525136e+00 1.030000e+02
  endloop
endfacet
facet normal 3.908026e-01 9.204745e-01 -0.000000e+00
  outer loop
    vertex 6.743373e-01 -2.525136e+00 0.000000e+00
    vertex 6.613702e-01 -2.519630e+00 0.000000e+00
    vertex 6.743373e-01 -2.525136e+00 1.030000e+02
  endloop
endfacet
facet normal 3.908026e-01 9.204745e-01 1.068039e-12
  outer loop
    vertex 6.743373e-01 -2.525136e+00 1.030000e+02
    vertex 6.613702e-01 -2.519630e+00 0.000000e+00
    vertex 6.613702e-01 -2.519630e+00 1.030000e+02
  endloop
endfacet
facet normal 3.647178e-01 9.311181e-01 -0.000000e+00
  outer loop
    vertex 6.613702e-01 -2.519630e+00 0.000000e+00
    vertex 6.482532e-01 -2.514492e+00 0.000000e+00
    vertex 6.613702e-01 -2.519630e+00 1.030000e+02
  endloop
endfacet
facet normal 3.647178e-01 9.311181e-01 2.403072e-12
  outer loop
    vertex 6.613702e-01 -2.519630e+00 1.030000e+02
    vertex 6.482532e-01 -2.514492e+00 0.000000e+00
    vertex 6.482532e-01 -2.514492e+00 1.030000e+02
  endloop
endfacet
facet normal 3.383414e-01 9.410234e-01 -0.000000e+00
  outer loop
    vertex 6.482532e-01 -2.514492e+00 0.000000e+00
    vertex 6.349966e-01 -2.509726e+00 0.000000e+00
    vertex 6.482532e-01 -2.514492e+00 1.030000e+02
  endloop
endfacet
facet normal 3.383414e-01 9.410234e-01 -6.983294e-13
  outer loop
    vertex 6.482532e-01 -2.514492e+00 1.030000e+02
    vertex 6.349966e-01 -2.509726e+00 0.000000e+00
    vertex 6.349966e-01 -2.509726e+00 1.030000e+02
  endloop
endfacet
facet normal 3.116892e-01 9.501841e-01 -0.000000e+00
  outer loop
    vertex 6.349966e-01 -2.509726e+00 0.000000e+00
    vertex 6.216110e-01 -2.505335e+00 0.000000e+00
    vertex 6.349966e-01 -2.509726e+00 1.030000e+02
  endloop
endfacet
facet normal 3.116892e-01 9.501841e-01 1.951227e-13
  outer loop
    vertex 6.349966e-01 -2.509726e+00 1.030000e+02
    vertex 6.216110e-01 -2.505335e+00 0.000000e+00
    vertex 6.216110e-01 -2.505335e+00 1.030000e+02
  endloop
endfacet
facet normal 2.848081e-01 9.585846e-01 -0.000000e+00
  outer loop
    vertex 6.216110e-01 -2.505335e+00 0.000000e+00
    vertex 6.081071e-01 -2.501323e+00 0.000000e+00
    vertex 6.216110e-01 -2.505335e+00 1.030000e+02
  endloop
endfacet
facet normal 2.848081e-01 9.585846e-01 8.010259e-13
  outer loop
    vertex 6.216110e-01 -2.505335e+00 1.030000e+02
    vertex 6.081071e-01 -2.501323e+00 0.000000e+00
    vertex 6.081071e-01 -2.501323e+00 1.030000e+02
  endloop
endfacet
facet normal 2.576853e-01 9.662289e-01 0.000000e+00
  outer loop
    vertex 6.081071e-01 -2.501323e+00 1.030000e+02
    vertex 6.081071e-01 -2.501323e+00 0.000000e+00
    vertex 5.944954e-01 -2.497693e+00 1.030000e+02
  endloop
endfacet
facet normal 2.576853e-01 9.662289e-01 -3.080860e-13
  outer loop
    vertex 6.081071e-01 -2.501323e+00 0.000000e+00
    vertex 5.944954e-01 -2.497693e+00 0.000000e+00
    vertex 5.944954e-01 -2.497693e+00 1.030000e+02
  endloop
endfacet
facet normal 2.303567e-01 9.731063e-01 -0.000000e+00
  outer loop
    vertex 5.944954e-01 -2.497693e+00 0.000000e+00
    vertex 5.807869e-01 -2.494448e+00 0.000000e+00
    vertex 5.944954e-01 -2.497693e+00 1.030000e+02
  endloop
endfacet
facet normal 2.303567e-01 9.731063e-01 -3.286270e-13
  outer loop
    vertex 5.944954e-01 -2.497693e+00 1.030000e+02
    vertex 5.807869e-01 -2.494448e+00 0.000000e+00
    vertex 5.807869e-01 -2.494448e+00 1.030000e+02
  endloop
endfacet
facet normal 2.028695e-01 9.792058e-01 -0.000000e+00
  outer loop
    vertex 5.807869e-01 -2.494448e+00 0.000000e+00
    vertex 5.669924e-01 -2.491590e+00 0.000000e+00
    vertex 5.807869e-01 -2.494448e+00 1.030000e+02
  endloop
endfacet
facet normal 2.028695e-01 9.792058e-01 8.831806e-13
  outer loop
    vertex 5.807869e-01 -2.494448e+00 1.030000e+02
    vertex 5.669924e-01 -2.491590e+00 0.000000e+00
    vertex 5.669924e-01 -2.491590e+00 1.030000e+02
  endloop
endfacet
facet normal 1.751767e-01 9.845370e-01 -0.000000e+00
  outer loop
    vertex 5.669924e-01 -2.491590e+00 0.000000e+00
    vertex 5.531229e-01 -2.489122e+00 0.000000e+00
    vertex 5.669924e-01 -2.491590e+00 1.030000e+02
  endloop
endfacet
facet normal 1.751767e-01 9.845370e-01 -1.068039e-12
  outer loop
    vertex 5.669924e-01 -2.491590e+00 1.030000e+02
    vertex 5.531229e-01 -2.489122e+00 0.000000e+00
    vertex 5.531229e-01 -2.489122e+00 1.030000e+02
  endloop
endfacet
facet normal 1.473953e-01 9.890777e-01 -7.188695e-14
  outer loop
    vertex 5.531229e-01 -2.489122e+00 1.030000e+02
    vertex 5.391893e-01 -2.487046e+00 0.000000e+00
    vertex 5.391893e-01 -2.487046e+00 1.030000e+02
  endloop
endfacet
facet normal 1.473953e-01 9.890777e-01 -0.000000e+00
  outer loop
    vertex 5.531229e-01 -2.489122e+00 0.000000e+00
    vertex 5.391893e-01 -2.487046e+00 0.000000e+00
    vertex 5.531229e-01 -2.489122e+00 1.030000e+02
  endloop
endfacet
facet normal 1.194587e-01 9.928392e-01 2.567393e-13
  outer loop
    vertex 5.391893e-01 -2.487046e+00 1.030000e+02
    vertex 5.252028e-01 -2.485363e+00 0.000000e+00
    vertex 5.252028e-01 -2.485363e+00 1.030000e+02
  endloop
endfacet
facet normal 1.194587e-01 9.928392e-01 -0.000000e+00
  outer loop
    vertex 5.391893e-01 -2.487046e+00 0.000000e+00
    vertex 5.252028e-01 -2.485363e+00 0.000000e+00
    vertex 5.391893e-01 -2.487046e+00 1.030000e+02
  endloop
endfacet
facet normal 9.143516e-02 9.958110e-01 -4.313210e-13
  outer loop
    vertex 5.252028e-01 -2.485363e+00 1.030000e+02
    vertex 5.111744e-01 -2.484075e+00 0.000000e+00
    vertex 5.111744e-01 -2.484075e+00 1.030000e+02
  endloop
endfacet
facet normal 6.336009e-02 9.979907e-01 0.000000e+00
  outer loop
    vertex 5.111744e-01 -2.484075e+00 1.030000e+02
    vertex 5.111744e-01 -2.484075e+00 0.000000e+00
    vertex 4.971153e-01 -2.483182e+00 1.030000e+02
  endloop
endfacet
facet normal 9.143516e-02 9.958110e-01 -0.000000e+00
  outer loop
    vertex 5.252028e-01 -2.485363e+00 0.000000e+00
    vertex 5.111744e-01 -2.484075e+00 0.000000e+00
    vertex 5.252028e-01 -2.485363e+00 1.030000e+02
  endloop
endfacet
facet normal 6.336009e-02 9.979907e-01 0.000000e+00
  outer loop
    vertex 5.111744e-01 -2.484075e+00 0.000000e+00
    vertex 4.971153e-01 -2.483182e+00 0.000000e+00
    vertex 4.971153e-01 -2.483182e+00 1.030000e+02
  endloop
endfacet
facet normal 3.521539e-02 9.993798e-01 1.643129e-13
  outer loop
    vertex 4.971153e-01 -2.483182e+00 1.030000e+02
    vertex 4.830367e-01 -2.482686e+00 0.000000e+00
    vertex 4.830367e-01 -2.482686e+00 1.030000e+02
  endloop
endfacet
facet normal 3.521539e-02 9.993798e-01 -0.000000e+00
  outer loop
    vertex 4.971153e-01 -2.483182e+00 0.000000e+00
    vertex 4.830367e-01 -2.482686e+00 0.000000e+00
    vertex 4.971153e-01 -2.483182e+00 1.030000e+02
  endloop
endfacet
facet normal 7.036160e-03 9.999753e-01 4.107830e-14
  outer loop
    vertex 4.830367e-01 -2.482686e+00 1.030000e+02
    vertex 4.689496e-01 -2.482587e+00 0.000000e+00
    vertex 4.689496e-01 -2.482587e+00 1.030000e+02
  endloop
endfacet
facet normal -2.112583e-02 9.997768e-01 0.000000e+00
  outer loop
    vertex 4.689496e-01 -2.482587e+00 1.030000e+02
    vertex 4.689496e-01 -2.482587e+00 0.000000e+00
    vertex 4.548654e-01 -2.482885e+00 1.030000e+02
  endloop
endfacet
facet normal 7.036160e-03 9.999753e-01 -0.000000e+00
  outer loop
    vertex 4.830367e-01 -2.482686e+00 0.000000e+00
    vertex 4.689496e-01 -2.482587e+00 0.000000e+00
    vertex 4.830367e-01 -2.482686e+00 1.030000e+02
  endloop
endfacet
facet normal -2.112583e-02 9.997768e-01 1.232350e-13
  outer loop
    vertex 4.689496e-01 -2.482587e+00 0.000000e+00
    vertex 4.548654e-01 -2.482885e+00 0.000000e+00
    vertex 4.548654e-01 -2.482885e+00 1.030000e+02
  endloop
endfacet
facet normal -4.928772e-02 9.987847e-01 -1.437739e-13
  outer loop
    vertex 4.548654e-01 -2.482885e+00 1.030000e+02
    vertex 4.407951e-01 -2.483579e+00 0.000000e+00
    vertex 4.407951e-01 -2.483579e+00 1.030000e+02
  endloop
endfacet
facet normal -4.928772e-02 9.987847e-01 0.000000e+00
  outer loop
    vertex 4.548654e-01 -2.482885e+00 0.000000e+00
    vertex 4.407951e-01 -2.483579e+00 0.000000e+00
    vertex 4.548654e-01 -2.482885e+00 1.030000e+02
  endloop
endfacet
facet normal -7.741494e-02 9.969990e-01 -1.386390e-13
  outer loop
    vertex 4.407951e-01 -2.483579e+00 1.030000e+02
    vertex 4.267500e-01 -2.484669e+00 0.000000e+00
    vertex 4.267500e-01 -2.484669e+00 1.030000e+02
  endloop
endfacet
facet normal -7.741494e-02 9.969990e-01 0.000000e+00
  outer loop
    vertex 4.407951e-01 -2.483579e+00 0.000000e+00
    vertex 4.267500e-01 -2.484669e+00 0.000000e+00
    vertex 4.407951e-01 -2.483579e+00 1.030000e+02
  endloop
endfacet
facet normal -1.054559e-01 9.944239e-01 5.186141e-13
  outer loop
    vertex 4.267500e-01 -2.484669e+00 1.030000e+02
    vertex 4.127411e-01 -2.486155e+00 0.000000e+00
    vertex 4.127411e-01 -2.486155e+00 1.030000e+02
  endloop
endfacet
facet normal -1.054559e-01 9.944239e-01 0.000000e+00
  outer loop
    vertex 4.267500e-01 -2.484669e+00 0.000000e+00
    vertex 4.127411e-01 -2.486155e+00 0.000000e+00
    vertex 4.267500e-01 -2.484669e+00 1.030000e+02
  endloop
endfacet
facet normal -1.334271e-01 9.910586e-01 2.464698e-13
  outer loop
    vertex 4.127411e-01 -2.486155e+00 1.030000e+02
    vertex 3.987797e-01 -2.488035e+00 0.000000e+00
    vertex 3.987797e-01 -2.488035e+00 1.030000e+02
  endloop
endfacet
facet normal -1.334271e-01 9.910586e-01 0.000000e+00
  outer loop
    vertex 4.127411e-01 -2.486155e+00 0.000000e+00
    vertex 3.987797e-01 -2.488035e+00 0.000000e+00
    vertex 4.127411e-01 -2.486155e+00 1.030000e+02
  endloop
endfacet
facet normal -1.613114e-01 9.869035e-01 -2.259301e-13
  outer loop
    vertex 3.987797e-01 -2.488035e+00 1.030000e+02
    vertex 3.848768e-01 -2.490307e+00 0.000000e+00
    vertex 3.848768e-01 -2.490307e+00 1.030000e+02
  endloop
endfacet
facet normal -1.890406e-01 9.819694e-01 0.000000e+00
  outer loop
    vertex 3.848768e-01 -2.490307e+00 1.030000e+02
    vertex 3.848768e-01 -2.490307e+00 0.000000e+00
    vertex 3.710434e-01 -2.492970e+00 1.030000e+02
  endloop
endfacet
facet normal -1.613114e-01 9.869035e-01 0.000000e+00
  outer loop
    vertex 3.987797e-01 -2.488035e+00 0.000000e+00
    vertex 3.848768e-01 -2.490307e+00 0.000000e+00
    vertex 3.987797e-01 -2.488035e+00 1.030000e+02
  endloop
endfacet
facet normal -1.890406e-01 9.819694e-01 1.068036e-12
  outer loop
    vertex 3.848768e-01 -2.490307e+00 0.000000e+00
    vertex 3.710434e-01 -2.492970e+00 0.000000e+00
    vertex 3.710434e-01 -2.492970e+00 1.030000e+02
  endloop
endfacet
facet normal -2.166304e-01 9.762536e-01 0.000000e+00
  outer loop
    vertex 3.710434e-01 -2.492970e+00 0.000000e+00
    vertex 3.572906e-01 -2.496022e+00 0.000000e+00
    vertex 3.710434e-01 -2.492970e+00 1.030000e+02
  endloop
endfacet
facet normal -2.166304e-01 9.762536e-01 -2.053914e-13
  outer loop
    vertex 3.710434e-01 -2.492970e+00 1.030000e+02
    vertex 3.572906e-01 -2.496022e+00 0.000000e+00
    vertex 3.572906e-01 -2.496022e+00 1.030000e+02
  endloop
endfacet
facet normal -2.440472e-01 9.697634e-01 0.000000e+00
  outer loop
    vertex 3.572906e-01 -2.496022e+00 0.000000e+00
    vertex 3.436291e-01 -2.499460e+00 0.000000e+00
    vertex 3.572906e-01 -2.496022e+00 1.030000e+02
  endloop
endfacet
facet normal -2.440472e-01 9.697634e-01 -8.831830e-13
  outer loop
    vertex 3.572906e-01 -2.496022e+00 1.030000e+02
    vertex 3.436291e-01 -2.499460e+00 0.000000e+00
    vertex 3.436291e-01 -2.499460e+00 1.030000e+02
  endloop
endfacet
facet normal -2.712728e-01 9.625025e-01 0.000000e+00
  outer loop
    vertex 3.436291e-01 -2.499460e+00 0.000000e+00
    vertex 3.300699e-01 -2.503281e+00 0.000000e+00
    vertex 3.436291e-01 -2.499460e+00 1.030000e+02
  endloop
endfacet
facet normal -2.712728e-01 9.625025e-01 -9.910119e-13
  outer loop
    vertex 3.436291e-01 -2.499460e+00 1.030000e+02
    vertex 3.300699e-01 -2.503281e+00 0.000000e+00
    vertex 3.300699e-01 -2.503281e+00 1.030000e+02
  endloop
endfacet
facet normal -2.982748e-01 9.544801e-01 0.000000e+00
  outer loop
    vertex 3.300699e-01 -2.503281e+00 0.000000e+00
    vertex 3.166238e-01 -2.507483e+00 0.000000e+00
    vertex 3.300699e-01 -2.503281e+00 1.030000e+02
  endloop
endfacet
facet normal -2.982748e-01 9.544801e-01 1.304238e-12
  outer loop
    vertex 3.300699e-01 -2.503281e+00 1.030000e+02
    vertex 3.166238e-01 -2.507483e+00 0.000000e+00
    vertex 3.166238e-01 -2.507483e+00 1.030000e+02
  endloop
endfacet
facet normal -3.250500e-01 9.456968e-01 0.000000e+00
  outer loop
    vertex 3.166238e-01 -2.507483e+00 0.000000e+00
    vertex 3.033015e-01 -2.512062e+00 0.000000e+00
    vertex 3.166238e-01 -2.507483e+00 1.030000e+02
  endloop
endfacet
facet normal -3.250500e-01 9.456968e-01 8.215666e-14
  outer loop
    vertex 3.166238e-01 -2.507483e+00 1.030000e+02
    vertex 3.033015e-01 -2.512062e+00 0.000000e+00
    vertex 3.033015e-01 -2.512062e+00 1.030000e+02
  endloop
endfacet
facet normal -3.515643e-01 9.361637e-01 0.000000e+00
  outer loop
    vertex 3.033015e-01 -2.512062e+00 0.000000e+00
    vertex 2.901133e-01 -2.517015e+00 0.000000e+00
    vertex 3.033015e-01 -2.512062e+00 1.030000e+02
  endloop
endfacet
facet normal -3.515643e-01 9.361637e-01 1.129650e-13
  outer loop
    vertex 3.033015e-01 -2.512062e+00 1.030000e+02
    vertex 2.901133e-01 -2.517015e+00 0.000000e+00
    vertex 2.901133e-01 -2.517015e+00 1.030000e+02
  endloop
endfacet
facet normal -3.778030e-01 9.258860e-01 0.000000e+00
  outer loop
    vertex 2.901133e-01 -2.517015e+00 1.030000e+02
    vertex 2.901133e-01 -2.517015e+00 0.000000e+00
    vertex 2.770700e-01 -2.522337e+00 1.030000e+02
  endloop
endfacet
facet normal -3.778030e-01 9.258860e-01 2.464694e-12
  outer loop
    vertex 2.901133e-01 -2.517015e+00 0.000000e+00
    vertex 2.770700e-01 -2.522337e+00 0.000000e+00
    vertex 2.770700e-01 -2.522337e+00 1.030000e+02
  endloop
endfacet
facet normal -4.037299e-01 9.148782e-01 0.000000e+00
  outer loop
    vertex 2.770700e-01 -2.522337e+00 1.030000e+02
    vertex 2.770700e-01 -2.522337e+00 0.000000e+00
    vertex 2.641817e-01 -2.528025e+00 1.030000e+02
  endloop
endfacet
facet normal -4.037299e-01 9.148782e-01 -2.629011e-12
  outer loop
    vertex 2.770700e-01 -2.522337e+00 0.000000e+00
    vertex 2.641817e-01 -2.528025e+00 0.000000e+00
    vertex 2.641817e-01 -2.528025e+00 1.030000e+02
  endloop
endfacet
facet normal -4.293442e-01 9.031410e-01 0.000000e+00
  outer loop
    vertex 2.641817e-01 -2.528025e+00 0.000000e+00
    vertex 2.514588e-01 -2.534073e+00 0.000000e+00
    vertex 2.641817e-01 -2.528025e+00 1.030000e+02
  endloop
endfacet
facet normal -4.293442e-01 9.031410e-01 1.560975e-12
  outer loop
    vertex 2.641817e-01 -2.528025e+00 1.030000e+02
    vertex 2.514588e-01 -2.534073e+00 0.000000e+00
    vertex 2.514588e-01 -2.534073e+00 1.030000e+02
  endloop
endfacet
facet normal -4.546135e-01 8.906888e-01 0.000000e+00
  outer loop
    vertex 2.514588e-01 -2.534073e+00 0.000000e+00
    vertex 2.389114e-01 -2.540478e+00 0.000000e+00
    vertex 2.514588e-01 -2.534073e+00 1.030000e+02
  endloop
endfacet
facet normal -4.546135e-01 8.906888e-01 -4.313235e-13
  outer loop
    vertex 2.514588e-01 -2.534073e+00 1.030000e+02
    vertex 2.389114e-01 -2.540478e+00 0.000000e+00
    vertex 2.389114e-01 -2.540478e+00 1.030000e+02
  endloop
endfacet
facet normal -4.795319e-01 8.775244e-01 0.000000e+00
  outer loop
    vertex 2.389114e-01 -2.540478e+00 0.000000e+00
    vertex 2.265493e-01 -2.547233e+00 0.000000e+00
    vertex 2.389114e-01 -2.540478e+00 1.030000e+02
  endloop
endfacet
facet normal -4.795319e-01 8.775244e-01 -5.750945e-13
  outer loop
    vertex 2.389114e-01 -2.540478e+00 1.030000e+02
    vertex 2.265493e-01 -2.547233e+00 0.000000e+00
    vertex 2.265493e-01 -2.547233e+00 1.030000e+02
  endloop
endfacet
facet normal -5.040572e-01 8.636703e-01 0.000000e+00
  outer loop
    vertex 2.265493e-01 -2.547233e+00 1.030000e+02
    vertex 2.265493e-01 -2.547233e+00 0.000000e+00
    vertex 2.143825e-01 -2.554334e+00 1.030000e+02
  endloop
endfacet
facet normal -5.040572e-01 8.636703e-01 -1.311942e-12
  outer loop
    vertex 2.265493e-01 -2.547233e+00 0.000000e+00
    vertex 2.143825e-01 -2.554334e+00 0.000000e+00
    vertex 2.143825e-01 -2.554334e+00 1.030000e+02
  endloop
endfacet
facet normal -5.281960e-01 8.491225e-01 0.000000e+00
  outer loop
    vertex 2.143825e-01 -2.554334e+00 0.000000e+00
    vertex 2.024206e-01 -2.561775e+00 0.000000e+00
    vertex 2.143825e-01 -2.554334e+00 1.030000e+02
  endloop
endfacet
facet normal -5.281960e-01 8.491225e-01 -1.571241e-12
  outer loop
    vertex 2.143825e-01 -2.554334e+00 1.030000e+02
    vertex 2.024206e-01 -2.561775e+00 0.000000e+00
    vertex 2.024206e-01 -2.561775e+00 1.030000e+02
  endloop
endfacet
facet normal -5.519046e-01 8.339072e-01 0.000000e+00
  outer loop
    vertex 2.024206e-01 -2.561775e+00 0.000000e+00
    vertex 1.906730e-01 -2.569550e+00 0.000000e+00
    vertex 2.024206e-01 -2.561775e+00 1.030000e+02
  endloop
endfacet
facet normal -5.519046e-01 8.339072e-01 6.880607e-13
  outer loop
    vertex 2.024206e-01 -2.561775e+00 1.030000e+02
    vertex 1.906730e-01 -2.569550e+00 0.000000e+00
    vertex 1.906730e-01 -2.569550e+00 1.030000e+02
  endloop
endfacet
facet normal -5.751793e-01 8.180273e-01 0.000000e+00
  outer loop
    vertex 1.906730e-01 -2.569550e+00 0.000000e+00
    vertex 1.791491e-01 -2.577652e+00 0.000000e+00
    vertex 1.906730e-01 -2.569550e+00 1.030000e+02
  endloop
endfacet
facet normal -5.751793e-01 8.180273e-01 -1.517328e-12
  outer loop
    vertex 1.906730e-01 -2.569550e+00 1.030000e+02
    vertex 1.791491e-01 -2.577652e+00 0.000000e+00
    vertex 1.791491e-01 -2.577652e+00 1.030000e+02
  endloop
endfacet
facet normal -5.979895e-01 8.015039e-01 0.000000e+00
  outer loop
    vertex 1.791491e-01 -2.577652e+00 0.000000e+00
    vertex 1.678580e-01 -2.586076e+00 0.000000e+00
    vertex 1.791491e-01 -2.577652e+00 1.030000e+02
  endloop
endfacet
facet normal -5.979895e-01 8.015039e-01 -2.582809e-12
  outer loop
    vertex 1.791491e-01 -2.577652e+00 1.030000e+02
    vertex 1.678580e-01 -2.586076e+00 0.000000e+00
    vertex 1.678580e-01 -2.586076e+00 1.030000e+02
  endloop
endfacet
facet normal -6.203412e-01 7.843321e-01 0.000000e+00
  outer loop
    vertex 1.678580e-01 -2.586076e+00 0.000000e+00
    vertex 1.568088e-01 -2.594815e+00 0.000000e+00
    vertex 1.678580e-01 -2.586076e+00 1.030000e+02
  endloop
endfacet
facet normal -6.203412e-01 7.843321e-01 6.110378e-13
  outer loop
    vertex 1.678580e-01 -2.586076e+00 1.030000e+02
    vertex 1.568088e-01 -2.594815e+00 0.000000e+00
    vertex 1.568088e-01 -2.594815e+00 1.030000e+02
  endloop
endfacet
facet normal -6.421927e-01 7.665432e-01 0.000000e+00
  outer loop
    vertex 1.568088e-01 -2.594815e+00 0.000000e+00
    vertex 1.460102e-01 -2.603862e+00 0.000000e+00
    vertex 1.568088e-01 -2.594815e+00 1.030000e+02
  endloop
endfacet
facet normal -6.421927e-01 7.665432e-01 -1.643121e-13
  outer loop
    vertex 1.568088e-01 -2.594815e+00 1.030000e+02
    vertex 1.460102e-01 -2.603862e+00 0.000000e+00
    vertex 1.460102e-01 -2.603862e+00 1.030000e+02
  endloop
endfacet
facet normal -6.635293e-01 7.481503e-01 0.000000e+00
  outer loop
    vertex 1.460102e-01 -2.603862e+00 0.000000e+00
    vertex 1.354707e-01 -2.613210e+00 0.000000e+00
    vertex 1.460102e-01 -2.603862e+00 1.030000e+02
  endloop
endfacet
facet normal -6.635293e-01 7.481503e-01 -5.263146e-13
  outer loop
    vertex 1.460102e-01 -2.603862e+00 1.030000e+02
    vertex 1.354707e-01 -2.613210e+00 0.000000e+00
    vertex 1.354707e-01 -2.613210e+00 1.030000e+02
  endloop
endfacet
facet normal -6.843339e-01 7.291687e-01 0.000000e+00
  outer loop
    vertex 1.354707e-01 -2.613210e+00 0.000000e+00
    vertex 1.251987e-01 -2.622850e+00 0.000000e+00
    vertex 1.354707e-01 -2.613210e+00 1.030000e+02
  endloop
endfacet
facet normal -6.843339e-01 7.291687e-01 -3.299133e-13
  outer loop
    vertex 1.354707e-01 -2.613210e+00 1.030000e+02
    vertex 1.251987e-01 -2.622850e+00 0.000000e+00
    vertex 1.251987e-01 -2.622850e+00 1.030000e+02
  endloop
endfacet
facet normal -7.046163e-01 7.095885e-01 0.000000e+00
  outer loop
    vertex 1.251987e-01 -2.622850e+00 0.000000e+00
    vertex 1.152024e-01 -2.632776e+00 0.000000e+00
    vertex 1.251987e-01 -2.622850e+00 1.030000e+02
  endloop
endfacet
facet normal -7.046163e-01 7.095885e-01 -2.041064e-12
  outer loop
    vertex 1.251987e-01 -2.622850e+00 1.030000e+02
    vertex 1.152024e-01 -2.632776e+00 0.000000e+00
    vertex 1.152024e-01 -2.632776e+00 1.030000e+02
  endloop
endfacet
facet normal -7.243241e-01 6.894596e-01 -2.392805e-12
  outer loop
    vertex 1.152024e-01 -2.632776e+00 1.030000e+02
    vertex 1.054897e-01 -2.642980e+00 0.000000e+00
    vertex 1.054897e-01 -2.642980e+00 1.030000e+02
  endloop
endfacet
facet normal -7.243241e-01 6.894596e-01 0.000000e+00
  outer loop
    vertex 1.152024e-01 -2.632776e+00 0.000000e+00
    vertex 1.054897e-01 -2.642980e+00 0.000000e+00
    vertex 1.152024e-01 -2.632776e+00 1.030000e+02
  endloop
endfacet
facet normal -7.434587e-01 6.687819e-01 0.000000e+00
  outer loop
    vertex 1.054897e-01 -2.642980e+00 1.030000e+02
    vertex 1.054897e-01 -2.642980e+00 0.000000e+00
    vertex 9.606827e-02 -2.653454e+00 1.030000e+02
  endloop
endfacet
facet normal -7.434587e-01 6.687819e-01 1.068036e-12
  outer loop
    vertex 1.054897e-01 -2.642980e+00 0.000000e+00
    vertex 9.606827e-02 -2.653454e+00 0.000000e+00
    vertex 9.606827e-02 -2.653454e+00 1.030000e+02
  endloop
endfacet
facet normal -7.620037e-01 6.475727e-01 -7.342760e-13
  outer loop
    vertex 9.606827e-02 -2.653454e+00 1.030000e+02
    vertex 8.694568e-02 -2.664188e+00 0.000000e+00
    vertex 8.694568e-02 -2.664188e+00 1.030000e+02
  endloop
endfacet
facet normal -7.620037e-01 6.475727e-01 0.000000e+00
  outer loop
    vertex 9.606827e-02 -2.653454e+00 0.000000e+00
    vertex 8.694568e-02 -2.664188e+00 0.000000e+00
    vertex 9.606827e-02 -2.653454e+00 1.030000e+02
  endloop
endfacet
facet normal -7.799429e-01 6.258507e-01 1.293973e-12
  outer loop
    vertex 8.694568e-02 -2.664188e+00 1.030000e+02
    vertex 7.812912e-02 -2.675176e+00 0.000000e+00
    vertex 7.812912e-02 -2.675176e+00 1.030000e+02
  endloop
endfacet
facet normal -7.799429e-01 6.258507e-01 0.000000e+00
  outer loop
    vertex 8.694568e-02 -2.664188e+00 0.000000e+00
    vertex 7.812912e-02 -2.675176e+00 0.000000e+00
    vertex 8.694568e-02 -2.664188e+00 1.030000e+02
  endloop
endfacet
facet normal -7.972682e-01 6.036252e-01 -1.596916e-12
  outer loop
    vertex 7.812912e-02 -2.675176e+00 1.030000e+02
    vertex 6.962560e-02 -2.686407e+00 0.000000e+00
    vertex 6.962560e-02 -2.686407e+00 1.030000e+02
  endloop
endfacet
facet normal -7.972682e-01 6.036252e-01 0.000000e+00
  outer loop
    vertex 7.812912e-02 -2.675176e+00 0.000000e+00
    vertex 6.962560e-02 -2.686407e+00 0.000000e+00
    vertex 7.812912e-02 -2.675176e+00 1.030000e+02
  endloop
endfacet
facet normal -8.139570e-01 5.809251e-01 0.000000e+00
  outer loop
    vertex 6.962560e-02 -2.686407e+00 0.000000e+00
    vertex 6.144187e-02 -2.697874e+00 0.000000e+00
    vertex 6.962560e-02 -2.686407e+00 1.030000e+02
  endloop
endfacet
facet normal -8.139570e-01 5.809251e-01 1.347237e-12
  outer loop
    vertex 6.962560e-02 -2.686407e+00 1.030000e+02
    vertex 6.144187e-02 -2.697874e+00 0.000000e+00
    vertex 6.144187e-02 -2.697874e+00 1.030000e+02
  endloop
endfacet
facet normal -8.300015e-01 5.577612e-01 0.000000e+00
  outer loop
    vertex 6.144187e-02 -2.697874e+00 0.000000e+00
    vertex 5.358442e-02 -2.709566e+00 0.000000e+00
    vertex 6.144187e-02 -2.697874e+00 1.030000e+02
  endloop
endfacet
facet normal -8.300015e-01 5.577612e-01 5.872875e-13
  outer loop
    vertex 6.144187e-02 -2.697874e+00 1.030000e+02
    vertex 5.358442e-02 -2.709566e+00 0.000000e+00
    vertex 5.358442e-02 -2.709566e+00 1.030000e+02
  endloop
endfacet
facet normal -8.453818e-01 5.341626e-01 0.000000e+00
  outer loop
    vertex 5.358442e-02 -2.709566e+00 1.030000e+02
    vertex 5.358442e-02 -2.709566e+00 0.000000e+00
    vertex 4.605949e-02 -2.721475e+00 1.030000e+02
  endloop
endfacet
facet normal -8.453818e-01 5.341626e-01 1.286269e-12
  outer loop
    vertex 5.358442e-02 -2.709566e+00 0.000000e+00
    vertex 4.605949e-02 -2.721475e+00 0.000000e+00
    vertex 4.605949e-02 -2.721475e+00 1.030000e+02
  endloop
endfacet
facet normal -8.600949e-01 5.101340e-01 0.000000e+00
  outer loop
    vertex 4.605949e-02 -2.721475e+00 0.000000e+00
    vertex 3.887305e-02 -2.733592e+00 0.000000e+00
    vertex 4.605949e-02 -2.721475e+00 1.030000e+02
  endloop
endfacet
facet normal -8.600949e-01 5.101340e-01 -1.290761e-12
  outer loop
    vertex 4.605949e-02 -2.721475e+00 1.030000e+02
    vertex 3.887305e-02 -2.733592e+00 0.000000e+00
    vertex 3.887305e-02 -2.733592e+00 1.030000e+02
  endloop
endfacet
facet normal -8.741269e-01 4.856976e-01 0.000000e+00
  outer loop
    vertex 3.887305e-02 -2.733592e+00 0.000000e+00
    vertex 3.203082e-02 -2.745906e+00 0.000000e+00
    vertex 3.887305e-02 -2.733592e+00 1.030000e+02
  endloop
endfacet
facet normal -8.741269e-01 4.856976e-01 -1.948003e-12
  outer loop
    vertex 3.887305e-02 -2.733592e+00 1.030000e+02
    vertex 3.203082e-02 -2.745906e+00 0.000000e+00
    vertex 3.203082e-02 -2.745906e+00 1.030000e+02
  endloop
endfacet
facet normal -8.874611e-01 4.608827e-01 0.000000e+00
  outer loop
    vertex 3.203082e-02 -2.745906e+00 0.000000e+00
    vertex 2.553821e-02 -2.758408e+00 0.000000e+00
    vertex 3.203082e-02 -2.745906e+00 1.030000e+02
  endloop
endfacet
facet normal -8.874611e-01 4.608827e-01 2.534029e-12
  outer loop
    vertex 3.203082e-02 -2.745906e+00 1.030000e+02
    vertex 2.553821e-02 -2.758408e+00 0.000000e+00
    vertex 2.553821e-02 -2.758408e+00 1.030000e+02
  endloop
endfacet
facet normal -9.000965e-01 4.356906e-01 0.000000e+00
  outer loop
    vertex 2.553821e-02 -2.758408e+00 0.000000e+00
    vertex 1.940039e-02 -2.771088e+00 0.000000e+00
    vertex 2.553821e-02 -2.758408e+00 1.030000e+02
  endloop
endfacet
facet normal -9.000965e-01 4.356906e-01 1.080217e-12
  outer loop
    vertex 2.553821e-02 -2.758408e+00 1.030000e+02
    vertex 1.940039e-02 -2.771088e+00 0.000000e+00
    vertex 1.940039e-02 -2.771088e+00 1.030000e+02
  endloop
endfacet
facet normal -9.120086e-01 4.101711e-01 0.000000e+00
  outer loop
    vertex 1.940039e-02 -2.771088e+00 0.000000e+00
    vertex 1.362222e-02 -2.783936e+00 0.000000e+00
    vertex 1.940039e-02 -2.771088e+00 1.030000e+02
  endloop
endfacet
facet normal -9.120086e-01 4.101711e-01 1.761254e-12
  outer loop
    vertex 1.940039e-02 -2.771088e+00 1.030000e+02
    vertex 1.362222e-02 -2.783936e+00 0.000000e+00
    vertex 1.362222e-02 -2.783936e+00 1.030000e+02
  endloop
endfacet
facet normal -9.232050e-01 3.843079e-01 0.000000e+00
  outer loop
    vertex 1.362222e-02 -2.783936e+00 1.030000e+02
    vertex 1.362222e-02 -2.783936e+00 0.000000e+00
    vertex 8.208302e-03 -2.796941e+00 1.030000e+02
  endloop
endfacet
facet normal -9.232050e-01 3.843079e-01 2.090168e-12
  outer loop
    vertex 1.362222e-02 -2.783936e+00 0.000000e+00
    vertex 8.208302e-03 -2.796941e+00 0.000000e+00
    vertex 8.208302e-03 -2.796941e+00 1.030000e+02
  endloop
endfacet
facet normal -9.336639e-01 3.581503e-01 0.000000e+00
  outer loop
    vertex 8.208302e-03 -2.796941e+00 1.030000e+02
    vertex 8.208302e-03 -2.796941e+00 0.000000e+00
    vertex 3.162919e-03 -2.810094e+00 1.030000e+02
  endloop
endfacet
facet normal -9.336639e-01 3.581503e-01 -1.197052e-13
  outer loop
    vertex 8.208302e-03 -2.796941e+00 0.000000e+00
    vertex 3.162919e-03 -2.810094e+00 0.000000e+00
    vertex 3.162919e-03 -2.810094e+00 1.030000e+02
  endloop
endfacet
facet normal -9.433836e-01 3.317039e-01 7.445449e-14
  outer loop
    vertex 3.162919e-03 -2.810094e+00 1.030000e+02
    vertex -1.509917e-03 -2.823384e+00 0.000000e+00
    vertex -1.509917e-03 -2.823384e+00 1.030000e+02
  endloop
endfacet
facet normal -9.433836e-01 3.317039e-01 0.000000e+00
  outer loop
    vertex 3.162919e-03 -2.810094e+00 0.000000e+00
    vertex -1.509917e-03 -2.823384e+00 0.000000e+00
    vertex 3.162919e-03 -2.810094e+00 1.030000e+02
  endloop
endfacet
facet normal -9.523546e-01 3.049932e-01 7.123676e-13
  outer loop
    vertex -1.509917e-03 -2.823384e+00 1.030000e+02
    vertex -5.806498e-03 -2.836800e+00 0.000000e+00
    vertex -5.806498e-03 -2.836800e+00 1.030000e+02
  endloop
endfacet
facet normal -9.523546e-01 3.049932e-01 0.000000e+00
  outer loop
    vertex -1.509917e-03 -2.823384e+00 0.000000e+00
    vertex -5.806498e-03 -2.836800e+00 0.000000e+00
    vertex -1.509917e-03 -2.823384e+00 1.030000e+02
  endloop
endfacet
facet normal -9.605688e-01 2.780425e-01 1.047811e-13
  outer loop
    vertex -5.806498e-03 -2.836800e+00 1.030000e+02
    vertex -9.723413e-03 -2.850332e+00 0.000000e+00
    vertex -9.723413e-03 -2.850332e+00 1.030000e+02
  endloop
endfacet
facet normal -9.605688e-01 2.780425e-01 0.000000e+00
  outer loop
    vertex -5.806498e-03 -2.836800e+00 0.000000e+00
    vertex -9.723413e-03 -2.850332e+00 0.000000e+00
    vertex -5.806498e-03 -2.836800e+00 1.030000e+02
  endloop
endfacet
facet normal -9.680194e-01 2.508753e-01 -4.878100e-13
  outer loop
    vertex -9.723413e-03 -2.850332e+00 1.030000e+02
    vertex -1.325755e-02 -2.863969e+00 0.000000e+00
    vertex -1.325755e-02 -2.863969e+00 1.030000e+02
  endloop
endfacet
facet normal -9.680194e-01 2.508753e-01 0.000000e+00
  outer loop
    vertex -9.723413e-03 -2.850332e+00 0.000000e+00
    vertex -1.325755e-02 -2.863969e+00 0.000000e+00
    vertex -9.723413e-03 -2.850332e+00 1.030000e+02
  endloop
endfacet
facet normal -9.747041e-01 2.234992e-01 1.224150e-12
  outer loop
    vertex -1.325755e-02 -2.863969e+00 1.030000e+02
    vertex -1.640611e-02 -2.877700e+00 0.000000e+00
    vertex -1.640611e-02 -2.877700e+00 1.030000e+02
  endloop
endfacet
facet normal -9.806129e-01 1.959549e-01 0.000000e+00
  outer loop
    vertex -1.640611e-02 -2.877700e+00 1.030000e+02
    vertex -1.640611e-02 -2.877700e+00 0.000000e+00
    vertex -1.916659e-02 -2.891514e+00 1.030000e+02
  endloop
endfacet
facet normal -9.747041e-01 2.234992e-01 0.000000e+00
  outer loop
    vertex -1.325755e-02 -2.863969e+00 0.000000e+00
    vertex -1.640611e-02 -2.877700e+00 0.000000e+00
    vertex -1.325755e-02 -2.863969e+00 1.030000e+02
  endloop
endfacet
facet normal -9.857442e-01 1.682513e-01 0.000000e+00
  outer loop
    vertex -1.916659e-02 -2.891514e+00 1.030000e+02
    vertex -1.916659e-02 -2.891514e+00 0.000000e+00
    vertex -2.153680e-02 -2.905401e+00 1.030000e+02
  endloop
endfacet
facet normal -9.806129e-01 1.959549e-01 -9.672701e-13
  outer loop
    vertex -1.640611e-02 -2.877700e+00 0.000000e+00
    vertex -1.916659e-02 -2.891514e+00 0.000000e+00
    vertex -1.916659e-02 -2.891514e+00 1.030000e+02
  endloop
endfacet
facet normal -9.900932e-01 1.404114e-01 0.000000e+00
  outer loop
    vertex -2.153680e-02 -2.905401e+00 1.030000e+02
    vertex -2.153680e-02 -2.905401e+00 0.000000e+00
    vertex -2.351485e-02 -2.919349e+00 1.030000e+02
  endloop
endfacet
facet normal -9.857442e-01 1.682513e-01 -9.342160e-13
  outer loop
    vertex -1.916659e-02 -2.891514e+00 0.000000e+00
    vertex -2.153680e-02 -2.905401e+00 0.000000e+00
    vertex -2.153680e-02 -2.905401e+00 1.030000e+02
  endloop
endfacet
facet normal -9.900932e-01 1.404114e-01 4.396608e-13
  outer loop
    vertex -2.153680e-02 -2.905401e+00 0.000000e+00
    vertex -2.351485e-02 -2.919349e+00 0.000000e+00
    vertex -2.351485e-02 -2.919349e+00 1.030000e+02
  endloop
endfacet
facet normal -9.936558e-01 1.124643e-01 -4.672645e-13
  outer loop
    vertex -2.351485e-02 -2.919349e+00 1.030000e+02
    vertex -2.509918e-02 -2.933347e+00 0.000000e+00
    vertex -2.509918e-02 -2.933347e+00 1.030000e+02
  endloop
endfacet
facet normal -9.936558e-01 1.124643e-01 0.000000e+00
  outer loop
    vertex -2.351485e-02 -2.919349e+00 0.000000e+00
    vertex -2.509918e-02 -2.933347e+00 0.000000e+00
    vertex -2.351485e-02 -2.919349e+00 1.030000e+02
  endloop
endfacet
facet normal -9.964297e-01 8.442635e-02 -5.391520e-14
  outer loop
    vertex -2.509918e-02 -2.933347e+00 1.030000e+02
    vertex -2.628853e-02 -2.947384e+00 0.000000e+00
    vertex -2.628853e-02 -2.947384e+00 1.030000e+02
  endloop
endfacet
facet normal -9.964297e-01 8.442635e-02 0.000000e+00
  outer loop
    vertex -2.509918e-02 -2.933347e+00 0.000000e+00
    vertex -2.628853e-02 -2.947384e+00 0.000000e+00
    vertex -2.509918e-02 -2.933347e+00 1.030000e+02
  endloop
endfacet
facet normal -9.984126e-01 5.632210e-02 1.129660e-13
  outer loop
    vertex -2.628853e-02 -2.947384e+00 1.030000e+02
    vertex -2.708196e-02 -2.961449e+00 0.000000e+00
    vertex -2.708196e-02 -2.961449e+00 1.030000e+02
  endloop
endfacet
facet normal -9.996031e-01 2.817200e-02 0.000000e+00
  outer loop
    vertex -2.708196e-02 -2.961449e+00 1.030000e+02
    vertex -2.708196e-02 -2.961449e+00 0.000000e+00
    vertex -2.747883e-02 -2.975531e+00 1.030000e+02
  endloop
endfacet
facet normal -9.984126e-01 5.632210e-02 0.000000e+00
  outer loop
    vertex -2.628853e-02 -2.947384e+00 0.000000e+00
    vertex -2.708196e-02 -2.961449e+00 0.000000e+00
    vertex -2.628853e-02 -2.947384e+00 1.030000e+02
  endloop
endfacet
facet normal -9.996031e-01 2.817200e-02 2.759950e-14
  outer loop
    vertex -2.708196e-02 -2.961449e+00 0.000000e+00
    vertex -2.747883e-02 -2.975531e+00 0.000000e+00
    vertex -2.747883e-02 -2.975531e+00 1.030000e+02
  endloop
endfacet
facet normal -1.000000e+00 -0.000000e+00 0.000000e+00
  outer loop
    vertex -2.747883e-02 -2.975531e+00 1.030000e+02
    vertex -2.747883e-02 -2.989618e+00 0.000000e+00
    vertex -2.747883e-02 -2.989618e+00 1.030000e+02
  endloop
endfacet
facet normal -9.996031e-01 -2.817200e-02 -0.000000e+00
  outer loop
    vertex -2.747883e-02 -2.989618e+00 1.030000e+02
    vertex -2.747883e-02 -2.989618e+00 0.000000e+00
    vertex -2.708196e-02 -3.003700e+00 1.030000e+02
  endloop
endfacet
facet normal -1.000000e+00 0.000000e+00 0.000000e+00
  outer loop
    vertex -2.747883e-02 -2.975531e+00 0.000000e+00
    vertex -2.747883e-02 -2.989618e+00 0.000000e+00
    vertex -2.747883e-02 -2.975531e+00 1.030000e+02
  endloop
endfacet
facet normal -9.996031e-01 -2.817200e-02 -2.759950e-14
  outer loop
    vertex -2.747883e-02 -2.989618e+00 0.000000e+00
    vertex -2.708196e-02 -3.003700e+00 0.000000e+00
    vertex -2.708196e-02 -3.003700e+00 1.030000e+02
  endloop
endfacet
facet normal -9.984126e-01 -5.632210e-02 -1.129660e-13
  outer loop
    vertex -2.708196e-02 -3.003700e+00 1.030000e+02
    vertex -2.628853e-02 -3.017765e+00 0.000000e+00
    vertex -2.628853e-02 -3.017765e+00 1.030000e+02
  endloop
endfacet
facet normal -9.984126e-01 -5.632210e-02 0.000000e+00
  outer loop
    vertex -2.708196e-02 -3.003700e+00 0.000000e+00
    vertex -2.628853e-02 -3.017765e+00 0.000000e+00
    vertex -2.708196e-02 -3.003700e+00 1.030000e+02
  endloop
endfacet
facet normal -9.964297e-01 -8.442635e-02 0.000000e+00
  outer loop
    vertex -2.628853e-02 -3.017765e+00 0.000000e+00
    vertex -2.509918e-02 -3.031802e+00 0.000000e+00
    vertex -2.628853e-02 -3.017765e+00 1.030000e+02
  endloop
endfacet
facet normal -9.964297e-01 -8.442635e-02 5.391520e-14
  outer loop
    vertex -2.628853e-02 -3.017765e+00 1.030000e+02
    vertex -2.509918e-02 -3.031802e+00 0.000000e+00
    vertex -2.509918e-02 -3.031802e+00 1.030000e+02
  endloop
endfacet
facet normal -9.936558e-01 -1.124643e-01 0.000000e+00
  outer loop
    vertex -2.509918e-02 -3.031802e+00 0.000000e+00
    vertex -2.351485e-02 -3.045800e+00 0.000000e+00
    vertex -2.509918e-02 -3.031802e+00 1.030000e+02
  endloop
endfacet
facet normal -9.936558e-01 -1.124643e-01 4.672645e-13
  outer loop
    vertex -2.509918e-02 -3.031802e+00 1.030000e+02
    vertex -2.351485e-02 -3.045800e+00 0.000000e+00
    vertex -2.351485e-02 -3.045800e+00 1.030000e+02
  endloop
endfacet
facet normal -9.900932e-01 -1.404114e-01 0.000000e+00
  outer loop
    vertex -2.351485e-02 -3.045800e+00 0.000000e+00
    vertex -2.153680e-02 -3.059748e+00 0.000000e+00
    vertex -2.351485e-02 -3.045800e+00 1.030000e+02
  endloop
endfacet
facet normal -9.900932e-01 -1.404114e-01 -4.396608e-13
  outer loop
    vertex -2.351485e-02 -3.045800e+00 1.030000e+02
    vertex -2.153680e-02 -3.059748e+00 0.000000e+00
    vertex -2.153680e-02 -3.059748e+00 1.030000e+02
  endloop
endfacet
facet normal -9.857442e-01 -1.682513e-01 -0.000000e+00
  outer loop
    vertex -2.153680e-02 -3.059748e+00 1.030000e+02
    vertex -2.153680e-02 -3.059748e+00 0.000000e+00
    vertex -1.916659e-02 -3.073635e+00 1.030000e+02
  endloop
endfacet
facet normal -9.857442e-01 -1.682513e-01 9.342160e-13
  outer loop
    vertex -2.153680e-02 -3.059748e+00 0.000000e+00
    vertex -1.916659e-02 -3.073635e+00 0.000000e+00
    vertex -1.916659e-02 -3.073635e+00 1.030000e+02
  endloop
endfacet
facet normal -9.806129e-01 -1.959549e-01 0.000000e+00
  outer loop
    vertex -1.916659e-02 -3.073635e+00 0.000000e+00
    vertex -1.640611e-02 -3.087449e+00 0.000000e+00
    vertex -1.916659e-02 -3.073635e+00 1.030000e+02
  endloop
endfacet
facet normal -9.806129e-01 -1.959549e-01 9.672701e-13
  outer loop
    vertex -1.916659e-02 -3.073635e+00 1.030000e+02
    vertex -1.640611e-02 -3.087449e+00 0.000000e+00
    vertex -1.640611e-02 -3.087449e+00 1.030000e+02
  endloop
endfacet
facet normal -9.747041e-01 -2.234992e-01 -0.000000e+00
  outer loop
    vertex -1.640611e-02 -3.087449e+00 1.030000e+02
    vertex -1.640611e-02 -3.087449e+00 0.000000e+00
    vertex -1.325755e-02 -3.101180e+00 1.030000e+02
  endloop
endfacet
facet normal -9.747041e-01 -2.234992e-01 -1.224150e-12
  outer loop
    vertex -1.640611e-02 -3.087449e+00 0.000000e+00
    vertex -1.325755e-02 -3.101180e+00 0.000000e+00
    vertex -1.325755e-02 -3.101180e+00 1.030000e+02
  endloop
endfacet
facet normal -9.680194e-01 -2.508753e-01 4.878100e-13
  outer loop
    vertex -1.325755e-02 -3.101180e+00 1.030000e+02
    vertex -9.723413e-03 -3.114817e+00 0.000000e+00
    vertex -9.723413e-03 -3.114817e+00 1.030000e+02
  endloop
endfacet
facet normal -9.680194e-01 -2.508753e-01 0.000000e+00
  outer loop
    vertex -1.325755e-02 -3.101180e+00 0.000000e+00
    vertex -9.723413e-03 -3.114817e+00 0.000000e+00
    vertex -1.325755e-02 -3.101180e+00 1.030000e+02
  endloop
endfacet
facet normal -9.605688e-01 -2.780425e-01 -1.047811e-13
  outer loop
    vertex -9.723413e-03 -3.114817e+00 1.030000e+02
    vertex -5.806498e-03 -3.128349e+00 0.000000e+00
    vertex -5.806498e-03 -3.128349e+00 1.030000e+02
  endloop
endfacet
facet normal -9.523546e-01 -3.049932e-01 -0.000000e+00
  outer loop
    vertex -5.806498e-03 -3.128349e+00 1.030000e+02
    vertex -5.806498e-03 -3.128349e+00 0.000000e+00
    vertex -1.509917e-03 -3.141765e+00 1.030000e+02
  endloop
endfacet
facet normal -9.605688e-01 -2.780425e-01 0.000000e+00
  outer loop
    vertex -9.723413e-03 -3.114817e+00 0.000000e+00
    vertex -5.806498e-03 -3.128349e+00 0.000000e+00
    vertex -9.723413e-03 -3.114817e+00 1.030000e+02
  endloop
endfacet
facet normal -9.523546e-01 -3.049932e-01 -7.123676e-13
  outer loop
    vertex -5.806498e-03 -3.128349e+00 0.000000e+00
    vertex -1.509917e-03 -3.141765e+00 0.000000e+00
    vertex -1.509917e-03 -3.141765e+00 1.030000e+02
  endloop
endfacet
facet normal -9.433836e-01 -3.317039e-01 -7.445449e-14
  outer loop
    vertex -1.509917e-03 -3.141765e+00 1.030000e+02
    vertex 3.162919e-03 -3.155055e+00 0.000000e+00
    vertex 3.162919e-03 -3.155055e+00 1.030000e+02
  endloop
endfacet
facet normal -9.433836e-01 -3.317039e-01 0.000000e+00
  outer loop
    vertex -1.509917e-03 -3.141765e+00 0.000000e+00
    vertex 3.162919e-03 -3.155055e+00 0.000000e+00
    vertex -1.509917e-03 -3.141765e+00 1.030000e+02
  endloop
endfacet
facet normal -9.336639e-01 -3.581503e-01 1.197052e-13
  outer loop
    vertex 3.162919e-03 -3.155055e+00 1.030000e+02
    vertex 8.208302e-03 -3.168208e+00 0.000000e+00
    vertex 8.208302e-03 -3.168208e+00 1.030000e+02
  endloop
endfacet
facet normal -9.336639e-01 -3.581503e-01 0.000000e+00
  outer loop
    vertex 3.162919e-03 -3.155055e+00 0.000000e+00
    vertex 8.208302e-03 -3.168208e+00 0.000000e+00
    vertex 3.162919e-03 -3.155055e+00 1.030000e+02
  endloop
endfacet
facet normal -9.232050e-01 -3.843079e-01 -2.090168e-12
  outer loop
    vertex 8.208302e-03 -3.168208e+00 1.030000e+02
    vertex 1.362222e-02 -3.181213e+00 0.000000e+00
    vertex 1.362222e-02 -3.181213e+00 1.030000e+02
  endloop
endfacet
facet normal -9.232050e-01 -3.843079e-01 0.000000e+00
  outer loop
    vertex 8.208302e-03 -3.168208e+00 0.000000e+00
    vertex 1.362222e-02 -3.181213e+00 0.000000e+00
    vertex 8.208302e-03 -3.168208e+00 1.030000e+02
  endloop
endfacet
facet normal -9.120086e-01 -4.101711e-01 -1.761254e-12
  outer loop
    vertex 1.362222e-02 -3.181213e+00 1.030000e+02
    vertex 1.940039e-02 -3.194061e+00 0.000000e+00
    vertex 1.940039e-02 -3.194061e+00 1.030000e+02
  endloop
endfacet
facet normal -9.000965e-01 -4.356906e-01 -0.000000e+00
  outer loop
    vertex 1.940039e-02 -3.194061e+00 1.030000e+02
    vertex 1.940039e-02 -3.194061e+00 0.000000e+00
    vertex 2.553821e-02 -3.206741e+00 1.030000e+02
  endloop
endfacet
facet normal -9.120086e-01 -4.101711e-01 0.000000e+00
  outer loop
    vertex 1.362222e-02 -3.181213e+00 0.000000e+00
    vertex 1.940039e-02 -3.194061e+00 0.000000e+00
    vertex 1.362222e-02 -3.181213e+00 1.030000e+02
  endloop
endfacet
facet normal -8.874611e-01 -4.608827e-01 -0.000000e+00
  outer loop
    vertex 2.553821e-02 -3.206741e+00 1.030000e+02
    vertex 2.553821e-02 -3.206741e+00 0.000000e+00
    vertex 3.203082e-02 -3.219243e+00 1.030000e+02
  endloop
endfacet
facet normal -9.000965e-01 -4.356906e-01 -1.080217e-12
  outer loop
    vertex 1.940039e-02 -3.194061e+00 0.000000e+00
    vertex 2.553821e-02 -3.206741e+00 0.000000e+00
    vertex 2.553821e-02 -3.206741e+00 1.030000e+02
  endloop
endfacet
facet normal -8.874611e-01 -4.608827e-01 -2.534029e-12
  outer loop
    vertex 2.553821e-02 -3.206741e+00 0.000000e+00
    vertex 3.203082e-02 -3.219243e+00 0.000000e+00
    vertex 3.203082e-02 -3.219243e+00 1.030000e+02
  endloop
endfacet
facet normal -8.741269e-01 -4.856976e-01 1.948003e-12
  outer loop
    vertex 3.203082e-02 -3.219243e+00 1.030000e+02
    vertex 3.887305e-02 -3.231557e+00 0.000000e+00
    vertex 3.887305e-02 -3.231557e+00 1.030000e+02
  endloop
endfacet
facet normal -8.741269e-01 -4.856976e-01 0.000000e+00
  outer loop
    vertex 3.203082e-02 -3.219243e+00 0.000000e+00
    vertex 3.887305e-02 -3.231557e+00 0.000000e+00
    vertex 3.203082e-02 -3.219243e+00 1.030000e+02
  endloop
endfacet
facet normal -8.600949e-01 -5.101340e-01 1.290761e-12
  outer loop
    vertex 3.887305e-02 -3.231557e+00 1.030000e+02
    vertex 4.605949e-02 -3.243674e+00 0.000000e+00
    vertex 4.605949e-02 -3.243674e+00 1.030000e+02
  endloop
endfacet
facet normal -8.600949e-01 -5.101340e-01 0.000000e+00
  outer loop
    vertex 3.887305e-02 -3.231557e+00 0.000000e+00
    vertex 4.605949e-02 -3.243674e+00 0.000000e+00
    vertex 3.887305e-02 -3.231557e+00 1.030000e+02
  endloop
endfacet
facet normal -8.453818e-01 -5.341626e-01 -1.286269e-12
  outer loop
    vertex 4.605949e-02 -3.243674e+00 1.030000e+02
    vertex 5.358442e-02 -3.255583e+00 0.000000e+00
    vertex 5.358442e-02 -3.255583e+00 1.030000e+02
  endloop
endfacet
facet normal -8.453818e-01 -5.341626e-01 0.000000e+00
  outer loop
    vertex 4.605949e-02 -3.243674e+00 0.000000e+00
    vertex 5.358442e-02 -3.255583e+00 0.000000e+00
    vertex 4.605949e-02 -3.243674e+00 1.030000e+02
  endloop
endfacet
facet normal -8.300015e-01 -5.577612e-01 -5.872875e-13
  outer loop
    vertex 5.358442e-02 -3.255583e+00 1.030000e+02
    vertex 6.144187e-02 -3.267275e+00 0.000000e+00
    vertex 6.144187e-02 -3.267275e+00 1.030000e+02
  endloop
endfacet
facet normal -8.139570e-01 -5.809251e-01 -0.000000e+00
  outer loop
    vertex 6.144187e-02 -3.267275e+00 1.030000e+02
    vertex 6.144187e-02 -3.267275e+00 0.000000e+00
    vertex 6.962560e-02 -3.278742e+00 1.030000e+02
  endloop
endfacet
facet normal -8.300015e-01 -5.577612e-01 0.000000e+00
  outer loop
    vertex 5.358442e-02 -3.255583e+00 0.000000e+00
    vertex 6.144187e-02 -3.267275e+00 0.000000e+00
    vertex 5.358442e-02 -3.255583e+00 1.030000e+02
  endloop
endfacet
facet normal -7.972682e-01 -6.036252e-01 -0.000000e+00
  outer loop
    vertex 6.962560e-02 -3.278742e+00 1.030000e+02
    vertex 6.962560e-02 -3.278742e+00 0.000000e+00
    vertex 7.812912e-02 -3.289973e+00 1.030000e+02
  endloop
endfacet
facet normal -8.139570e-01 -5.809251e-01 -1.347237e-12
  outer loop
    vertex 6.144187e-02 -3.267275e+00 0.000000e+00
    vertex 6.962560e-02 -3.278742e+00 0.000000e+00
    vertex 6.962560e-02 -3.278742e+00 1.030000e+02
  endloop
endfacet
facet normal -7.799429e-01 -6.258507e-01 -0.000000e+00
  outer loop
    vertex 7.812912e-02 -3.289973e+00 1.030000e+02
    vertex 7.812912e-02 -3.289973e+00 0.000000e+00
    vertex 8.694568e-02 -3.300961e+00 1.030000e+02
  endloop
endfacet
facet normal -7.972682e-01 -6.036252e-01 1.596916e-12
  outer loop
    vertex 6.962560e-02 -3.278742e+00 0.000000e+00
    vertex 7.812912e-02 -3.289973e+00 0.000000e+00
    vertex 7.812912e-02 -3.289973e+00 1.030000e+02
  endloop
endfacet
facet normal -7.799429e-01 -6.258507e-01 -1.293973e-12
  outer loop
    vertex 7.812912e-02 -3.289973e+00 0.000000e+00
    vertex 8.694568e-02 -3.300961e+00 0.000000e+00
    vertex 8.694568e-02 -3.300961e+00 1.030000e+02
  endloop
endfacet
facet normal -7.620037e-01 -6.475727e-01 7.342760e-13
  outer loop
    vertex 8.694568e-02 -3.300961e+00 1.030000e+02
    vertex 9.606827e-02 -3.311695e+00 0.000000e+00
    vertex 9.606827e-02 -3.311695e+00 1.030000e+02
  endloop
endfacet
facet normal -7.620037e-01 -6.475727e-01 0.000000e+00
  outer loop
    vertex 8.694568e-02 -3.300961e+00 0.000000e+00
    vertex 9.606827e-02 -3.311695e+00 0.000000e+00
    vertex 8.694568e-02 -3.300961e+00 1.030000e+02
  endloop
endfacet
facet normal -7.434587e-01 -6.687819e-01 -1.068036e-12
  outer loop
    vertex 9.606827e-02 -3.311695e+00 1.030000e+02
    vertex 1.054897e-01 -3.322169e+00 0.000000e+00
    vertex 1.054897e-01 -3.322169e+00 1.030000e+02
  endloop
endfacet
facet normal -7.243241e-01 -6.894596e-01 -0.000000e+00
  outer loop
    vertex 1.054897e-01 -3.322169e+00 1.030000e+02
    vertex 1.054897e-01 -3.322169e+00 0.000000e+00
    vertex 1.152024e-01 -3.332373e+00 1.030000e+02
  endloop
endfacet
facet normal -7.434587e-01 -6.687819e-01 0.000000e+00
  outer loop
    vertex 9.606827e-02 -3.311695e+00 0.000000e+00
    vertex 1.054897e-01 -3.322169e+00 0.000000e+00
    vertex 9.606827e-02 -3.311695e+00 1.030000e+02
  endloop
endfacet
facet normal -7.243241e-01 -6.894596e-01 2.392805e-12
  outer loop
    vertex 1.054897e-01 -3.322169e+00 0.000000e+00
    vertex 1.152024e-01 -3.332373e+00 0.000000e+00
    vertex 1.152024e-01 -3.332373e+00 1.030000e+02
  endloop
endfacet
facet normal -7.046163e-01 -7.095885e-01 0.000000e+00
  outer loop
    vertex 1.152024e-01 -3.332373e+00 0.000000e+00
    vertex 1.251987e-01 -3.342299e+00 0.000000e+00
    vertex 1.152024e-01 -3.332373e+00 1.030000e+02
  endloop
endfacet
facet normal -7.046163e-01 -7.095885e-01 2.041064e-12
  outer loop
    vertex 1.152024e-01 -3.332373e+00 1.030000e+02
    vertex 1.251987e-01 -3.342299e+00 0.000000e+00
    vertex 1.251987e-01 -3.342299e+00 1.030000e+02
  endloop
endfacet
facet normal -6.843339e-01 -7.291687e-01 0.000000e+00
  outer loop
    vertex 1.251987e-01 -3.342299e+00 0.000000e+00
    vertex 1.354707e-01 -3.351939e+00 0.000000e+00
    vertex 1.251987e-01 -3.342299e+00 1.030000e+02
  endloop
endfacet
facet normal -6.843339e-01 -7.291687e-01 3.299133e-13
  outer loop
    vertex 1.251987e-01 -3.342299e+00 1.030000e+02
    vertex 1.354707e-01 -3.351939e+00 0.000000e+00
    vertex 1.354707e-01 -3.351939e+00 1.030000e+02
  endloop
endfacet
facet normal -6.635293e-01 -7.481503e-01 0.000000e+00
  outer loop
    vertex 1.354707e-01 -3.351939e+00 0.000000e+00
    vertex 1.460102e-01 -3.361287e+00 0.000000e+00
    vertex 1.354707e-01 -3.351939e+00 1.030000e+02
  endloop
endfacet
facet normal -6.635293e-01 -7.481503e-01 5.263146e-13
  outer loop
    vertex 1.354707e-01 -3.351939e+00 1.030000e+02
    vertex 1.460102e-01 -3.361287e+00 0.000000e+00
    vertex 1.460102e-01 -3.361287e+00 1.030000e+02
  endloop
endfacet
facet normal -6.421927e-01 -7.665432e-01 0.000000e+00
  outer loop
    vertex 1.460102e-01 -3.361287e+00 0.000000e+00
    vertex 1.568088e-01 -3.370333e+00 0.000000e+00
    vertex 1.460102e-01 -3.361287e+00 1.030000e+02
  endloop
endfacet
facet normal -6.421927e-01 -7.665432e-01 1.643121e-13
  outer loop
    vertex 1.460102e-01 -3.361287e+00 1.030000e+02
    vertex 1.568088e-01 -3.370333e+00 0.000000e+00
    vertex 1.568088e-01 -3.370333e+00 1.030000e+02
  endloop
endfacet
facet normal -6.203412e-01 -7.843321e-01 -0.000000e+00
  outer loop
    vertex 1.568088e-01 -3.370333e+00 1.030000e+02
    vertex 1.568088e-01 -3.370333e+00 0.000000e+00
    vertex 1.678580e-01 -3.379073e+00 1.030000e+02
  endloop
endfacet
facet normal -6.203412e-01 -7.843321e-01 -6.110378e-13
  outer loop
    vertex 1.568088e-01 -3.370333e+00 0.000000e+00
    vertex 1.678580e-01 -3.379073e+00 0.000000e+00
    vertex 1.678580e-01 -3.379073e+00 1.030000e+02
  endloop
endfacet
facet normal -5.979895e-01 -8.015039e-01 0.000000e+00
  outer loop
    vertex 1.678580e-01 -3.379073e+00 0.000000e+00
    vertex 1.791491e-01 -3.387497e+00 0.000000e+00
    vertex 1.678580e-01 -3.379073e+00 1.030000e+02
  endloop
endfacet
facet normal -5.979895e-01 -8.015039e-01 2.582809e-12
  outer loop
    vertex 1.678580e-01 -3.379073e+00 1.030000e+02
    vertex 1.791491e-01 -3.387497e+00 0.000000e+00
    vertex 1.791491e-01 -3.387497e+00 1.030000e+02
  endloop
endfacet
facet normal -5.751793e-01 -8.180273e-01 0.000000e+00
  outer loop
    vertex 1.791491e-01 -3.387497e+00 0.000000e+00
    vertex 1.906730e-01 -3.395599e+00 0.000000e+00
    vertex 1.791491e-01 -3.387497e+00 1.030000e+02
  endloop
endfacet
facet normal -5.751793e-01 -8.180273e-01 1.517328e-12
  outer loop
    vertex 1.791491e-01 -3.387497e+00 1.030000e+02
    vertex 1.906730e-01 -3.395599e+00 0.000000e+00
    vertex 1.906730e-01 -3.395599e+00 1.030000e+02
  endloop
endfacet
facet normal -5.519046e-01 -8.339072e-01 -0.000000e+00
  outer loop
    vertex 1.906730e-01 -3.395599e+00 1.030000e+02
    vertex 1.906730e-01 -3.395599e+00 0.000000e+00
    vertex 2.024206e-01 -3.403374e+00 1.030000e+02
  endloop
endfacet
facet normal -5.519046e-01 -8.339072e-01 -6.880607e-13
  outer loop
    vertex 1.906730e-01 -3.395599e+00 0.000000e+00
    vertex 2.024206e-01 -3.403374e+00 0.000000e+00
    vertex 2.024206e-01 -3.403374e+00 1.030000e+02
  endloop
endfacet
facet normal -5.281960e-01 -8.491225e-01 0.000000e+00
  outer loop
    vertex 2.024206e-01 -3.403374e+00 0.000000e+00
    vertex 2.143825e-01 -3.410815e+00 0.000000e+00
    vertex 2.024206e-01 -3.403374e+00 1.030000e+02
  endloop
endfacet
facet normal -5.281960e-01 -8.491225e-01 1.571241e-12
  outer loop
    vertex 2.024206e-01 -3.403374e+00 1.030000e+02
    vertex 2.143825e-01 -3.410815e+00 0.000000e+00
    vertex 2.143825e-01 -3.410815e+00 1.030000e+02
  endloop
endfacet
facet normal -5.040572e-01 -8.636703e-01 0.000000e+00
  outer loop
    vertex 2.143825e-01 -3.410815e+00 0.000000e+00
    vertex 2.265493e-01 -3.417916e+00 0.000000e+00
    vertex 2.143825e-01 -3.410815e+00 1.030000e+02
  endloop
endfacet
facet normal -5.040572e-01 -8.636703e-01 1.311942e-12
  outer loop
    vertex 2.143825e-01 -3.410815e+00 1.030000e+02
    vertex 2.265493e-01 -3.417916e+00 0.000000e+00
    vertex 2.265493e-01 -3.417916e+00 1.030000e+02
  endloop
endfacet
facet normal -4.795319e-01 -8.775244e-01 0.000000e+00
  outer loop
    vertex 2.265493e-01 -3.417916e+00 0.000000e+00
    vertex 2.389114e-01 -3.424671e+00 0.000000e+00
    vertex 2.265493e-01 -3.417916e+00 1.030000e+02
  endloop
endfacet
facet normal -4.795319e-01 -8.775244e-01 5.750945e-13
  outer loop
    vertex 2.265493e-01 -3.417916e+00 1.030000e+02
    vertex 2.389114e-01 -3.424671e+00 0.000000e+00
    vertex 2.389114e-01 -3.424671e+00 1.030000e+02
  endloop
endfacet
facet normal -4.546135e-01 -8.906888e-01 0.000000e+00
  outer loop
    vertex 2.389114e-01 -3.424671e+00 0.000000e+00
    vertex 2.514588e-01 -3.431076e+00 0.000000e+00
    vertex 2.389114e-01 -3.424671e+00 1.030000e+02
  endloop
endfacet
facet normal -4.546135e-01 -8.906888e-01 4.313235e-13
  outer loop
    vertex 2.389114e-01 -3.424671e+00 1.030000e+02
    vertex 2.514588e-01 -3.431076e+00 0.000000e+00
    vertex 2.514588e-01 -3.431076e+00 1.030000e+02
  endloop
endfacet
facet normal -4.293442e-01 -9.031410e-01 -1.560975e-12
  outer loop
    vertex 2.514588e-01 -3.431076e+00 1.030000e+02
    vertex 2.641817e-01 -3.437124e+00 0.000000e+00
    vertex 2.641817e-01 -3.437124e+00 1.030000e+02
  endloop
endfacet
facet normal -4.293442e-01 -9.031410e-01 0.000000e+00
  outer loop
    vertex 2.514588e-01 -3.431076e+00 0.000000e+00
    vertex 2.641817e-01 -3.437124e+00 0.000000e+00
    vertex 2.514588e-01 -3.431076e+00 1.030000e+02
  endloop
endfacet
facet normal -4.037299e-01 -9.148782e-01 2.629011e-12
  outer loop
    vertex 2.641817e-01 -3.437124e+00 1.030000e+02
    vertex 2.770700e-01 -3.442812e+00 0.000000e+00
    vertex 2.770700e-01 -3.442812e+00 1.030000e+02
  endloop
endfacet
facet normal -4.037299e-01 -9.148782e-01 0.000000e+00
  outer loop
    vertex 2.641817e-01 -3.437124e+00 0.000000e+00
    vertex 2.770700e-01 -3.442812e+00 0.000000e+00
    vertex 2.641817e-01 -3.437124e+00 1.030000e+02
  endloop
endfacet
facet normal -3.778030e-01 -9.258860e-01 -2.464694e-12
  outer loop
    vertex 2.770700e-01 -3.442812e+00 1.030000e+02
    vertex 2.901133e-01 -3.448134e+00 0.000000e+00
    vertex 2.901133e-01 -3.448134e+00 1.030000e+02
  endloop
endfacet
facet normal -3.778030e-01 -9.258860e-01 0.000000e+00
  outer loop
    vertex 2.770700e-01 -3.442812e+00 0.000000e+00
    vertex 2.901133e-01 -3.448134e+00 0.000000e+00
    vertex 2.770700e-01 -3.442812e+00 1.030000e+02
  endloop
endfacet
facet normal -3.515643e-01 -9.361637e-01 -1.129650e-13
  outer loop
    vertex 2.901133e-01 -3.448134e+00 1.030000e+02
    vertex 3.033015e-01 -3.453086e+00 0.000000e+00
    vertex 3.033015e-01 -3.453086e+00 1.030000e+02
  endloop
endfacet
facet normal -3.250500e-01 -9.456968e-01 -0.000000e+00
  outer loop
    vertex 3.033015e-01 -3.453086e+00 1.030000e+02
    vertex 3.033015e-01 -3.453086e+00 0.000000e+00
    vertex 3.166238e-01 -3.457666e+00 1.030000e+02
  endloop
endfacet
facet normal -3.515643e-01 -9.361637e-01 0.000000e+00
  outer loop
    vertex 2.901133e-01 -3.448134e+00 0.000000e+00
    vertex 3.033015e-01 -3.453086e+00 0.000000e+00
    vertex 2.901133e-01 -3.448134e+00 1.030000e+02
  endloop
endfacet
facet normal -3.250500e-01 -9.456968e-01 -8.215666e-14
  outer loop
    vertex 3.033015e-01 -3.453086e+00 0.000000e+00
    vertex 3.166238e-01 -3.457666e+00 0.000000e+00
    vertex 3.166238e-01 -3.457666e+00 1.030000e+02
  endloop
endfacet
facet normal -2.982748e-01 -9.544801e-01 -1.304238e-12
  outer loop
    vertex 3.166238e-01 -3.457666e+00 1.030000e+02
    vertex 3.300699e-01 -3.461867e+00 0.000000e+00
    vertex 3.300699e-01 -3.461867e+00 1.030000e+02
  endloop
endfacet
facet normal -2.982748e-01 -9.544801e-01 0.000000e+00
  outer loop
    vertex 3.166238e-01 -3.457666e+00 0.000000e+00
    vertex 3.300699e-01 -3.461867e+00 0.000000e+00
    vertex 3.166238e-01 -3.457666e+00 1.030000e+02
  endloop
endfacet
facet normal -2.712728e-01 -9.625025e-01 9.910119e-13
  outer loop
    vertex 3.300699e-01 -3.461867e+00 1.030000e+02
    vertex 3.436291e-01 -3.465689e+00 0.000000e+00
    vertex 3.436291e-01 -3.465689e+00 1.030000e+02
  endloop
endfacet
facet normal -2.712728e-01 -9.625025e-01 0.000000e+00
  outer loop
    vertex 3.300699e-01 -3.461867e+00 0.000000e+00
    vertex 3.436291e-01 -3.465689e+00 0.000000e+00
    vertex 3.300699e-01 -3.461867e+00 1.030000e+02
  endloop
endfacet
facet normal -2.440472e-01 -9.697634e-01 8.831830e-13
  outer loop
    vertex 3.436291e-01 -3.465689e+00 1.030000e+02
    vertex 3.572906e-01 -3.469127e+00 0.000000e+00
    vertex 3.572906e-01 -3.469127e+00 1.030000e+02
  endloop
endfacet
facet normal -2.166304e-01 -9.762536e-01 -0.000000e+00
  outer loop
    vertex 3.572906e-01 -3.469127e+00 1.030000e+02
    vertex 3.572906e-01 -3.469127e+00 0.000000e+00
    vertex 3.710434e-01 -3.472179e+00 1.030000e+02
  endloop
endfacet
facet normal -2.440472e-01 -9.697634e-01 0.000000e+00
  outer loop
    vertex 3.436291e-01 -3.465689e+00 0.000000e+00
    vertex 3.572906e-01 -3.469127e+00 0.000000e+00
    vertex 3.436291e-01 -3.465689e+00 1.030000e+02
  endloop
endfacet
facet normal -2.166304e-01 -9.762536e-01 2.053914e-13
  outer loop
    vertex 3.572906e-01 -3.469127e+00 0.000000e+00
    vertex 3.710434e-01 -3.472179e+00 0.000000e+00
    vertex 3.710434e-01 -3.472179e+00 1.030000e+02
  endloop
endfacet
facet normal -1.890406e-01 -9.819694e-01 -1.068036e-12
  outer loop
    vertex 3.710434e-01 -3.472179e+00 1.030000e+02
    vertex 3.848768e-01 -3.474842e+00 0.000000e+00
    vertex 3.848768e-01 -3.474842e+00 1.030000e+02
  endloop
endfacet
facet normal -1.890406e-01 -9.819694e-01 0.000000e+00
  outer loop
    vertex 3.710434e-01 -3.472179e+00 0.000000e+00
    vertex 3.848768e-01 -3.474842e+00 0.000000e+00
    vertex 3.710434e-01 -3.472179e+00 1.030000e+02
  endloop
endfacet
facet normal -1.613114e-01 -9.869035e-01 2.259301e-13
  outer loop
    vertex 3.848768e-01 -3.474842e+00 1.030000e+02
    vertex 3.987797e-01 -3.477114e+00 0.000000e+00
    vertex 3.987797e-01 -3.477114e+00 1.030000e+02
  endloop
endfacet
facet normal -1.613114e-01 -9.869035e-01 0.000000e+00
  outer loop
    vertex 3.848768e-01 -3.474842e+00 0.000000e+00
    vertex 3.987797e-01 -3.477114e+00 0.000000e+00
    vertex 3.848768e-01 -3.474842e+00 1.030000e+02
  endloop
endfacet
facet normal -1.334271e-01 -9.910586e-01 -2.464698e-13
  outer loop
    vertex 3.987797e-01 -3.477114e+00 1.030000e+02
    vertex 4.127411e-01 -3.478994e+00 0.000000e+00
    vertex 4.127411e-01 -3.478994e+00 1.030000e+02
  endloop
endfacet
facet normal -1.334271e-01 -9.910586e-01 0.000000e+00
  outer loop
    vertex 3.987797e-01 -3.477114e+00 0.000000e+00
    vertex 4.127411e-01 -3.478994e+00 0.000000e+00
    vertex 3.987797e-01 -3.477114e+00 1.030000e+02
  endloop
endfacet
facet normal -1.054559e-01 -9.944239e-01 -5.186141e-13
  outer loop
    vertex 4.127411e-01 -3.478994e+00 1.030000e+02
    vertex 4.267500e-01 -3.480479e+00 0.000000e+00
    vertex 4.267500e-01 -3.480479e+00 1.030000e+02
  endloop
endfacet
facet normal -1.054559e-01 -9.944239e-01 0.000000e+00
  outer loop
    vertex 4.127411e-01 -3.478994e+00 0.000000e+00
    vertex 4.267500e-01 -3.480479e+00 0.000000e+00
    vertex 4.127411e-01 -3.478994e+00 1.030000e+02
  endloop
endfacet
facet normal -7.741494e-02 -9.969990e-01 0.000000e+00
  outer loop
    vertex 4.267500e-01 -3.480479e+00 0.000000e+00
    vertex 4.407951e-01 -3.481570e+00 0.000000e+00
    vertex 4.267500e-01 -3.480479e+00 1.030000e+02
  endloop
endfacet
facet normal -7.741494e-02 -9.969990e-01 1.386390e-13
  outer loop
    vertex 4.267500e-01 -3.480479e+00 1.030000e+02
    vertex 4.407951e-01 -3.481570e+00 0.000000e+00
    vertex 4.407951e-01 -3.481570e+00 1.030000e+02
  endloop
endfacet
facet normal -4.928772e-02 -9.987847e-01 0.000000e+00
  outer loop
    vertex 4.407951e-01 -3.481570e+00 0.000000e+00
    vertex 4.548654e-01 -3.482264e+00 0.000000e+00
    vertex 4.407951e-01 -3.481570e+00 1.030000e+02
  endloop
endfacet
facet normal -4.928772e-02 -9.987847e-01 1.437739e-13
  outer loop
    vertex 4.407951e-01 -3.481570e+00 1.030000e+02
    vertex 4.548654e-01 -3.482264e+00 0.000000e+00
    vertex 4.548654e-01 -3.482264e+00 1.030000e+02
  endloop
endfacet
facet normal -2.112583e-02 -9.997768e-01 0.000000e+00
  outer loop
    vertex 4.548654e-01 -3.482264e+00 0.000000e+00
    vertex 4.689496e-01 -3.482562e+00 0.000000e+00
    vertex 4.548654e-01 -3.482264e+00 1.030000e+02
  endloop
endfacet
facet normal -2.112583e-02 -9.997768e-01 -1.232350e-13
  outer loop
    vertex 4.548654e-01 -3.482264e+00 1.030000e+02
    vertex 4.689496e-01 -3.482562e+00 0.000000e+00
    vertex 4.689496e-01 -3.482562e+00 1.030000e+02
  endloop
endfacet
facet normal 7.036160e-03 -9.999753e-01 0.000000e+00
  outer loop
    vertex 4.689496e-01 -3.482562e+00 0.000000e+00
    vertex 4.830367e-01 -3.482463e+00 0.000000e+00
    vertex 4.689496e-01 -3.482562e+00 1.030000e+02
  endloop
endfacet
facet normal 7.036160e-03 -9.999753e-01 -4.107830e-14
  outer loop
    vertex 4.689496e-01 -3.482562e+00 1.030000e+02
    vertex 4.830367e-01 -3.482463e+00 0.000000e+00
    vertex 4.830367e-01 -3.482463e+00 1.030000e+02
  endloop
endfacet
facet normal 3.521539e-02 -9.993798e-01 0.000000e+00
  outer loop
    vertex 4.830367e-01 -3.482463e+00 0.000000e+00
    vertex 4.971153e-01 -3.481967e+00 0.000000e+00
    vertex 4.830367e-01 -3.482463e+00 1.030000e+02
  endloop
endfacet
facet normal 3.521539e-02 -9.993798e-01 -1.643129e-13
  outer loop
    vertex 4.830367e-01 -3.482463e+00 1.030000e+02
    vertex 4.971153e-01 -3.481967e+00 0.000000e+00
    vertex 4.971153e-01 -3.481967e+00 1.030000e+02
  endloop
endfacet
facet normal 6.336009e-02 -9.979907e-01 0.000000e+00
  outer loop
    vertex 4.971153e-01 -3.481967e+00 0.000000e+00
    vertex 5.111744e-01 -3.481074e+00 0.000000e+00
    vertex 4.971153e-01 -3.481967e+00 1.030000e+02
  endloop
endfacet
facet normal 6.336009e-02 -9.979907e-01 0.000000e+00
  outer loop
    vertex 4.971153e-01 -3.481967e+00 1.030000e+02
    vertex 5.111744e-01 -3.481074e+00 0.000000e+00
    vertex 5.111744e-01 -3.481074e+00 1.030000e+02
  endloop
endfacet
facet normal 9.143516e-02 -9.958110e-01 0.000000e+00
  outer loop
    vertex 5.111744e-01 -3.481074e+00 1.030000e+02
    vertex 5.111744e-01 -3.481074e+00 0.000000e+00
    vertex 5.252028e-01 -3.479786e+00 1.030000e+02
  endloop
endfacet
facet normal 9.143516e-02 -9.958110e-01 4.313210e-13
  outer loop
    vertex 5.111744e-01 -3.481074e+00 0.000000e+00
    vertex 5.252028e-01 -3.479786e+00 0.000000e+00
    vertex 5.252028e-01 -3.479786e+00 1.030000e+02
  endloop
endfacet
facet normal 1.194587e-01 -9.928392e-01 0.000000e+00
  outer loop
    vertex 5.252028e-01 -3.479786e+00 0.000000e+00
    vertex 5.391893e-01 -3.478103e+00 0.000000e+00
    vertex 5.252028e-01 -3.479786e+00 1.030000e+02
  endloop
endfacet
facet normal 1.194587e-01 -9.928392e-01 -2.567393e-13
  outer loop
    vertex 5.252028e-01 -3.479786e+00 1.030000e+02
    vertex 5.391893e-01 -3.478103e+00 0.000000e+00
    vertex 5.391893e-01 -3.478103e+00 1.030000e+02
  endloop
endfacet
facet normal 1.473953e-01 -9.890777e-01 0.000000e+00
  outer loop
    vertex 5.391893e-01 -3.478103e+00 0.000000e+00
    vertex 5.531229e-01 -3.476027e+00 0.000000e+00
    vertex 5.391893e-01 -3.478103e+00 1.030000e+02
  endloop
endfacet
facet normal 1.473953e-01 -9.890777e-01 7.188695e-14
  outer loop
    vertex 5.391893e-01 -3.478103e+00 1.030000e+02
    vertex 5.531229e-01 -3.476027e+00 0.000000e+00
    vertex 5.531229e-01 -3.476027e+00 1.030000e+02
  endloop
endfacet
facet normal 1.751767e-01 -9.845370e-01 0.000000e+00
  outer loop
    vertex 5.531229e-01 -3.476027e+00 1.030000e+02
    vertex 5.531229e-01 -3.476027e+00 0.000000e+00
    vertex 5.669924e-01 -3.473559e+00 1.030000e+02
  endloop
endfacet
facet normal 1.751767e-01 -9.845370e-01 1.068039e-12
  outer loop
    vertex 5.531229e-01 -3.476027e+00 0.000000e+00
    vertex 5.669924e-01 -3.473559e+00 0.000000e+00
    vertex 5.669924e-01 -3.473559e+00 1.030000e+02
  endloop
endfacet
facet normal 2.028695e-01 -9.792058e-01 0.000000e+00
  outer loop
    vertex 5.669924e-01 -3.473559e+00 0.000000e+00
    vertex 5.807869e-01 -3.470701e+00 0.000000e+00
    vertex 5.669924e-01 -3.473559e+00 1.030000e+02
  endloop
endfacet
facet normal 2.028695e-01 -9.792058e-01 -8.831806e-13
  outer loop
    vertex 5.669924e-01 -3.473559e+00 1.030000e+02
    vertex 5.807869e-01 -3.470701e+00 0.000000e+00
    vertex 5.807869e-01 -3.470701e+00 1.030000e+02
  endloop
endfacet
facet normal 2.303567e-01 -9.731063e-01 0.000000e+00
  outer loop
    vertex 5.807869e-01 -3.470701e+00 1.030000e+02
    vertex 5.807869e-01 -3.470701e+00 0.000000e+00
    vertex 5.944954e-01 -3.467456e+00 1.030000e+02
  endloop
endfacet
facet normal 2.303567e-01 -9.731063e-01 3.286270e-13
  outer loop
    vertex 5.807869e-01 -3.470701e+00 0.000000e+00
    vertex 5.944954e-01 -3.467456e+00 0.000000e+00
    vertex 5.944954e-01 -3.467456e+00 1.030000e+02
  endloop
endfacet
facet normal 2.576853e-01 -9.662289e-01 0.000000e+00
  outer loop
    vertex 5.944954e-01 -3.467456e+00 0.000000e+00
    vertex 6.081071e-01 -3.463826e+00 0.000000e+00
    vertex 5.944954e-01 -3.467456e+00 1.030000e+02
  endloop
endfacet
facet normal 2.576853e-01 -9.662289e-01 3.080860e-13
  outer loop
    vertex 5.944954e-01 -3.467456e+00 1.030000e+02
    vertex 6.081071e-01 -3.463826e+00 0.000000e+00
    vertex 6.081071e-01 -3.463826e+00 1.030000e+02
  endloop
endfacet
facet normal 2.848081e-01 -9.585846e-01 0.000000e+00
  outer loop
    vertex 6.081071e-01 -3.463826e+00 1.030000e+02
    vertex 6.081071e-01 -3.463826e+00 0.000000e+00
    vertex 6.216110e-01 -3.459814e+00 1.030000e+02
  endloop
endfacet
facet normal 2.848081e-01 -9.585846e-01 -8.010259e-13
  outer loop
    vertex 6.081071e-01 -3.463826e+00 0.000000e+00
    vertex 6.216110e-01 -3.459814e+00 0.000000e+00
    vertex 6.216110e-01 -3.459814e+00 1.030000e+02
  endloop
endfacet
facet normal 3.116892e-01 -9.501841e-01 0.000000e+00
  outer loop
    vertex 6.216110e-01 -3.459814e+00 0.000000e+00
    vertex 6.349966e-01 -3.455423e+00 0.000000e+00
    vertex 6.216110e-01 -3.459814e+00 1.030000e+02
  endloop
endfacet
facet normal 3.116892e-01 -9.501841e-01 -1.951227e-13
  outer loop
    vertex 6.216110e-01 -3.459814e+00 1.030000e+02
    vertex 6.349966e-01 -3.455423e+00 0.000000e+00
    vertex 6.349966e-01 -3.455423e+00 1.030000e+02
  endloop
endfacet
facet normal 3.383414e-01 -9.410234e-01 0.000000e+00
  outer loop
    vertex 6.349966e-01 -3.455423e+00 1.030000e+02
    vertex 6.349966e-01 -3.455423e+00 0.000000e+00
    vertex 6.482532e-01 -3.450656e+00 1.030000e+02
  endloop
endfacet
facet normal 3.383414e-01 -9.410234e-01 6.983294e-13
  outer loop
    vertex 6.349966e-01 -3.455423e+00 0.000000e+00
    vertex 6.482532e-01 -3.450656e+00 0.000000e+00
    vertex 6.482532e-01 -3.450656e+00 1.030000e+02
  endloop
endfacet
facet normal 3.647178e-01 -9.311181e-01 0.000000e+00
  outer loop
    vertex 6.482532e-01 -3.450656e+00 0.000000e+00
    vertex 6.613702e-01 -3.445519e+00 0.000000e+00
    vertex 6.482532e-01 -3.450656e+00 1.030000e+02
  endloop
endfacet
facet normal 3.647178e-01 -9.311181e-01 -2.403072e-12
  outer loop
    vertex 6.482532e-01 -3.450656e+00 1.030000e+02
    vertex 6.613702e-01 -3.445519e+00 0.000000e+00
    vertex 6.613702e-01 -3.445519e+00 1.030000e+02
  endloop
endfacet
facet normal 3.908026e-01 -9.204745e-01 0.000000e+00
  outer loop
    vertex 6.613702e-01 -3.445519e+00 0.000000e+00
    vertex 6.743373e-01 -3.440013e+00 0.000000e+00
    vertex 6.613702e-01 -3.445519e+00 1.030000e+02
  endloop
endfacet
facet normal 3.908026e-01 -9.204745e-01 -1.068039e-12
  outer loop
    vertex 6.613702e-01 -3.445519e+00 1.030000e+02
    vertex 6.743373e-01 -3.440013e+00 0.000000e+00
    vertex 6.743373e-01 -3.440013e+00 1.030000e+02
  endloop
endfacet
facet normal 4.165734e-01 -9.091021e-01 0.000000e+00
  outer loop
    vertex 6.743373e-01 -3.440013e+00 0.000000e+00
    vertex 6.871441e-01 -3.434145e+00 0.000000e+00
    vertex 6.743373e-01 -3.440013e+00 1.030000e+02
  endloop
endfacet
facet normal 4.165734e-01 -9.091021e-01 -5.032110e-13
  outer loop
    vertex 6.743373e-01 -3.440013e+00 1.030000e+02
    vertex 6.871441e-01 -3.434145e+00 0.000000e+00
    vertex 6.871441e-01 -3.434145e+00 1.030000e+02
  endloop
endfacet
facet normal 4.420278e-01 -8.970013e-01 0.000000e+00
  outer loop
    vertex 6.871441e-01 -3.434145e+00 0.000000e+00
    vertex 6.997806e-01 -3.427918e+00 0.000000e+00
    vertex 6.871441e-01 -3.434145e+00 1.030000e+02
  endloop
endfacet
facet normal 4.420278e-01 -8.970013e-01 2.546840e-12
  outer loop
    vertex 6.871441e-01 -3.434145e+00 1.030000e+02
    vertex 6.997806e-01 -3.427918e+00 0.000000e+00
    vertex 6.997806e-01 -3.427918e+00 1.030000e+02
  endloop
endfacet
facet normal 4.671233e-01 -8.841922e-01 0.000000e+00
  outer loop
    vertex 6.997806e-01 -3.427918e+00 0.000000e+00
    vertex 7.122366e-01 -3.421337e+00 0.000000e+00
    vertex 6.997806e-01 -3.427918e+00 1.030000e+02
  endloop
endfacet
facet normal 4.671233e-01 -8.841922e-01 1.540432e-12
  outer loop
    vertex 6.997806e-01 -3.427918e+00 1.030000e+02
    vertex 7.122366e-01 -3.421337e+00 0.000000e+00
    vertex 7.122366e-01 -3.421337e+00 1.030000e+02
  endloop
endfacet
facet normal 4.918402e-01 -8.706855e-01 0.000000e+00
  outer loop
    vertex 7.122366e-01 -3.421337e+00 1.030000e+02
    vertex 7.245022e-01 -3.414408e+00 0.000000e+00
    vertex 7.245022e-01 -3.414408e+00 1.030000e+02
  endloop
endfacet
facet normal 4.918402e-01 -8.706855e-01 0.000000e+00
  outer loop
    vertex 7.122366e-01 -3.421337e+00 0.000000e+00
    vertex 7.245022e-01 -3.414408e+00 0.000000e+00
    vertex 7.122366e-01 -3.421337e+00 1.030000e+02
  endloop
endfacet
facet normal 5.161839e-01 -8.564779e-01 -7.085961e-13
  outer loop
    vertex 7.245022e-01 -3.414408e+00 1.030000e+02
    vertex 7.365678e-01 -3.407137e+00 0.000000e+00
    vertex 7.365678e-01 -3.407137e+00 1.030000e+02
  endloop
endfacet
facet normal 5.161839e-01 -8.564779e-01 0.000000e+00
  outer loop
    vertex 7.245022e-01 -3.414408e+00 0.000000e+00
    vertex 7.365678e-01 -3.407137e+00 0.000000e+00
    vertex 7.245022e-01 -3.414408e+00 1.030000e+02
  endloop
endfacet
facet normal 5.401042e-01 -8.415981e-01 -2.156615e-13
  outer loop
    vertex 7.365678e-01 -3.407137e+00 1.030000e+02
    vertex 7.484237e-01 -3.399528e+00 0.000000e+00
    vertex 7.484237e-01 -3.399528e+00 1.030000e+02
  endloop
endfacet
facet normal 5.401042e-01 -8.415981e-01 0.000000e+00
  outer loop
    vertex 7.365678e-01 -3.407137e+00 0.000000e+00
    vertex 7.484237e-01 -3.399528e+00 0.000000e+00
    vertex 7.365678e-01 -3.407137e+00 1.030000e+02
  endloop
endfacet
facet normal 5.635889e-01 -8.260555e-01 -2.382554e-12
  outer loop
    vertex 7.484237e-01 -3.399528e+00 1.030000e+02
    vertex 7.600606e-01 -3.391589e+00 0.000000e+00
    vertex 7.600606e-01 -3.391589e+00 1.030000e+02
  endloop
endfacet
facet normal 5.635889e-01 -8.260555e-01 0.000000e+00
  outer loop
    vertex 7.484237e-01 -3.399528e+00 0.000000e+00
    vertex 7.600606e-01 -3.391589e+00 0.000000e+00
    vertex 7.484237e-01 -3.399528e+00 1.030000e+02
  endloop
endfacet
facet normal 5.866487e-01 -8.098415e-01 0.000000e+00
  outer loop
    vertex 7.600606e-01 -3.391589e+00 0.000000e+00
    vertex 7.714692e-01 -3.383324e+00 0.000000e+00
    vertex 7.600606e-01 -3.391589e+00 1.030000e+02
  endloop
endfacet
facet normal 5.866487e-01 -8.098415e-01 2.598184e-12
  outer loop
    vertex 7.600606e-01 -3.391589e+00 1.030000e+02
    vertex 7.714692e-01 -3.383324e+00 0.000000e+00
    vertex 7.714692e-01 -3.383324e+00 1.030000e+02
  endloop
endfacet
facet normal 6.092219e-01 -7.929997e-01 0.000000e+00
  outer loop
    vertex 7.714692e-01 -3.383324e+00 0.000000e+00
    vertex 7.826404e-01 -3.374742e+00 0.000000e+00
    vertex 7.714692e-01 -3.383324e+00 1.030000e+02
  endloop
endfacet
facet normal 6.092219e-01 -7.929997e-01 1.365864e-12
  outer loop
    vertex 7.714692e-01 -3.383324e+00 1.030000e+02
    vertex 7.826404e-01 -3.374742e+00 0.000000e+00
    vertex 7.826404e-01 -3.374742e+00 1.030000e+02
  endloop
endfacet
facet normal 6.313277e-01 -7.755163e-01 0.000000e+00
  outer loop
    vertex 7.826404e-01 -3.374742e+00 1.030000e+02
    vertex 7.826404e-01 -3.374742e+00 0.000000e+00
    vertex 7.935655e-01 -3.365848e+00 1.030000e+02
  endloop
endfacet
facet normal 6.313277e-01 -7.755163e-01 1.684202e-12
  outer loop
    vertex 7.826404e-01 -3.374742e+00 0.000000e+00
    vertex 7.935655e-01 -3.365848e+00 0.000000e+00
    vertex 7.935655e-01 -3.365848e+00 1.030000e+02
  endloop
endfacet
facet normal 6.529247e-01 -7.574229e-01 0.000000e+00
  outer loop
    vertex 7.935655e-01 -3.365848e+00 0.000000e+00
    vertex 8.042356e-01 -3.356650e+00 0.000000e+00
    vertex 7.935655e-01 -3.365848e+00 1.030000e+02
  endloop
endfacet
facet normal 6.529247e-01 -7.574229e-01 -2.290116e-12
  outer loop
    vertex 7.935655e-01 -3.365848e+00 1.030000e+02
    vertex 8.042356e-01 -3.356650e+00 0.000000e+00
    vertex 8.042356e-01 -3.356650e+00 1.030000e+02
  endloop
endfacet
facet normal 6.739988e-01 -7.387324e-01 0.000000e+00
  outer loop
    vertex 8.042356e-01 -3.356650e+00 0.000000e+00
    vertex 8.146424e-01 -3.347155e+00 0.000000e+00
    vertex 8.042356e-01 -3.356650e+00 1.030000e+02
  endloop
endfacet
facet normal 6.739988e-01 -7.387324e-01 -1.940951e-12
  outer loop
    vertex 8.042356e-01 -3.356650e+00 1.030000e+02
    vertex 8.146424e-01 -3.347155e+00 0.000000e+00
    vertex 8.146424e-01 -3.347155e+00 1.030000e+02
  endloop
endfacet
facet normal 6.945497e-01 -7.194448e-01 0.000000e+00
  outer loop
    vertex 8.146424e-01 -3.347155e+00 0.000000e+00
    vertex 8.247775e-01 -3.337371e+00 0.000000e+00
    vertex 8.146424e-01 -3.347155e+00 1.030000e+02
  endloop
endfacet
facet normal 6.945497e-01 -7.194448e-01 -1.499353e-12
  outer loop
    vertex 8.146424e-01 -3.347155e+00 1.030000e+02
    vertex 8.247775e-01 -3.337371e+00 0.000000e+00
    vertex 8.247775e-01 -3.337371e+00 1.030000e+02
  endloop
endfacet
facet normal 7.145346e-01 -6.996001e-01 0.000000e+00
  outer loop
    vertex 8.247775e-01 -3.337371e+00 0.000000e+00
    vertex 8.346331e-01 -3.327305e+00 0.000000e+00
    vertex 8.247775e-01 -3.337371e+00 1.030000e+02
  endloop
endfacet
facet normal 7.145346e-01 -6.996001e-01 -1.170732e-12
  outer loop
    vertex 8.247775e-01 -3.337371e+00 1.030000e+02
    vertex 8.346331e-01 -3.327305e+00 0.000000e+00
    vertex 8.346331e-01 -3.327305e+00 1.030000e+02
  endloop
endfacet
facet normal 7.339627e-01 -6.791897e-01 0.000000e+00
  outer loop
    vertex 8.346331e-01 -3.327305e+00 0.000000e+00
    vertex 8.442010e-01 -3.316965e+00 0.000000e+00
    vertex 8.346331e-01 -3.327305e+00 1.030000e+02
  endloop
endfacet
facet normal 7.339627e-01 -6.791897e-01 -2.567398e-12
  outer loop
    vertex 8.346331e-01 -3.327305e+00 1.030000e+02
    vertex 8.442010e-01 -3.316965e+00 0.000000e+00
    vertex 8.442010e-01 -3.316965e+00 1.030000e+02
  endloop
endfacet
facet normal 7.528117e-01 -6.582359e-01 0.000000e+00
  outer loop
    vertex 8.442010e-01 -3.316965e+00 1.030000e+02
    vertex 8.442010e-01 -3.316965e+00 0.000000e+00
    vertex 8.534739e-01 -3.306360e+00 1.030000e+02
  endloop
endfacet
facet normal 7.528117e-01 -6.582359e-01 -1.715007e-12
  outer loop
    vertex 8.442010e-01 -3.316965e+00 0.000000e+00
    vertex 8.534739e-01 -3.306360e+00 0.000000e+00
    vertex 8.534739e-01 -3.306360e+00 1.030000e+02
  endloop
endfacet
facet normal 7.710506e-01 -6.367739e-01 0.000000e+00
  outer loop
    vertex 8.534739e-01 -3.306360e+00 1.030000e+02
    vertex 8.534739e-01 -3.306360e+00 0.000000e+00
    vertex 8.624444e-01 -3.295498e+00 1.030000e+02
  endloop
endfacet
facet normal 7.710506e-01 -6.367739e-01 5.340192e-13
  outer loop
    vertex 8.534739e-01 -3.306360e+00 0.000000e+00
    vertex 8.624444e-01 -3.295498e+00 0.000000e+00
    vertex 8.624444e-01 -3.295498e+00 1.030000e+02
  endloop
endfacet
facet normal 7.886873e-01 -6.147946e-01 0.000000e+00
  outer loop
    vertex 8.624444e-01 -3.295498e+00 0.000000e+00
    vertex 8.711053e-01 -3.284387e+00 0.000000e+00
    vertex 8.624444e-01 -3.295498e+00 1.030000e+02
  endloop
endfacet
facet normal 7.886873e-01 -6.147946e-01 1.273421e-12
  outer loop
    vertex 8.624444e-01 -3.295498e+00 1.030000e+02
    vertex 8.711053e-01 -3.284387e+00 0.000000e+00
    vertex 8.711053e-01 -3.284387e+00 1.030000e+02
  endloop
endfacet
facet normal 8.056909e-01 -5.923362e-01 -2.053912e-12
  outer loop
    vertex 8.711053e-01 -3.284387e+00 1.030000e+02
    vertex 8.794498e-01 -3.273037e+00 0.000000e+00
    vertex 8.794498e-01 -3.273037e+00 1.030000e+02
  endloop
endfacet
facet normal 8.056909e-01 -5.923362e-01 0.000000e+00
  outer loop
    vertex 8.711053e-01 -3.284387e+00 0.000000e+00
    vertex 8.794498e-01 -3.273037e+00 0.000000e+00
    vertex 8.711053e-01 -3.284387e+00 1.030000e+02
  endloop
endfacet
facet normal 8.220577e-01 -5.694042e-01 -2.177164e-12
  outer loop
    vertex 8.794498e-01 -3.273037e+00 1.030000e+02
    vertex 8.874711e-01 -3.261457e+00 0.000000e+00
    vertex 8.874711e-01 -3.261457e+00 1.030000e+02
  endloop
endfacet
facet normal 8.377730e-01 -5.460186e-01 0.000000e+00
  outer loop
    vertex 8.874711e-01 -3.261457e+00 1.030000e+02
    vertex 8.874711e-01 -3.261457e+00 0.000000e+00
    vertex 8.951631e-01 -3.249655e+00 1.030000e+02
  endloop
endfacet
facet normal 8.220577e-01 -5.694042e-01 0.000000e+00
  outer loop
    vertex 8.794498e-01 -3.273037e+00 0.000000e+00
    vertex 8.874711e-01 -3.261457e+00 0.000000e+00
    vertex 8.794498e-01 -3.273037e+00 1.030000e+02
  endloop
endfacet
facet normal 8.377730e-01 -5.460186e-01 1.940955e-12
  outer loop
    vertex 8.874711e-01 -3.261457e+00 0.000000e+00
    vertex 8.951631e-01 -3.249655e+00 0.000000e+00
    vertex 8.951631e-01 -3.249655e+00 1.030000e+02
  endloop
endfacet
facet normal 8.528249e-01 -5.221971e-01 -2.300368e-12
  outer loop
    vertex 8.951631e-01 -3.249655e+00 1.030000e+02
    vertex 9.025195e-01 -3.237641e+00 0.000000e+00
    vertex 9.025195e-01 -3.237641e+00 1.030000e+02
  endloop
endfacet
facet normal 8.528249e-01 -5.221971e-01 0.000000e+00
  outer loop
    vertex 8.951631e-01 -3.249655e+00 0.000000e+00
    vertex 9.025195e-01 -3.237641e+00 0.000000e+00
    vertex 8.951631e-01 -3.249655e+00 1.030000e+02
  endloop
endfacet
facet normal 8.671976e-01 -4.979641e-01 9.242614e-13
  outer loop
    vertex 9.025195e-01 -3.237641e+00 1.030000e+02
    vertex 9.095345e-01 -3.225424e+00 0.000000e+00
    vertex 9.095345e-01 -3.225424e+00 1.030000e+02
  endloop
endfacet
facet normal 8.671976e-01 -4.979641e-01 0.000000e+00
  outer loop
    vertex 9.025195e-01 -3.237641e+00 0.000000e+00
    vertex 9.095345e-01 -3.225424e+00 0.000000e+00
    vertex 9.025195e-01 -3.237641e+00 1.030000e+02
  endloop
endfacet
facet normal 8.808829e-01 -4.733344e-01 2.238752e-12
  outer loop
    vertex 9.095345e-01 -3.225424e+00 1.030000e+02
    vertex 9.162026e-01 -3.213015e+00 0.000000e+00
    vertex 9.162026e-01 -3.213015e+00 1.030000e+02
  endloop
endfacet
facet normal 8.808829e-01 -4.733344e-01 0.000000e+00
  outer loop
    vertex 9.095345e-01 -3.225424e+00 0.000000e+00
    vertex 9.162026e-01 -3.213015e+00 0.000000e+00
    vertex 9.095345e-01 -3.225424e+00 1.030000e+02
  endloop
endfacet
facet normal 8.938633e-01 -4.483397e-01 2.618774e-12
  outer loop
    vertex 9.162026e-01 -3.213015e+00 1.030000e+02
    vertex 9.225185e-01 -3.200423e+00 0.000000e+00
    vertex 9.225185e-01 -3.200423e+00 1.030000e+02
  endloop
endfacet
facet normal 8.938633e-01 -4.483397e-01 0.000000e+00
  outer loop
    vertex 9.162026e-01 -3.213015e+00 0.000000e+00
    vertex 9.225185e-01 -3.200423e+00 0.000000e+00
    vertex 9.162026e-01 -3.213015e+00 1.030000e+02
  endloop
endfacet
facet normal 9.061456e-01 -4.229659e-01 2.372242e-12
  outer loop
    vertex 9.225185e-01 -3.200423e+00 1.030000e+02
    vertex 9.284771e-01 -3.187657e+00 0.000000e+00
    vertex 9.284771e-01 -3.187657e+00 1.030000e+02
  endloop
endfacet
facet normal 9.176981e-01 -3.972784e-01 0.000000e+00
  outer loop
    vertex 9.284771e-01 -3.187657e+00 1.030000e+02
    vertex 9.284771e-01 -3.187657e+00 0.000000e+00
    vertex 9.340737e-01 -3.174729e+00 1.030000e+02
  endloop
endfacet
facet normal 9.061456e-01 -4.229659e-01 0.000000e+00
  outer loop
    vertex 9.225185e-01 -3.200423e+00 0.000000e+00
    vertex 9.284771e-01 -3.187657e+00 0.000000e+00
    vertex 9.225185e-01 -3.200423e+00 1.030000e+02
  endloop
endfacet
facet normal 9.176981e-01 -3.972784e-01 -4.210522e-13
  outer loop
    vertex 9.284771e-01 -3.187657e+00 0.000000e+00
    vertex 9.340737e-01 -3.174729e+00 0.000000e+00
    vertex 9.340737e-01 -3.174729e+00 1.030000e+02
  endloop
endfacet
facet normal 9.285248e-01 -3.712704e-01 8.523854e-13
  outer loop
    vertex 9.340737e-01 -3.174729e+00 1.030000e+02
    vertex 9.393038e-01 -3.161649e+00 0.000000e+00
    vertex 9.393038e-01 -3.161649e+00 1.030000e+02
  endloop
endfacet
facet normal 9.386165e-01 -3.449624e-01 0.000000e+00
  outer loop
    vertex 9.393038e-01 -3.161649e+00 1.030000e+02
    vertex 9.393038e-01 -3.161649e+00 0.000000e+00
    vertex 9.441635e-01 -3.148426e+00 1.030000e+02
  endloop
endfacet
facet normal 9.285248e-01 -3.712704e-01 0.000000e+00
  outer loop
    vertex 9.340737e-01 -3.174729e+00 0.000000e+00
    vertex 9.393038e-01 -3.161649e+00 0.000000e+00
    vertex 9.340737e-01 -3.174729e+00 1.030000e+02
  endloop
endfacet
facet normal 9.386165e-01 -3.449624e-01 6.572526e-13
  outer loop
    vertex 9.393038e-01 -3.161649e+00 0.000000e+00
    vertex 9.441635e-01 -3.148426e+00 0.000000e+00
    vertex 9.441635e-01 -3.148426e+00 1.030000e+02
  endloop
endfacet
facet normal 9.479651e-01 -3.183742e-01 1.643115e-13
  outer loop
    vertex 9.441635e-01 -3.148426e+00 1.030000e+02
    vertex 9.486486e-01 -3.135072e+00 0.000000e+00
    vertex 9.486486e-01 -3.135072e+00 1.030000e+02
  endloop
endfacet
facet normal 9.479651e-01 -3.183742e-01 0.000000e+00
  outer loop
    vertex 9.441635e-01 -3.148426e+00 0.000000e+00
    vertex 9.486486e-01 -3.135072e+00 0.000000e+00
    vertex 9.441635e-01 -3.148426e+00 1.030000e+02
  endloop
endfacet
facet normal 9.565554e-01 -2.915505e-01 5.340188e-13
  outer loop
    vertex 9.486486e-01 -3.135072e+00 1.030000e+02
    vertex 9.527557e-01 -3.121596e+00 0.000000e+00
    vertex 9.527557e-01 -3.121596e+00 1.030000e+02
  endloop
endfacet
facet normal 9.565554e-01 -2.915505e-01 0.000000e+00
  outer loop
    vertex 9.486486e-01 -3.135072e+00 0.000000e+00
    vertex 9.527557e-01 -3.121596e+00 0.000000e+00
    vertex 9.486486e-01 -3.135072e+00 1.030000e+02
  endloop
endfacet
facet normal 9.643898e-01 -2.644850e-01 1.098848e-12
  outer loop
    vertex 9.527557e-01 -3.121596e+00 1.030000e+02
    vertex 9.564816e-01 -3.108011e+00 0.000000e+00
    vertex 9.564816e-01 -3.108011e+00 1.030000e+02
  endloop
endfacet
facet normal 9.714583e-01 -2.372105e-01 0.000000e+00
  outer loop
    vertex 9.564816e-01 -3.108011e+00 1.030000e+02
    vertex 9.564816e-01 -3.108011e+00 0.000000e+00
    vertex 9.598233e-01 -3.094325e+00 1.030000e+02
  endloop
endfacet
facet normal 9.643898e-01 -2.644850e-01 0.000000e+00
  outer loop
    vertex 9.527557e-01 -3.121596e+00 0.000000e+00
    vertex 9.564816e-01 -3.108011e+00 0.000000e+00
    vertex 9.527557e-01 -3.121596e+00 1.030000e+02
  endloop
endfacet
facet normal 9.714583e-01 -2.372105e-01 5.134790e-13
  outer loop
    vertex 9.564816e-01 -3.108011e+00 0.000000e+00
    vertex 9.598233e-01 -3.094325e+00 0.000000e+00
    vertex 9.598233e-01 -3.094325e+00 1.030000e+02
  endloop
endfacet
facet normal 9.777555e-01 -2.097480e-01 0.000000e+00
  outer loop
    vertex 9.598233e-01 -3.094325e+00 0.000000e+00
    vertex 9.627781e-01 -3.080551e+00 0.000000e+00
    vertex 9.598233e-01 -3.094325e+00 1.030000e+02
  endloop
endfacet
facet normal 9.777555e-01 -2.097480e-01 -4.518564e-13
  outer loop
    vertex 9.598233e-01 -3.094325e+00 1.030000e+02
    vertex 9.627781e-01 -3.080551e+00 0.000000e+00
    vertex 9.627781e-01 -3.080551e+00 1.030000e+02
  endloop
endfacet
facet normal 9.832769e-01 -1.821169e-01 0.000000e+00
  outer loop
    vertex 9.627781e-01 -3.080551e+00 0.000000e+00
    vertex 9.653437e-01 -3.066699e+00 0.000000e+00
    vertex 9.627781e-01 -3.080551e+00 1.030000e+02
  endloop
endfacet
facet normal 9.832769e-01 -1.821169e-01 1.170731e-12
  outer loop
    vertex 9.627781e-01 -3.080551e+00 1.030000e+02
    vertex 9.653437e-01 -3.066699e+00 0.000000e+00
    vertex 9.653437e-01 -3.066699e+00 1.030000e+02
  endloop
endfacet
facet normal 9.880162e-01 -1.543504e-01 0.000000e+00
  outer loop
    vertex 9.653437e-01 -3.066699e+00 0.000000e+00
    vertex 9.675181e-01 -3.052781e+00 0.000000e+00
    vertex 9.653437e-01 -3.066699e+00 1.030000e+02
  endloop
endfacet
facet normal 9.880162e-01 -1.543504e-01 2.053931e-14
  outer loop
    vertex 9.653437e-01 -3.066699e+00 1.030000e+02
    vertex 9.675181e-01 -3.052781e+00 0.000000e+00
    vertex 9.675181e-01 -3.052781e+00 1.030000e+02
  endloop
endfacet
facet normal 9.919729e-01 -1.264510e-01 0.000000e+00
  outer loop
    vertex 9.675181e-01 -3.052781e+00 0.000000e+00
    vertex 9.692994e-01 -3.038807e+00 0.000000e+00
    vertex 9.675181e-01 -3.052781e+00 1.030000e+02
  endloop
endfacet
facet normal 9.919729e-01 -1.264510e-01 4.723984e-13
  outer loop
    vertex 9.675181e-01 -3.052781e+00 1.030000e+02
    vertex 9.692994e-01 -3.038807e+00 0.000000e+00
    vertex 9.692994e-01 -3.038807e+00 1.030000e+02
  endloop
endfacet
facet normal 9.951415e-01 -9.845524e-02 0.000000e+00
  outer loop
    vertex 9.692994e-01 -3.038807e+00 0.000000e+00
    vertex 9.706864e-01 -3.024788e+00 0.000000e+00
    vertex 9.692994e-01 -3.038807e+00 1.030000e+02
  endloop
endfacet
facet normal 9.951415e-01 -9.845524e-02 -1.232362e-13
  outer loop
    vertex 9.692994e-01 -3.038807e+00 1.030000e+02
    vertex 9.706864e-01 -3.024788e+00 0.000000e+00
    vertex 9.706864e-01 -3.024788e+00 1.030000e+02
  endloop
endfacet
facet normal 9.975201e-01 -7.038306e-02 3.080864e-14
  outer loop
    vertex 9.706864e-01 -3.024788e+00 1.030000e+02
    vertex 9.716779e-01 -3.010735e+00 0.000000e+00
    vertex 9.716779e-01 -3.010735e+00 1.030000e+02
  endloop
endfacet
facet normal 9.975201e-01 -7.038306e-02 0.000000e+00
  outer loop
    vertex 9.706864e-01 -3.024788e+00 0.000000e+00
    vertex 9.716779e-01 -3.010735e+00 0.000000e+00
    vertex 9.706864e-01 -3.024788e+00 1.030000e+02
  endloop
endfacet
facet normal 9.991070e-01 -4.225118e-02 8.215575e-14
  outer loop
    vertex 9.716779e-01 -3.010735e+00 1.030000e+02
    vertex 9.722731e-01 -2.996660e+00 0.000000e+00
    vertex 9.722731e-01 -2.996660e+00 1.030000e+02
  endloop
endfacet
facet normal 9.991070e-01 -4.225118e-02 0.000000e+00
  outer loop
    vertex 9.716779e-01 -3.010735e+00 0.000000e+00
    vertex 9.722731e-01 -2.996660e+00 0.000000e+00
    vertex 9.716779e-01 -3.010735e+00 1.030000e+02
  endloop
endfacet
facet normal 9.999008e-01 -1.408537e-02 0.000000e+00
  outer loop
    vertex 9.722731e-01 -2.996660e+00 1.030000e+02
    vertex 9.724716e-01 -2.982574e+00 0.000000e+00
    vertex 9.724716e-01 -2.982574e+00 1.030000e+02
  endloop
endfacet
facet normal 9.999008e-01 -1.408537e-02 0.000000e+00
  outer loop
    vertex 9.722731e-01 -2.996660e+00 0.000000e+00
    vertex 9.724716e-01 -2.982574e+00 0.000000e+00
    vertex 9.722731e-01 -2.996660e+00 1.030000e+02
  endloop
endfacet
facet normal 0.000000e+00 0.000000e+00 -1.000000e+00
  outer loop
    vertex 1.054897e-01 -3.322169e+00 0.000000e+00
    vertex 9.606827e-02 -3.311695e+00 0.000000e+00
    vertex 1.152024e-01 -3.332373e+00 0.000000e+00
  endloop
endfacet
facet normal 0.000000e+00 0.000000e+00 -1.000000e+00
  outer loop
    vertex 1.152024e-01 -3.332373e+00 0.000000e+00
    vertex 9.606827e-02 -3.311695e+00 0.000000e+00
    vertex 1.251987e-01 -3.342299e+00 0.000000e+00
  endloop
endfacet
facet normal 0.000000e+00 0.000000e+00 -1.000000e+00
  outer loop
    vertex 1.251987e-01 -3.342299e+00 0.000000e+00
    vertex 9.606827e-02 -3.311695e+00 0.000000e+00
    vertex 1.354707e-01 -3.351939e+00 0.000000e+00
  endloop
endfacet
facet normal 0.000000e+00 0.000000e+00 -1.000000e+00
  outer loop
    vertex 1.460102e-01 -3.361287e+00 0.000000e+00
    vertex 1.678580e-01 -3.379073e+00 0.000000e+00
    vertex 1.568088e-01 -3.370333e+00 0.000000e+00
  endloop
endfacet
facet normal 0.000000e+00 0.000000e+00 -1.000000e+00
  outer loop
    vertex 6.962560e-02 -3.278742e+00 0.000000e+00
    vertex 6.144187e-02 -3.267275e+00 0.000000e+00
    vertex 7.812912e-02 -3.289973e+00 0.000000e+00
  endloop
endfacet
facet normal 0.000000e+00 0.000000e+00 -1.000000e+00
  outer loop
    vertex 7.812912e-02 -3.289973e+00 0.000000e+00
    vertex 6.144187e-02 -3.267275e+00 0.000000e+00
    vertex 8.694568e-02 -3.300961e+00 0.000000e+00
  endloop
endfacet
facet normal 0.000000e+00 0.000000e+00 -1.000000e+00
  outer loop
    vertex 8.694568e-02 -3.300961e+00 0.000000e+00
    vertex 6.144187e-02 -3.267275e+00 0.000000e+00
    vertex 9.606827e-02 -3.311695e+00 0.000000e+00
  endloop
endfacet
facet normal 0.000000e+00 0.000000e+00 -1.000000e+00
  outer loop
    vertex 9.606827e-02 -3.311695e+00 0.000000e+00
    vertex 1.906730e-01 -3.395599e+00 0.000000e+00
    vertex 1.354707e-01 -3.351939e+00 0.000000e+00
  endloop
endfacet
facet normal 0.000000e+00 0.000000e+00 -1.000000e+00
  outer loop
    vertex 1.354707e-01 -3.351939e+00 0.000000e+00
    vertex 1.906730e-01 -3.395599e+00 0.000000e+00
    vertex 1.460102e-01 -3.361287e+00 0.000000e+00
  endloop
endfacet
facet normal 0.000000e+00 0.000000e+00 -1.000000e+00
  outer loop
    vertex 1.678580e-01 -3.379073e+00 0.000000e+00
    vertex 1.906730e-01 -3.395599e+00 0.000000e+00
    vertex 1.791491e-01 -3.387497e+00 0.000000e+00
  endloop
endfacet
facet normal 0.000000e+00 0.000000e+00 -1.000000e+00
  outer loop
    vertex 1.460102e-01 -3.361287e+00 0.000000e+00
    vertex 1.906730e-01 -3.395599e+00 0.000000e+00
    vertex 1.678580e-01 -3.379073e+00 0.000000e+00
  endloop
endfacet
facet normal 0.000000e+00 0.000000e+00 -1.000000e+00
  outer loop
    vertex 5.358442e-02 -3.255583e+00 0.000000e+00
    vertex 4.605949e-02 -3.243674e+00 0.000000e+00
    vertex 6.144187e-02 -3.267275e+00 0.000000e+00
  endloop
endfacet
facet normal 0.000000e+00 0.000000e+00 -1.000000e+00
  outer loop
    vertex 9.606827e-02 -3.311695e+00 0.000000e+00
    vertex 4.605949e-02 -3.243674e+00 0.000000e+00
    vertex 1.906730e-01 -3.395599e+00 0.000000e+00
  endloop
endfacet
facet normal 0.000000e+00 0.000000e+00 -1.000000e+00
  outer loop
    vertex 6.144187e-02 -3.267275e+00 0.000000e+00
    vertex 4.605949e-02 -3.243674e+00 0.000000e+00
    vertex 9.606827e-02 -3.311695e+00 0.000000e+00
  endloop
endfacet
facet normal 0.000000e+00 0.000000e+00 -1.000000e+00
  outer loop
    vertex 2.024206e-01 -3.403374e+00 0.000000e+00
    vertex 2.389114e-01 -3.424671e+00 0.000000e+00
    vertex 2.143825e-01 -3.410815e+00 0.000000e+00
  endloop
endfacet
facet normal 0.000000e+00 0.000000e+00 -1.000000e+00
  outer loop
    vertex 2.143825e-01 -3.410815e+00 0.000000e+00
    vertex 2.389114e-01 -3.424671e+00 0.000000e+00
    vertex 2.265493e-01 -3.417916e+00 0.000000e+00
  endloop
endfacet
facet normal 0.000000e+00 0.000000e+00 -1.000000e+00
  outer loop
    vertex 3.203082e-02 -3.219243e+00 0.000000e+00
    vertex 2.553821e-02 -3.206741e+00 0.000000e+00
    vertex 3.887305e-02 -3.231557e+00 0.000000e+00
  endloop
endfacet
facet normal 0.000000e+00 0.000000e+00 -1.000000e+00
  outer loop
    vertex 3.887305e-02 -3.231557e+00 0.000000e+00
    vertex 2.553821e-02 -3.206741e+00 0.000000e+00
    vertex 4.605949e-02 -3.243674e+00 0.000000e+00
  endloop
endfacet
facet normal 0.000000e+00 0.000000e+00 -1.000000e+00
  outer loop
    vertex 1.906730e-01 -3.395599e+00 0.000000e+00
    vertex 2.770700e-01 -3.442812e+00 0.000000e+00
    vertex 2.024206e-01 -3.403374e+00 0.000000e+00
  endloop
endfacet
facet normal 0.000000e+00 0.000000e+00 -1.000000e+00
  outer loop
    vertex 2.389114e-01 -3.424671e+00 0.000000e+00
    vertex 2.770700e-01 -3.442812e+00 0.000000e+00
    vertex 2.514588e-01 -3.431076e+00 0.000000e+00
  endloop
endfacet
facet normal 0.000000e+00 0.000000e+00 -1.000000e+00
  outer loop
    vertex 2.514588e-01 -3.431076e+00 0.000000e+00
    vertex 2.770700e-01 -3.442812e+00 0.000000e+00
    vertex 2.641817e-01 -3.437124e+00 0.000000e+00
  endloop
endfacet
facet normal 0.000000e+00 0.000000e+00 -1.000000e+00
  outer loop
    vertex 2.024206e-01 -3.403374e+00 0.000000e+00
    vertex 2.770700e-01 -3.442812e+00 0.000000e+00
    vertex 2.389114e-01 -3.424671e+00 0.000000e+00
  endloop
endfacet
facet normal 0.000000e+00 0.000000e+00 -1.000000e+00
  outer loop
    vertex 1.362222e-02 -3.181213e+00 0.000000e+00
    vertex 8.208302e-03 -3.168208e+00 0.000000e+00
    vertex 1.940039e-02 -3.194061e+00 0.000000e+00
  endloop
endfacet
facet normal 0.000000e+00 0.000000e+00 -1.000000e+00
  outer loop
    vertex 1.940039e-02 -3.194061e+00 0.000000e+00
    vertex 3.162919e-03 -3.155055e+00 0.000000e+00
    vertex 2.553821e-02 -3.206741e+00 0.000000e+00
  endloop
endfacet
facet normal 0.000000e+00 0.000000e+00 -1.000000e+00
  outer loop
    vertex 2.553821e-02 -3.206741e+00 0.000000e+00
    vertex 3.162919e-03 -3.155055e+00 0.000000e+00
    vertex 4.605949e-02 -3.243674e+00 0.000000e+00
  endloop
endfacet
facet normal 0.000000e+00 0.000000e+00 -1.000000e+00
  outer loop
    vertex 8.208302e-03 -3.168208e+00 0.000000e+00
    vertex 3.162919e-03 -3.155055e+00 0.000000e+00
    vertex 1.940039e-02 -3.194061e+00 0.000000e+00
  endloop
endfacet
facet normal 0.000000e+00 0.000000e+00 -1.000000e+00
  outer loop
    vertex 2.770700e-01 -3.442812e+00 0.000000e+00
    vertex 3.166238e-01 -3.457666e+00 0.000000e+00
    vertex 2.901133e-01 -3.448134e+00 0.000000e+00
  endloop
endfacet
facet normal 0.000000e+00 0.000000e+00 -1.000000e+00
  outer loop
    vertex 2.901133e-01 -3.448134e+00 0.000000e+00
    vertex 3.166238e-01 -3.457666e+00 0.000000e+00
    vertex 3.033015e-01 -3.453086e+00 0.000000e+00
  endloop
endfacet
facet normal 0.000000e+00 0.000000e+00 -1.000000e+00
  outer loop
    vertex -5.806498e-03 -3.128349e+00 0.000000e+00
    vertex -9.723413e-03 -3.114817e+00 0.000000e+00
    vertex -1.509917e-03 -3.141765e+00 0.000000e+00
  endloop
endfacet
facet normal 0.000000e+00 0.000000e+00 -1.000000e+00
  outer loop
    vertex -1.509917e-03 -3.141765e+00 0.000000e+00
    vertex -9.723413e-03 -3.114817e+00 0.000000e+00
    vertex 3.162919e-03 -3.155055e+00 0.000000e+00
  endloop
endfacet
facet normal 0.000000e+00 0.000000e+00 -1.000000e+00
  outer loop
    vertex 4.605949e-02 -3.243674e+00 0.000000e+00
    vertex -9.723413e-03 -3.114817e+00 0.000000e+00
    vertex 1.906730e-01 -3.395599e+00 0.000000e+00
  endloop
endfacet
facet normal 0.000000e+00 0.000000e+00 -1.000000e+00
  outer loop
    vertex 3.162919e-03 -3.155055e+00 0.000000e+00
    vertex -9.723413e-03 -3.114817e+00 0.000000e+00
    vertex 4.605949e-02 -3.243674e+00 0.000000e+00
  endloop
endfacet
facet normal 0.000000e+00 0.000000e+00 -1.000000e+00
  outer loop
    vertex -1.640611e-02 -3.087449e+00 0.000000e+00
    vertex -1.916659e-02 -3.073635e+00 0.000000e+00
    vertex -1.325755e-02 -3.101180e+00 0.000000e+00
  endloop
endfacet
facet normal 0.000000e+00 0.000000e+00 -1.000000e+00
  outer loop
    vertex 3.166238e-01 -3.457666e+00 0.000000e+00
    vertex 3.848768e-01 -3.474842e+00 0.000000e+00
    vertex 3.300699e-01 -3.461867e+00 0.000000e+00
  endloop
endfacet
facet normal 0.000000e+00 0.000000e+00 -1.000000e+00
  outer loop
    vertex 3.300699e-01 -3.461867e+00 0.000000e+00
    vertex 3.848768e-01 -3.474842e+00 0.000000e+00
    vertex 3.436291e-01 -3.465689e+00 0.000000e+00
  endloop
endfacet
facet normal 0.000000e+00 0.000000e+00 -1.000000e+00
  outer loop
    vertex 3.436291e-01 -3.465689e+00 0.000000e+00
    vertex 3.848768e-01 -3.474842e+00 0.000000e+00
    vertex 3.572906e-01 -3.469127e+00 0.000000e+00
  endloop
endfacet
facet normal 0.000000e+00 0.000000e+00 -1.000000e+00
  outer loop
    vertex 3.572906e-01 -3.469127e+00 0.000000e+00
    vertex 3.848768e-01 -3.474842e+00 0.000000e+00
    vertex 3.710434e-01 -3.472179e+00 0.000000e+00
  endloop
endfacet
facet normal 0.000000e+00 0.000000e+00 -1.000000e+00
  outer loop
    vertex 1.906730e-01 -3.395599e+00 0.000000e+00
    vertex 3.848768e-01 -3.474842e+00 0.000000e+00
    vertex 2.770700e-01 -3.442812e+00 0.000000e+00
  endloop
endfacet
facet normal 0.000000e+00 0.000000e+00 -1.000000e+00
  outer loop
    vertex 2.770700e-01 -3.442812e+00 0.000000e+00
    vertex 3.848768e-01 -3.474842e+00 0.000000e+00
    vertex 3.166238e-01 -3.457666e+00 0.000000e+00
  endloop
endfacet
facet normal 0.000000e+00 0.000000e+00 -1.000000e+00
  outer loop
    vertex -2.153680e-02 -3.059748e+00 0.000000e+00
    vertex -2.351485e-02 -3.045800e+00 0.000000e+00
    vertex -1.916659e-02 -3.073635e+00 0.000000e+00
  endloop
endfacet
facet normal 0.000000e+00 0.000000e+00 -1.000000e+00
  outer loop
    vertex -2.351485e-02 -3.045800e+00 0.000000e+00
    vertex -2.509918e-02 -3.031802e+00 0.000000e+00
    vertex -1.916659e-02 -3.073635e+00 0.000000e+00
  endloop
endfacet
facet normal 0.000000e+00 0.000000e+00 -1.000000e+00
  outer loop
    vertex -1.916659e-02 -3.073635e+00 0.000000e+00
    vertex -2.628853e-02 -3.017765e+00 0.000000e+00
    vertex -1.325755e-02 -3.101180e+00 0.000000e+00
  endloop
endfacet
facet normal 0.000000e+00 0.000000e+00 -1.000000e+00
  outer loop
    vertex 1.906730e-01 -3.395599e+00 0.000000e+00
    vertex -2.628853e-02 -3.017765e+00 0.000000e+00
    vertex 3.848768e-01 -3.474842e+00 0.000000e+00
  endloop
endfacet
facet normal 0.000000e+00 0.000000e+00 -1.000000e+00
  outer loop
    vertex -2.509918e-02 -3.031802e+00 0.000000e+00
    vertex -2.628853e-02 -3.017765e+00 0.000000e+00
    vertex -1.916659e-02 -3.073635e+00 0.000000e+00
  endloop
endfacet
facet normal 0.000000e+00 0.000000e+00 -1.000000e+00
  outer loop
    vertex -1.325755e-02 -3.101180e+00 0.000000e+00
    vertex -2.628853e-02 -3.017765e+00 0.000000e+00
    vertex -9.723413e-03 -3.114817e+00 0.000000e+00
  endloop
endfacet
facet normal 0.000000e+00 0.000000e+00 -1.000000e+00
  outer loop
    vertex 3.848768e-01 -3.474842e+00 0.000000e+00
    vertex -2.628853e-02 -3.017765e+00 0.000000e+00
    vertex 3.987797e-01 -3.477114e+00 0.000000e+00
  endloop
endfacet
facet normal 0.000000e+00 0.000000e+00 -1.000000e+00
  outer loop
    vertex 3.987797e-01 -3.477114e+00 0.000000e+00
    vertex -2.628853e-02 -3.017765e+00 0.000000e+00
    vertex 4.127411e-01 -3.478994e+00 0.000000e+00
  endloop
endfacet
facet normal 0.000000e+00 0.000000e+00 -1.000000e+00
  outer loop
    vertex 4.127411e-01 -3.478994e+00 0.000000e+00
    vertex -2.628853e-02 -3.017765e+00 0.000000e+00
    vertex 4.267500e-01 -3.480479e+00 0.000000e+00
  endloop
endfacet
facet normal 0.000000e+00 0.000000e+00 -1.000000e+00
  outer loop
    vertex -9.723413e-03 -3.114817e+00 0.000000e+00
    vertex -2.628853e-02 -3.017765e+00 0.000000e+00
    vertex 1.906730e-01 -3.395599e+00 0.000000e+00
  endloop
endfacet
facet normal 0.000000e+00 0.000000e+00 -1.000000e+00
  outer loop
    vertex -2.628853e-02 -3.017765e+00 0.000000e+00
    vertex 4.407951e-01 -3.481570e+00 0.000000e+00
    vertex 4.267500e-01 -3.480479e+00 0.000000e+00
  endloop
endfacet
facet normal 0.000000e+00 0.000000e+00 -1.000000e+00
  outer loop
    vertex -2.628853e-02 -3.017765e+00 0.000000e+00
    vertex -2.708196e-02 -3.003700e+00 0.000000e+00
    vertex 4.407951e-01 -3.481570e+00 0.000000e+00
  endloop
endfacet
facet normal 0.000000e+00 0.000000e+00 -1.000000e+00
  outer loop
    vertex -2.747883e-02 -2.975531e+00 0.000000e+00
    vertex -2.708196e-02 -2.961449e+00 0.000000e+00
    vertex -2.747883e-02 -2.989618e+00 0.000000e+00
  endloop
endfacet
facet normal 0.000000e+00 0.000000e+00 -1.000000e+00
  outer loop
    vertex 4.689496e-01 -3.482562e+00 0.000000e+00
    vertex 4.971153e-01 -3.481967e+00 0.000000e+00
    vertex 4.830367e-01 -3.482463e+00 0.000000e+00
  endloop
endfacet
facet normal 0.000000e+00 -0.000000e+00 -1.000000e+00
  outer loop
    vertex -2.509918e-02 -2.933347e+00 0.000000e+00
    vertex -2.351485e-02 -2.919349e+00 0.000000e+00
    vertex -2.628853e-02 -2.947384e+00 0.000000e+00
  endloop
endfacet
facet normal 0.000000e+00 -0.000000e+00 -1.000000e+00
  outer loop
    vertex -2.628853e-02 -2.947384e+00 0.000000e+00
    vertex -2.351485e-02 -2.919349e+00 0.000000e+00
    vertex -2.708196e-02 -2.961449e+00 0.000000e+00
  endloop
endfacet
facet normal 0.000000e+00 -0.000000e+00 -1.000000e+00
  outer loop
    vertex -2.708196e-02 -2.961449e+00 0.000000e+00
    vertex -2.351485e-02 -2.919349e+00 0.000000e+00
    vertex -2.747883e-02 -2.989618e+00 0.000000e+00
  endloop
endfacet
facet normal 0.000000e+00 0.000000e+00 -1.000000e+00
  outer loop
    vertex 4.689496e-01 -3.482562e+00 0.000000e+00
    vertex 5.391893e-01 -3.478103e+00 0.000000e+00
    vertex 4.971153e-01 -3.481967e+00 0.000000e+00
  endloop
endfacet
facet normal 0.000000e+00 0.000000e+00 -1.000000e+00
  outer loop
    vertex 4.548654e-01 -3.482264e+00 0.000000e+00
    vertex 5.391893e-01 -3.478103e+00 0.000000e+00
    vertex 4.689496e-01 -3.482562e+00 0.000000e+00
  endloop
endfacet
facet normal 0.000000e+00 0.000000e+00 -1.000000e+00
  outer loop
    vertex 4.971153e-01 -3.481967e+00 0.000000e+00
    vertex 5.391893e-01 -3.478103e+00 0.000000e+00
    vertex 5.111744e-01 -3.481074e+00 0.000000e+00
  endloop
endfacet
facet normal 0.000000e+00 0.000000e+00 -1.000000e+00
  outer loop
    vertex 5.111744e-01 -3.481074e+00 0.000000e+00
    vertex 5.391893e-01 -3.478103e+00 0.000000e+00
    vertex 5.252028e-01 -3.479786e+00 0.000000e+00
  endloop
endfacet
facet normal 0.000000e+00 -0.000000e+00 -1.000000e+00
  outer loop
    vertex -1.916659e-02 -2.891514e+00 0.000000e+00
    vertex -1.640611e-02 -2.877700e+00 0.000000e+00
    vertex -2.153680e-02 -2.905401e+00 0.000000e+00
  endloop
endfacet
facet normal 0.000000e+00 0.000000e+00 -1.000000e+00
  outer loop
    vertex 4.548654e-01 -3.482264e+00 0.000000e+00
    vertex 5.807869e-01 -3.470701e+00 0.000000e+00
    vertex 5.391893e-01 -3.478103e+00 0.000000e+00
  endloop
endfacet
facet normal 0.000000e+00 0.000000e+00 -1.000000e+00
  outer loop
    vertex 5.391893e-01 -3.478103e+00 0.000000e+00
    vertex 5.807869e-01 -3.470701e+00 0.000000e+00
    vertex 5.531229e-01 -3.476027e+00 0.000000e+00
  endloop
endfacet
facet normal 0.000000e+00 0.000000e+00 -1.000000e+00
  outer loop
    vertex 5.531229e-01 -3.476027e+00 0.000000e+00
    vertex 5.807869e-01 -3.470701e+00 0.000000e+00
    vertex 5.669924e-01 -3.473559e+00 0.000000e+00
  endloop
endfacet
facet normal 0.000000e+00 -0.000000e+00 -1.000000e+00
  outer loop
    vertex -1.640611e-02 -2.877700e+00 0.000000e+00
    vertex -1.325755e-02 -2.863969e+00 0.000000e+00
    vertex -2.153680e-02 -2.905401e+00 0.000000e+00
  endloop
endfacet
facet normal 0.000000e+00 -0.000000e+00 -1.000000e+00
  outer loop
    vertex -2.153680e-02 -2.905401e+00 0.000000e+00
    vertex -9.723413e-03 -2.850332e+00 0.000000e+00
    vertex -2.351485e-02 -2.919349e+00 0.000000e+00
  endloop
endfacet
facet normal 0.000000e+00 -0.000000e+00 -1.000000e+00
  outer loop
    vertex -1.325755e-02 -2.863969e+00 0.000000e+00
    vertex -9.723413e-03 -2.850332e+00 0.000000e+00
    vertex -2.153680e-02 -2.905401e+00 0.000000e+00
  endloop
endfacet
facet normal 0.000000e+00 0.000000e+00 -1.000000e+00
  outer loop
    vertex 4.548654e-01 -3.482264e+00 0.000000e+00
    vertex 6.081071e-01 -3.463826e+00 0.000000e+00
    vertex 5.807869e-01 -3.470701e+00 0.000000e+00
  endloop
endfacet
facet normal 0.000000e+00 0.000000e+00 -1.000000e+00
  outer loop
    vertex 4.407951e-01 -3.481570e+00 0.000000e+00
    vertex 6.081071e-01 -3.463826e+00 0.000000e+00
    vertex 4.548654e-01 -3.482264e+00 0.000000e+00
  endloop
endfacet
facet normal 0.000000e+00 0.000000e+00 -1.000000e+00
  outer loop
    vertex 5.807869e-01 -3.470701e+00 0.000000e+00
    vertex 6.081071e-01 -3.463826e+00 0.000000e+00
    vertex 5.944954e-01 -3.467456e+00 0.000000e+00
  endloop
endfacet
facet normal 0.000000e+00 0.000000e+00 -1.000000e+00
  outer loop
    vertex 4.407951e-01 -3.481570e+00 0.000000e+00
    vertex 6.216110e-01 -3.459814e+00 0.000000e+00
    vertex 6.081071e-01 -3.463826e+00 0.000000e+00
  endloop
endfacet
facet normal 0.000000e+00 -0.000000e+00 -1.000000e+00
  outer loop
    vertex -5.806498e-03 -2.836800e+00 0.000000e+00
    vertex -1.509917e-03 -2.823384e+00 0.000000e+00
    vertex -9.723413e-03 -2.850332e+00 0.000000e+00
  endloop
endfacet
facet normal 0.000000e+00 0.000000e+00 -1.000000e+00
  outer loop
    vertex 4.407951e-01 -3.481570e+00 0.000000e+00
    vertex 6.349966e-01 -3.455423e+00 0.000000e+00
    vertex 6.216110e-01 -3.459814e+00 0.000000e+00
  endloop
endfacet
facet normal 0.000000e+00 -0.000000e+00 -1.000000e+00
  outer loop
    vertex -1.509917e-03 -2.823384e+00 0.000000e+00
    vertex 3.162919e-03 -2.810094e+00 0.000000e+00
    vertex -9.723413e-03 -2.850332e+00 0.000000e+00
  endloop
endfacet
facet normal 0.000000e+00 0.000000e+00 -1.000000e+00
  outer loop
    vertex 4.407951e-01 -3.481570e+00 0.000000e+00
    vertex 6.482532e-01 -3.450656e+00 0.000000e+00
    vertex 6.349966e-01 -3.455423e+00 0.000000e+00
  endloop
endfacet
facet normal 0.000000e+00 -0.000000e+00 -1.000000e+00
  outer loop
    vertex 3.162919e-03 -2.810094e+00 0.000000e+00
    vertex 8.208302e-03 -2.796941e+00 0.000000e+00
    vertex -9.723413e-03 -2.850332e+00 0.000000e+00
  endloop
endfacet
facet normal 0.000000e+00 -0.000000e+00 -1.000000e+00
  outer loop
    vertex 8.208302e-03 -2.796941e+00 0.000000e+00
    vertex 1.362222e-02 -2.783936e+00 0.000000e+00
    vertex -9.723413e-03 -2.850332e+00 0.000000e+00
  endloop
endfacet
facet normal 0.000000e+00 -0.000000e+00 -1.000000e+00
  outer loop
    vertex 1.940039e-02 -2.771088e+00 0.000000e+00
    vertex 2.553821e-02 -2.758408e+00 0.000000e+00
    vertex 1.362222e-02 -2.783936e+00 0.000000e+00
  endloop
endfacet
facet normal 0.000000e+00 0.000000e+00 -1.000000e+00
  outer loop
    vertex 6.482532e-01 -3.450656e+00 0.000000e+00
    vertex 6.997806e-01 -3.427918e+00 0.000000e+00
    vertex 6.613702e-01 -3.445519e+00 0.000000e+00
  endloop
endfacet
facet normal 0.000000e+00 0.000000e+00 -1.000000e+00
  outer loop
    vertex 6.613702e-01 -3.445519e+00 0.000000e+00
    vertex 6.997806e-01 -3.427918e+00 0.000000e+00
    vertex 6.743373e-01 -3.440013e+00 0.000000e+00
  endloop
endfacet
facet normal 0.000000e+00 0.000000e+00 -1.000000e+00
  outer loop
    vertex 6.743373e-01 -3.440013e+00 0.000000e+00
    vertex 6.997806e-01 -3.427918e+00 0.000000e+00
    vertex 6.871441e-01 -3.434145e+00 0.000000e+00
  endloop
endfacet
facet normal 0.000000e+00 -0.000000e+00 -1.000000e+00
  outer loop
    vertex 2.553821e-02 -2.758408e+00 0.000000e+00
    vertex 3.203082e-02 -2.745906e+00 0.000000e+00
    vertex 1.362222e-02 -2.783936e+00 0.000000e+00
  endloop
endfacet
facet normal 0.000000e+00 -0.000000e+00 -1.000000e+00
  outer loop
    vertex -9.723413e-03 -2.850332e+00 0.000000e+00
    vertex 3.203082e-02 -2.745906e+00 0.000000e+00
    vertex -2.351485e-02 -2.919349e+00 0.000000e+00
  endloop
endfacet
facet normal 0.000000e+00 -0.000000e+00 -1.000000e+00
  outer loop
    vertex 1.362222e-02 -2.783936e+00 0.000000e+00
    vertex 3.203082e-02 -2.745906e+00 0.000000e+00
    vertex -9.723413e-03 -2.850332e+00 0.000000e+00
  endloop
endfacet
facet normal 0.000000e+00 0.000000e+00 -1.000000e+00
  outer loop
    vertex 6.482532e-01 -3.450656e+00 0.000000e+00
    vertex 7.122366e-01 -3.421337e+00 0.000000e+00
    vertex 6.997806e-01 -3.427918e+00 0.000000e+00
  endloop
endfacet
facet normal 0.000000e+00 -0.000000e+00 -1.000000e+00
  outer loop
    vertex 3.203082e-02 -2.745906e+00 0.000000e+00
    vertex 3.887305e-02 -2.733592e+00 0.000000e+00
    vertex -2.351485e-02 -2.919349e+00 0.000000e+00
  endloop
endfacet
facet normal 0.000000e+00 0.000000e+00 -1.000000e+00
  outer loop
    vertex 6.482532e-01 -3.450656e+00 0.000000e+00
    vertex 7.484237e-01 -3.399528e+00 0.000000e+00
    vertex 7.122366e-01 -3.421337e+00 0.000000e+00
  endloop
endfacet
facet normal 0.000000e+00 0.000000e+00 -1.000000e+00
  outer loop
    vertex -2.708196e-02 -3.003700e+00 0.000000e+00
    vertex 7.484237e-01 -3.399528e+00 0.000000e+00
    vertex 4.407951e-01 -3.481570e+00 0.000000e+00
  endloop
endfacet
facet normal 0.000000e+00 0.000000e+00 -1.000000e+00
  outer loop
    vertex 4.407951e-01 -3.481570e+00 0.000000e+00
    vertex 7.484237e-01 -3.399528e+00 0.000000e+00
    vertex 6.482532e-01 -3.450656e+00 0.000000e+00
  endloop
endfacet
facet normal 0.000000e+00 0.000000e+00 -1.000000e+00
  outer loop
    vertex 7.122366e-01 -3.421337e+00 0.000000e+00
    vertex 7.484237e-01 -3.399528e+00 0.000000e+00
    vertex 7.245022e-01 -3.414408e+00 0.000000e+00
  endloop
endfacet
facet normal 0.000000e+00 0.000000e+00 -1.000000e+00
  outer loop
    vertex 7.245022e-01 -3.414408e+00 0.000000e+00
    vertex 7.484237e-01 -3.399528e+00 0.000000e+00
    vertex 7.365678e-01 -3.407137e+00 0.000000e+00
  endloop
endfacet
facet normal 0.000000e+00 0.000000e+00 -1.000000e+00
  outer loop
    vertex 7.600606e-01 -3.391589e+00 0.000000e+00
    vertex 7.826404e-01 -3.374742e+00 0.000000e+00
    vertex 7.714692e-01 -3.383324e+00 0.000000e+00
  endloop
endfacet
facet normal 0.000000e+00 -0.000000e+00 -1.000000e+00
  outer loop
    vertex 3.887305e-02 -2.733592e+00 0.000000e+00
    vertex 8.146424e-01 -3.347155e+00 0.000000e+00
    vertex -2.351485e-02 -2.919349e+00 0.000000e+00
  endloop
endfacet
facet normal 0.000000e+00 0.000000e+00 -1.000000e+00
  outer loop
    vertex -2.747883e-02 -2.989618e+00 0.000000e+00
    vertex 8.146424e-01 -3.347155e+00 0.000000e+00
    vertex -2.708196e-02 -3.003700e+00 0.000000e+00
  endloop
endfacet
facet normal 0.000000e+00 0.000000e+00 -1.000000e+00
  outer loop
    vertex 7.600606e-01 -3.391589e+00 0.000000e+00
    vertex 8.146424e-01 -3.347155e+00 0.000000e+00
    vertex 7.826404e-01 -3.374742e+00 0.000000e+00
  endloop
endfacet
facet normal 0.000000e+00 -0.000000e+00 -1.000000e+00
  outer loop
    vertex -2.351485e-02 -2.919349e+00 0.000000e+00
    vertex 8.146424e-01 -3.347155e+00 0.000000e+00
    vertex -2.747883e-02 -2.989618e+00 0.000000e+00
  endloop
endfacet
facet normal 0.000000e+00 0.000000e+00 -1.000000e+00
  outer loop
    vertex 7.484237e-01 -3.399528e+00 0.000000e+00
    vertex 8.146424e-01 -3.347155e+00 0.000000e+00
    vertex 7.600606e-01 -3.391589e+00 0.000000e+00
  endloop
endfacet
facet normal 0.000000e+00 0.000000e+00 -1.000000e+00
  outer loop
    vertex -2.708196e-02 -3.003700e+00 0.000000e+00
    vertex 8.146424e-01 -3.347155e+00 0.000000e+00
    vertex 7.484237e-01 -3.399528e+00 0.000000e+00
  endloop
endfacet
facet normal 0.000000e+00 0.000000e+00 -1.000000e+00
  outer loop
    vertex 7.826404e-01 -3.374742e+00 0.000000e+00
    vertex 8.146424e-01 -3.347155e+00 0.000000e+00
    vertex 7.935655e-01 -3.365848e+00 0.000000e+00
  endloop
endfacet
facet normal 0.000000e+00 0.000000e+00 -1.000000e+00
  outer loop
    vertex 7.935655e-01 -3.365848e+00 0.000000e+00
    vertex 8.146424e-01 -3.347155e+00 0.000000e+00
    vertex 8.042356e-01 -3.356650e+00 0.000000e+00
  endloop
endfacet
facet normal 0.000000e+00 -0.000000e+00 -1.000000e+00
  outer loop
    vertex 4.605949e-02 -2.721475e+00 0.000000e+00
    vertex 8.146424e-01 -3.347155e+00 0.000000e+00
    vertex 3.887305e-02 -2.733592e+00 0.000000e+00
  endloop
endfacet
facet normal 0.000000e+00 -0.000000e+00 -1.000000e+00
  outer loop
    vertex 1.054897e-01 -2.642980e+00 0.000000e+00
    vertex 1.152024e-01 -2.632776e+00 0.000000e+00
    vertex 9.606827e-02 -2.653454e+00 0.000000e+00
  endloop
endfacet
facet normal 0.000000e+00 -0.000000e+00 -1.000000e+00
  outer loop
    vertex 9.606827e-02 -2.653454e+00 0.000000e+00
    vertex 1.152024e-01 -2.632776e+00 0.000000e+00
    vertex 8.694568e-02 -2.664188e+00 0.000000e+00
  endloop
endfacet
facet normal 0.000000e+00 -0.000000e+00 -1.000000e+00
  outer loop
    vertex 8.694568e-02 -2.664188e+00 0.000000e+00
    vertex 1.152024e-01 -2.632776e+00 0.000000e+00
    vertex 7.812912e-02 -2.675176e+00 0.000000e+00
  endloop
endfacet
facet normal 0.000000e+00 0.000000e+00 -1.000000e+00
  outer loop
    vertex 4.605949e-02 -2.721475e+00 0.000000e+00
    vertex 8.247775e-01 -3.337371e+00 0.000000e+00
    vertex 8.146424e-01 -3.347155e+00 0.000000e+00
  endloop
endfacet
facet normal 0.000000e+00 -0.000000e+00 -1.000000e+00
  outer loop
    vertex 1.251987e-01 -2.622850e+00 0.000000e+00
    vertex 1.354707e-01 -2.613210e+00 0.000000e+00
    vertex 1.152024e-01 -2.632776e+00 0.000000e+00
  endloop
endfacet
facet normal 0.000000e+00 0.000000e+00 -1.000000e+00
  outer loop
    vertex 8.247775e-01 -3.337371e+00 0.000000e+00
    vertex 8.442010e-01 -3.316965e+00 0.000000e+00
    vertex 8.346331e-01 -3.327305e+00 0.000000e+00
  endloop
endfacet
facet normal 0.000000e+00 0.000000e+00 -1.000000e+00
  outer loop
    vertex 8.247775e-01 -3.337371e+00 0.000000e+00
    vertex 8.534739e-01 -3.306360e+00 0.000000e+00
    vertex 8.442010e-01 -3.316965e+00 0.000000e+00
  endloop
endfacet
facet normal 0.000000e+00 0.000000e+00 -1.000000e+00
  outer loop
    vertex 4.605949e-02 -2.721475e+00 0.000000e+00
    vertex 8.624444e-01 -3.295498e+00 0.000000e+00
    vertex 8.247775e-01 -3.337371e+00 0.000000e+00
  endloop
endfacet
facet normal 0.000000e+00 0.000000e+00 -1.000000e+00
  outer loop
    vertex 8.247775e-01 -3.337371e+00 0.000000e+00
    vertex 8.624444e-01 -3.295498e+00 0.000000e+00
    vertex 8.534739e-01 -3.306360e+00 0.000000e+00
  endloop
endfacet
facet normal 0.000000e+00 0.000000e+00 -1.000000e+00
  outer loop
    vertex 8.624444e-01 -3.295498e+00 0.000000e+00
    vertex 8.794498e-01 -3.273037e+00 0.000000e+00
    vertex 8.711053e-01 -3.284387e+00 0.000000e+00
  endloop
endfacet
facet normal 0.000000e+00 -0.000000e+00 -1.000000e+00
  outer loop
    vertex 1.152024e-01 -2.632776e+00 0.000000e+00
    vertex 1.906730e-01 -2.569550e+00 0.000000e+00
    vertex 7.812912e-02 -2.675176e+00 0.000000e+00
  endloop
endfacet
facet normal 0.000000e+00 -0.000000e+00 -1.000000e+00
  outer loop
    vertex 1.354707e-01 -2.613210e+00 0.000000e+00
    vertex 1.906730e-01 -2.569550e+00 0.000000e+00
    vertex 1.152024e-01 -2.632776e+00 0.000000e+00
  endloop
endfacet
facet normal 0.000000e+00 -0.000000e+00 -1.000000e+00
  outer loop
    vertex 1.791491e-01 -2.577652e+00 0.000000e+00
    vertex 1.906730e-01 -2.569550e+00 0.000000e+00
    vertex 1.678580e-01 -2.586076e+00 0.000000e+00
  endloop
endfacet
facet normal 0.000000e+00 -0.000000e+00 -1.000000e+00
  outer loop
    vertex 1.678580e-01 -2.586076e+00 0.000000e+00
    vertex 1.906730e-01 -2.569550e+00 0.000000e+00
    vertex 1.568088e-01 -2.594815e+00 0.000000e+00
  endloop
endfacet
facet normal 0.000000e+00 -0.000000e+00 -1.000000e+00
  outer loop
    vertex 1.568088e-01 -2.594815e+00 0.000000e+00
    vertex 1.906730e-01 -2.569550e+00 0.000000e+00
    vertex 1.460102e-01 -2.603862e+00 0.000000e+00
  endloop
endfacet
facet normal 0.000000e+00 -0.000000e+00 -1.000000e+00
  outer loop
    vertex 1.460102e-01 -2.603862e+00 0.000000e+00
    vertex 1.906730e-01 -2.569550e+00 0.000000e+00
    vertex 1.354707e-01 -2.613210e+00 0.000000e+00
  endloop
endfacet
facet normal 0.000000e+00 -0.000000e+00 -1.000000e+00
  outer loop
    vertex 7.812912e-02 -2.675176e+00 0.000000e+00
    vertex 1.906730e-01 -2.569550e+00 0.000000e+00
    vertex 6.962560e-02 -2.686407e+00 0.000000e+00
  endloop
endfacet
facet normal 0.000000e+00 -0.000000e+00 -1.000000e+00
  outer loop
    vertex 6.962560e-02 -2.686407e+00 0.000000e+00
    vertex 1.906730e-01 -2.569550e+00 0.000000e+00
    vertex 6.144187e-02 -2.697874e+00 0.000000e+00
  endloop
endfacet
facet normal 0.000000e+00 0.000000e+00 -1.000000e+00
  outer loop
    vertex 8.624444e-01 -3.295498e+00 0.000000e+00
    vertex 8.874711e-01 -3.261457e+00 0.000000e+00
    vertex 8.794498e-01 -3.273037e+00 0.000000e+00
  endloop
endfacet
facet normal 0.000000e+00 0.000000e+00 -1.000000e+00
  outer loop
    vertex 8.624444e-01 -3.295498e+00 0.000000e+00
    vertex 8.951631e-01 -3.249655e+00 0.000000e+00
    vertex 8.874711e-01 -3.261457e+00 0.000000e+00
  endloop
endfacet
facet normal 0.000000e+00 0.000000e+00 -1.000000e+00
  outer loop
    vertex 8.624444e-01 -3.295498e+00 0.000000e+00
    vertex 9.025195e-01 -3.237641e+00 0.000000e+00
    vertex 8.951631e-01 -3.249655e+00 0.000000e+00
  endloop
endfacet
facet normal 0.000000e+00 -0.000000e+00 -1.000000e+00
  outer loop
    vertex 2.143825e-01 -2.554334e+00 0.000000e+00
    vertex 2.265493e-01 -2.547233e+00 0.000000e+00
    vertex 2.024206e-01 -2.561775e+00 0.000000e+00
  endloop
endfacet
facet normal 0.000000e+00 -0.000000e+00 -1.000000e+00
  outer loop
    vertex 2.024206e-01 -2.561775e+00 0.000000e+00
    vertex 2.265493e-01 -2.547233e+00 0.000000e+00
    vertex 1.906730e-01 -2.569550e+00 0.000000e+00
  endloop
endfacet
facet normal 0.000000e+00 -0.000000e+00 -1.000000e+00
  outer loop
    vertex 2.265493e-01 -2.547233e+00 0.000000e+00
    vertex 2.389114e-01 -2.540478e+00 0.000000e+00
    vertex 1.906730e-01 -2.569550e+00 0.000000e+00
  endloop
endfacet
facet normal 0.000000e+00 0.000000e+00 -1.000000e+00
  outer loop
    vertex 9.025195e-01 -3.237641e+00 0.000000e+00
    vertex 9.162026e-01 -3.213015e+00 0.000000e+00
    vertex 9.095345e-01 -3.225424e+00 0.000000e+00
  endloop
endfacet
facet normal 0.000000e+00 0.000000e+00 -1.000000e+00
  outer loop
    vertex 9.025195e-01 -3.237641e+00 0.000000e+00
    vertex 9.225185e-01 -3.200423e+00 0.000000e+00
    vertex 9.162026e-01 -3.213015e+00 0.000000e+00
  endloop
endfacet
facet normal 0.000000e+00 -0.000000e+00 -1.000000e+00
  outer loop
    vertex 1.906730e-01 -2.569550e+00 0.000000e+00
    vertex 2.641817e-01 -2.528025e+00 0.000000e+00
    vertex 6.144187e-02 -2.697874e+00 0.000000e+00
  endloop
endfacet
facet normal 0.000000e+00 -0.000000e+00 -1.000000e+00
  outer loop
    vertex 2.514588e-01 -2.534073e+00 0.000000e+00
    vertex 2.641817e-01 -2.528025e+00 0.000000e+00
    vertex 2.389114e-01 -2.540478e+00 0.000000e+00
  endloop
endfacet
facet normal 0.000000e+00 -0.000000e+00 -1.000000e+00
  outer loop
    vertex 2.389114e-01 -2.540478e+00 0.000000e+00
    vertex 2.641817e-01 -2.528025e+00 0.000000e+00
    vertex 1.906730e-01 -2.569550e+00 0.000000e+00
  endloop
endfacet
facet normal 0.000000e+00 -0.000000e+00 -1.000000e+00
  outer loop
    vertex 6.144187e-02 -2.697874e+00 0.000000e+00
    vertex 2.641817e-01 -2.528025e+00 0.000000e+00
    vertex 5.358442e-02 -2.709566e+00 0.000000e+00
  endloop
endfacet
facet normal 0.000000e+00 0.000000e+00 -1.000000e+00
  outer loop
    vertex 4.605949e-02 -2.721475e+00 0.000000e+00
    vertex 9.284771e-01 -3.187657e+00 0.000000e+00
    vertex 8.624444e-01 -3.295498e+00 0.000000e+00
  endloop
endfacet
facet normal 0.000000e+00 0.000000e+00 -1.000000e+00
  outer loop
    vertex 8.624444e-01 -3.295498e+00 0.000000e+00
    vertex 9.284771e-01 -3.187657e+00 0.000000e+00
    vertex 9.025195e-01 -3.237641e+00 0.000000e+00
  endloop
endfacet
facet normal 0.000000e+00 0.000000e+00 -1.000000e+00
  outer loop
    vertex 9.025195e-01 -3.237641e+00 0.000000e+00
    vertex 9.284771e-01 -3.187657e+00 0.000000e+00
    vertex 9.225185e-01 -3.200423e+00 0.000000e+00
  endloop
endfacet
facet normal 0.000000e+00 -0.000000e+00 -1.000000e+00
  outer loop
    vertex 2.770700e-01 -2.522337e+00 0.000000e+00
    vertex 2.901133e-01 -2.517015e+00 0.000000e+00
    vertex 2.641817e-01 -2.528025e+00 0.000000e+00
  endloop
endfacet
facet normal 0.000000e+00 0.000000e+00 -1.000000e+00
  outer loop
    vertex 9.284771e-01 -3.187657e+00 0.000000e+00
    vertex 9.441635e-01 -3.148426e+00 0.000000e+00
    vertex 9.340737e-01 -3.174729e+00 0.000000e+00
  endloop
endfacet
facet normal 0.000000e+00 0.000000e+00 -1.000000e+00
  outer loop
    vertex 9.340737e-01 -3.174729e+00 0.000000e+00
    vertex 9.441635e-01 -3.148426e+00 0.000000e+00
    vertex 9.393038e-01 -3.161649e+00 0.000000e+00
  endloop
endfacet
facet normal 0.000000e+00 -0.000000e+00 -1.000000e+00
  outer loop
    vertex 2.901133e-01 -2.517015e+00 0.000000e+00
    vertex 3.166238e-01 -2.507483e+00 0.000000e+00
    vertex 2.641817e-01 -2.528025e+00 0.000000e+00
  endloop
endfacet
facet normal 0.000000e+00 -0.000000e+00 -1.000000e+00
  outer loop
    vertex 3.033015e-01 -2.512062e+00 0.000000e+00
    vertex 3.166238e-01 -2.507483e+00 0.000000e+00
    vertex 2.901133e-01 -2.517015e+00 0.000000e+00
  endloop
endfacet
facet normal 0.000000e+00 0.000000e+00 -1.000000e+00
  outer loop
    vertex 9.284771e-01 -3.187657e+00 0.000000e+00
    vertex 9.486486e-01 -3.135072e+00 0.000000e+00
    vertex 9.441635e-01 -3.148426e+00 0.000000e+00
  endloop
endfacet
facet normal 0.000000e+00 -0.000000e+00 -1.000000e+00
  outer loop
    vertex 3.300699e-01 -2.503281e+00 0.000000e+00
    vertex 3.436291e-01 -2.499460e+00 0.000000e+00
    vertex 3.166238e-01 -2.507483e+00 0.000000e+00
  endloop
endfacet
facet normal 0.000000e+00 -0.000000e+00 -1.000000e+00
  outer loop
    vertex 3.436291e-01 -2.499460e+00 0.000000e+00
    vertex 3.710434e-01 -2.492970e+00 0.000000e+00
    vertex 3.166238e-01 -2.507483e+00 0.000000e+00
  endloop
endfacet
facet normal 0.000000e+00 -0.000000e+00 -1.000000e+00
  outer loop
    vertex 3.572906e-01 -2.496022e+00 0.000000e+00
    vertex 3.710434e-01 -2.492970e+00 0.000000e+00
    vertex 3.436291e-01 -2.499460e+00 0.000000e+00
  endloop
endfacet
facet normal 0.000000e+00 0.000000e+00 -1.000000e+00
  outer loop
    vertex 9.284771e-01 -3.187657e+00 0.000000e+00
    vertex 9.627781e-01 -3.080551e+00 0.000000e+00
    vertex 9.486486e-01 -3.135072e+00 0.000000e+00
  endloop
endfacet
facet normal 0.000000e+00 0.000000e+00 -1.000000e+00
  outer loop
    vertex 9.486486e-01 -3.135072e+00 0.000000e+00
    vertex 9.627781e-01 -3.080551e+00 0.000000e+00
    vertex 9.527557e-01 -3.121596e+00 0.000000e+00
  endloop
endfacet
facet normal 0.000000e+00 0.000000e+00 -1.000000e+00
  outer loop
    vertex 9.527557e-01 -3.121596e+00 0.000000e+00
    vertex 9.627781e-01 -3.080551e+00 0.000000e+00
    vertex 9.564816e-01 -3.108011e+00 0.000000e+00
  endloop
endfacet
facet normal 0.000000e+00 0.000000e+00 -1.000000e+00
  outer loop
    vertex 9.564816e-01 -3.108011e+00 0.000000e+00
    vertex 9.627781e-01 -3.080551e+00 0.000000e+00
    vertex 9.598233e-01 -3.094325e+00 0.000000e+00
  endloop
endfacet
facet normal 0.000000e+00 0.000000e+00 -1.000000e+00
  outer loop
    vertex 9.627781e-01 -3.080551e+00 0.000000e+00
    vertex 9.692994e-01 -3.038807e+00 0.000000e+00
    vertex 9.653437e-01 -3.066699e+00 0.000000e+00
  endloop
endfacet
facet normal 0.000000e+00 0.000000e+00 -1.000000e+00
  outer loop
    vertex 9.653437e-01 -3.066699e+00 0.000000e+00
    vertex 9.692994e-01 -3.038807e+00 0.000000e+00
    vertex 9.675181e-01 -3.052781e+00 0.000000e+00
  endloop
endfacet
facet normal 0.000000e+00 -0.000000e+00 -1.000000e+00
  outer loop
    vertex 3.710434e-01 -2.492970e+00 0.000000e+00
    vertex 4.267500e-01 -2.484669e+00 0.000000e+00
    vertex 3.166238e-01 -2.507483e+00 0.000000e+00
  endloop
endfacet
facet normal 0.000000e+00 -0.000000e+00 -1.000000e+00
  outer loop
    vertex 4.127411e-01 -2.486155e+00 0.000000e+00
    vertex 4.267500e-01 -2.484669e+00 0.000000e+00
    vertex 3.987797e-01 -2.488035e+00 0.000000e+00
  endloop
endfacet
facet normal 0.000000e+00 -0.000000e+00 -1.000000e+00
  outer loop
    vertex 3.987797e-01 -2.488035e+00 0.000000e+00
    vertex 4.267500e-01 -2.484669e+00 0.000000e+00
    vertex 3.848768e-01 -2.490307e+00 0.000000e+00
  endloop
endfacet
facet normal 0.000000e+00 -0.000000e+00 -1.000000e+00
  outer loop
    vertex 3.848768e-01 -2.490307e+00 0.000000e+00
    vertex 4.267500e-01 -2.484669e+00 0.000000e+00
    vertex 3.710434e-01 -2.492970e+00 0.000000e+00
  endloop
endfacet
facet normal 0.000000e+00 0.000000e+00 -1.000000e+00
  outer loop
    vertex 9.627781e-01 -3.080551e+00 0.000000e+00
    vertex 9.706864e-01 -3.024788e+00 0.000000e+00
    vertex 9.692994e-01 -3.038807e+00 0.000000e+00
  endloop
endfacet
facet normal 0.000000e+00 0.000000e+00 -1.000000e+00
  outer loop
    vertex 9.284771e-01 -3.187657e+00 0.000000e+00
    vertex 9.716779e-01 -3.010735e+00 0.000000e+00
    vertex 9.627781e-01 -3.080551e+00 0.000000e+00
  endloop
endfacet
facet normal 0.000000e+00 0.000000e+00 -1.000000e+00
  outer loop
    vertex 9.627781e-01 -3.080551e+00 0.000000e+00
    vertex 9.716779e-01 -3.010735e+00 0.000000e+00
    vertex 9.706864e-01 -3.024788e+00 0.000000e+00
  endloop
endfacet
facet normal 0.000000e+00 0.000000e+00 -1.000000e+00
  outer loop
    vertex 9.716779e-01 -3.010735e+00 0.000000e+00
    vertex 9.724716e-01 -2.982574e+00 0.000000e+00
    vertex 9.722731e-01 -2.996660e+00 0.000000e+00
  endloop
endfacet
facet normal 0.000000e+00 0.000000e+00 -1.000000e+00
  outer loop
    vertex 9.284771e-01 -3.187657e+00 0.000000e+00
    vertex 9.724716e-01 -2.982574e+00 0.000000e+00
    vertex 9.716779e-01 -3.010735e+00 0.000000e+00
  endloop
endfacet
facet normal 0.000000e+00 0.000000e+00 -1.000000e+00
  outer loop
    vertex 4.605949e-02 -2.721475e+00 0.000000e+00
    vertex 9.724716e-01 -2.982574e+00 0.000000e+00
    vertex 9.284771e-01 -3.187657e+00 0.000000e+00
  endloop
endfacet
facet normal 0.000000e+00 -0.000000e+00 -1.000000e+00
  outer loop
    vertex 5.358442e-02 -2.709566e+00 0.000000e+00
    vertex 9.724716e-01 -2.982574e+00 0.000000e+00
    vertex 4.605949e-02 -2.721475e+00 0.000000e+00
  endloop
endfacet
facet normal 0.000000e+00 -0.000000e+00 -1.000000e+00
  outer loop
    vertex 4.689496e-01 -2.482587e+00 0.000000e+00
    vertex 4.830367e-01 -2.482686e+00 0.000000e+00
    vertex 4.548654e-01 -2.482885e+00 0.000000e+00
  endloop
endfacet
facet normal 0.000000e+00 -0.000000e+00 -1.000000e+00
  outer loop
    vertex 4.548654e-01 -2.482885e+00 0.000000e+00
    vertex 4.830367e-01 -2.482686e+00 0.000000e+00
    vertex 4.407951e-01 -2.483579e+00 0.000000e+00
  endloop
endfacet
facet normal 0.000000e+00 -0.000000e+00 -1.000000e+00
  outer loop
    vertex 3.166238e-01 -2.507483e+00 0.000000e+00
    vertex 9.722731e-01 -2.968489e+00 0.000000e+00
    vertex 2.641817e-01 -2.528025e+00 0.000000e+00
  endloop
endfacet
facet normal 0.000000e+00 0.000000e+00 -1.000000e+00
  outer loop
    vertex 5.358442e-02 -2.709566e+00 0.000000e+00
    vertex 9.722731e-01 -2.968489e+00 0.000000e+00
    vertex 9.724716e-01 -2.982574e+00 0.000000e+00
  endloop
endfacet
facet normal 0.000000e+00 -0.000000e+00 -1.000000e+00
  outer loop
    vertex 2.641817e-01 -2.528025e+00 0.000000e+00
    vertex 9.722731e-01 -2.968489e+00 0.000000e+00
    vertex 5.358442e-02 -2.709566e+00 0.000000e+00
  endloop
endfacet
facet normal 0.000000e+00 0.000000e+00 -1.000000e+00
  outer loop
    vertex 9.722731e-01 -2.968489e+00 0.000000e+00
    vertex 9.692994e-01 -2.926342e+00 0.000000e+00
    vertex 9.716779e-01 -2.954414e+00 0.000000e+00
  endloop
endfacet
facet normal 0.000000e+00 0.000000e+00 -1.000000e+00
  outer loop
    vertex 9.716779e-01 -2.954414e+00 0.000000e+00
    vertex 9.692994e-01 -2.926342e+00 0.000000e+00
    vertex 9.706864e-01 -2.940361e+00 0.000000e+00
  endloop
endfacet
facet normal -0.000000e+00 -0.000000e+00 -1.000000e+00
  outer loop
    vertex 5.252028e-01 -2.485363e+00 0.000000e+00
    vertex 5.391893e-01 -2.487046e+00 0.000000e+00
    vertex 5.111744e-01 -2.484075e+00 0.000000e+00
  endloop
endfacet
facet normal -0.000000e+00 -0.000000e+00 -1.000000e+00
  outer loop
    vertex 5.111744e-01 -2.484075e+00 0.000000e+00
    vertex 5.391893e-01 -2.487046e+00 0.000000e+00
    vertex 4.971153e-01 -2.483182e+00 0.000000e+00
  endloop
endfacet
facet normal -0.000000e+00 -0.000000e+00 -1.000000e+00
  outer loop
    vertex 4.971153e-01 -2.483182e+00 0.000000e+00
    vertex 5.391893e-01 -2.487046e+00 0.000000e+00
    vertex 4.830367e-01 -2.482686e+00 0.000000e+00
  endloop
endfacet
facet normal -0.000000e+00 -0.000000e+00 -1.000000e+00
  outer loop
    vertex 5.391893e-01 -2.487046e+00 0.000000e+00
    vertex 5.531229e-01 -2.489122e+00 0.000000e+00
    vertex 4.830367e-01 -2.482686e+00 0.000000e+00
  endloop
endfacet
facet normal 0.000000e+00 0.000000e+00 -1.000000e+00
  outer loop
    vertex 9.692994e-01 -2.926342e+00 0.000000e+00
    vertex 9.653437e-01 -2.898449e+00 0.000000e+00
    vertex 9.675181e-01 -2.912368e+00 0.000000e+00
  endloop
endfacet
facet normal 0.000000e+00 0.000000e+00 -1.000000e+00
  outer loop
    vertex 9.722731e-01 -2.968489e+00 0.000000e+00
    vertex 9.653437e-01 -2.898449e+00 0.000000e+00
    vertex 9.692994e-01 -2.926342e+00 0.000000e+00
  endloop
endfacet
facet normal -0.000000e+00 -0.000000e+00 -1.000000e+00
  outer loop
    vertex 5.669924e-01 -2.491590e+00 0.000000e+00
    vertex 5.807869e-01 -2.494448e+00 0.000000e+00
    vertex 5.531229e-01 -2.489122e+00 0.000000e+00
  endloop
endfacet
facet normal 0.000000e+00 -0.000000e+00 -1.000000e+00
  outer loop
    vertex 4.830367e-01 -2.482686e+00 0.000000e+00
    vertex 5.807869e-01 -2.494448e+00 0.000000e+00
    vertex 4.407951e-01 -2.483579e+00 0.000000e+00
  endloop
endfacet
facet normal -0.000000e+00 -0.000000e+00 -1.000000e+00
  outer loop
    vertex 5.531229e-01 -2.489122e+00 0.000000e+00
    vertex 5.807869e-01 -2.494448e+00 0.000000e+00
    vertex 4.830367e-01 -2.482686e+00 0.000000e+00
  endloop
endfacet
facet normal 0.000000e+00 0.000000e+00 -1.000000e+00
  outer loop
    vertex 9.627781e-01 -2.884598e+00 0.000000e+00
    vertex 9.564816e-01 -2.857138e+00 0.000000e+00
    vertex 9.598233e-01 -2.870823e+00 0.000000e+00
  endloop
endfacet
facet normal -0.000000e+00 -0.000000e+00 -1.000000e+00
  outer loop
    vertex 5.944954e-01 -2.497693e+00 0.000000e+00
    vertex 6.081071e-01 -2.501323e+00 0.000000e+00
    vertex 5.807869e-01 -2.494448e+00 0.000000e+00
  endloop
endfacet
facet normal 0.000000e+00 0.000000e+00 -1.000000e+00
  outer loop
    vertex 9.653437e-01 -2.898449e+00 0.000000e+00
    vertex 9.527557e-01 -2.843552e+00 0.000000e+00
    vertex 9.627781e-01 -2.884598e+00 0.000000e+00
  endloop
endfacet
facet normal 0.000000e+00 0.000000e+00 -1.000000e+00
  outer loop
    vertex 3.166238e-01 -2.507483e+00 0.000000e+00
    vertex 9.527557e-01 -2.843552e+00 0.000000e+00
    vertex 9.722731e-01 -2.968489e+00 0.000000e+00
  endloop
endfacet
facet normal 0.000000e+00 0.000000e+00 -1.000000e+00
  outer loop
    vertex 9.722731e-01 -2.968489e+00 0.000000e+00
    vertex 9.527557e-01 -2.843552e+00 0.000000e+00
    vertex 9.653437e-01 -2.898449e+00 0.000000e+00
  endloop
endfacet
facet normal 0.000000e+00 0.000000e+00 -1.000000e+00
  outer loop
    vertex 9.627781e-01 -2.884598e+00 0.000000e+00
    vertex 9.527557e-01 -2.843552e+00 0.000000e+00
    vertex 9.564816e-01 -2.857138e+00 0.000000e+00
  endloop
endfacet
facet normal -0.000000e+00 -0.000000e+00 -1.000000e+00
  outer loop
    vertex 6.216110e-01 -2.505335e+00 0.000000e+00
    vertex 6.349966e-01 -2.509726e+00 0.000000e+00
    vertex 6.081071e-01 -2.501323e+00 0.000000e+00
  endloop
endfacet
facet normal 0.000000e+00 -0.000000e+00 -1.000000e+00
  outer loop
    vertex 4.407951e-01 -2.483579e+00 0.000000e+00
    vertex 6.349966e-01 -2.509726e+00 0.000000e+00
    vertex 4.267500e-01 -2.484669e+00 0.000000e+00
  endloop
endfacet
facet normal -0.000000e+00 -0.000000e+00 -1.000000e+00
  outer loop
    vertex 6.081071e-01 -2.501323e+00 0.000000e+00
    vertex 6.349966e-01 -2.509726e+00 0.000000e+00
    vertex 5.807869e-01 -2.494448e+00 0.000000e+00
  endloop
endfacet
facet normal -0.000000e+00 -0.000000e+00 -1.000000e+00
  outer loop
    vertex 5.807869e-01 -2.494448e+00 0.000000e+00
    vertex 6.349966e-01 -2.509726e+00 0.000000e+00
    vertex 4.407951e-01 -2.483579e+00 0.000000e+00
  endloop
endfacet
facet normal 0.000000e+00 0.000000e+00 -1.000000e+00
  outer loop
    vertex 9.527557e-01 -2.843552e+00 0.000000e+00
    vertex 9.441635e-01 -2.816723e+00 0.000000e+00
    vertex 9.486486e-01 -2.830077e+00 0.000000e+00
  endloop
endfacet
facet normal -0.000000e+00 -0.000000e+00 -1.000000e+00
  outer loop
    vertex 6.613702e-01 -2.519630e+00 0.000000e+00
    vertex 6.743373e-01 -2.525136e+00 0.000000e+00
    vertex 6.482532e-01 -2.514492e+00 0.000000e+00
  endloop
endfacet
facet normal -0.000000e+00 -0.000000e+00 -1.000000e+00
  outer loop
    vertex 6.482532e-01 -2.514492e+00 0.000000e+00
    vertex 6.743373e-01 -2.525136e+00 0.000000e+00
    vertex 6.349966e-01 -2.509726e+00 0.000000e+00
  endloop
endfacet
facet normal 0.000000e+00 0.000000e+00 -1.000000e+00
  outer loop
    vertex 9.393038e-01 -2.803500e+00 0.000000e+00
    vertex 9.284771e-01 -2.777492e+00 0.000000e+00
    vertex 9.340737e-01 -2.790420e+00 0.000000e+00
  endloop
endfacet
facet normal 0.000000e+00 0.000000e+00 -1.000000e+00
  outer loop
    vertex 9.393038e-01 -2.803500e+00 0.000000e+00
    vertex 9.225185e-01 -2.764726e+00 0.000000e+00
    vertex 9.284771e-01 -2.777492e+00 0.000000e+00
  endloop
endfacet
facet normal 0.000000e+00 0.000000e+00 -1.000000e+00
  outer loop
    vertex 9.441635e-01 -2.816723e+00 0.000000e+00
    vertex 9.225185e-01 -2.764726e+00 0.000000e+00
    vertex 9.393038e-01 -2.803500e+00 0.000000e+00
  endloop
endfacet
facet normal -0.000000e+00 -0.000000e+00 -1.000000e+00
  outer loop
    vertex 6.997806e-01 -2.537231e+00 0.000000e+00
    vertex 7.122366e-01 -2.543812e+00 0.000000e+00
    vertex 6.871441e-01 -2.531004e+00 0.000000e+00
  endloop
endfacet
facet normal -0.000000e+00 -0.000000e+00 -1.000000e+00
  outer loop
    vertex 6.871441e-01 -2.531004e+00 0.000000e+00
    vertex 7.122366e-01 -2.543812e+00 0.000000e+00
    vertex 6.743373e-01 -2.525136e+00 0.000000e+00
  endloop
endfacet
facet normal -0.000000e+00 -0.000000e+00 -1.000000e+00
  outer loop
    vertex 7.122366e-01 -2.543812e+00 0.000000e+00
    vertex 7.245022e-01 -2.550740e+00 0.000000e+00
    vertex 6.743373e-01 -2.525136e+00 0.000000e+00
  endloop
endfacet
facet normal 0.000000e+00 0.000000e+00 -1.000000e+00
  outer loop
    vertex 9.527557e-01 -2.843552e+00 0.000000e+00
    vertex 9.025195e-01 -2.727508e+00 0.000000e+00
    vertex 9.441635e-01 -2.816723e+00 0.000000e+00
  endloop
endfacet
facet normal 0.000000e+00 0.000000e+00 -1.000000e+00
  outer loop
    vertex 9.441635e-01 -2.816723e+00 0.000000e+00
    vertex 9.025195e-01 -2.727508e+00 0.000000e+00
    vertex 9.225185e-01 -2.764726e+00 0.000000e+00
  endloop
endfacet
facet normal 0.000000e+00 0.000000e+00 -1.000000e+00
  outer loop
    vertex 9.225185e-01 -2.764726e+00 0.000000e+00
    vertex 9.025195e-01 -2.727508e+00 0.000000e+00
    vertex 9.162026e-01 -2.752134e+00 0.000000e+00
  endloop
endfacet
facet normal 0.000000e+00 0.000000e+00 -1.000000e+00
  outer loop
    vertex 9.162026e-01 -2.752134e+00 0.000000e+00
    vertex 9.025195e-01 -2.727508e+00 0.000000e+00
    vertex 9.095345e-01 -2.739725e+00 0.000000e+00
  endloop
endfacet
facet normal -0.000000e+00 -0.000000e+00 -1.000000e+00
  outer loop
    vertex 6.743373e-01 -2.525136e+00 0.000000e+00
    vertex 7.365678e-01 -2.558012e+00 0.000000e+00
    vertex 6.349966e-01 -2.509726e+00 0.000000e+00
  endloop
endfacet
facet normal -0.000000e+00 -0.000000e+00 -1.000000e+00
  outer loop
    vertex 7.245022e-01 -2.550740e+00 0.000000e+00
    vertex 7.365678e-01 -2.558012e+00 0.000000e+00
    vertex 6.743373e-01 -2.525136e+00 0.000000e+00
  endloop
endfacet
facet normal -0.000000e+00 -0.000000e+00 -1.000000e+00
  outer loop
    vertex 6.349966e-01 -2.509726e+00 0.000000e+00
    vertex 7.365678e-01 -2.558012e+00 0.000000e+00
    vertex 4.267500e-01 -2.484669e+00 0.000000e+00
  endloop
endfacet
facet normal -0.000000e+00 -0.000000e+00 -1.000000e+00
  outer loop
    vertex 7.484237e-01 -2.565621e+00 0.000000e+00
    vertex 7.600606e-01 -2.573560e+00 0.000000e+00
    vertex 7.365678e-01 -2.558012e+00 0.000000e+00
  endloop
endfacet
facet normal 0.000000e+00 0.000000e+00 -1.000000e+00
  outer loop
    vertex 9.025195e-01 -2.727508e+00 0.000000e+00
    vertex 8.794498e-01 -2.692112e+00 0.000000e+00
    vertex 8.951631e-01 -2.715494e+00 0.000000e+00
  endloop
endfacet
facet normal 0.000000e+00 0.000000e+00 -1.000000e+00
  outer loop
    vertex 8.951631e-01 -2.715494e+00 0.000000e+00
    vertex 8.794498e-01 -2.692112e+00 0.000000e+00
    vertex 8.874711e-01 -2.703692e+00 0.000000e+00
  endloop
endfacet
facet normal -0.000000e+00 -0.000000e+00 -1.000000e+00
  outer loop
    vertex 7.600606e-01 -2.573560e+00 0.000000e+00
    vertex 7.714692e-01 -2.581825e+00 0.000000e+00
    vertex 7.365678e-01 -2.558012e+00 0.000000e+00
  endloop
endfacet
facet normal 0.000000e+00 0.000000e+00 -1.000000e+00
  outer loop
    vertex 8.794498e-01 -2.692112e+00 0.000000e+00
    vertex 8.624444e-01 -2.669651e+00 0.000000e+00
    vertex 8.711053e-01 -2.680761e+00 0.000000e+00
  endloop
endfacet
facet normal 0.000000e+00 0.000000e+00 -1.000000e+00
  outer loop
    vertex 9.025195e-01 -2.727508e+00 0.000000e+00
    vertex 8.624444e-01 -2.669651e+00 0.000000e+00
    vertex 8.794498e-01 -2.692112e+00 0.000000e+00
  endloop
endfacet
facet normal -0.000000e+00 -0.000000e+00 -1.000000e+00
  outer loop
    vertex 7.935655e-01 -2.599301e+00 0.000000e+00
    vertex 8.042356e-01 -2.608499e+00 0.000000e+00
    vertex 7.826404e-01 -2.590407e+00 0.000000e+00
  endloop
endfacet
facet normal -0.000000e+00 -0.000000e+00 -1.000000e+00
  outer loop
    vertex 7.826404e-01 -2.590407e+00 0.000000e+00
    vertex 8.042356e-01 -2.608499e+00 0.000000e+00
    vertex 7.714692e-01 -2.581825e+00 0.000000e+00
  endloop
endfacet
facet normal -0.000000e+00 -0.000000e+00 -1.000000e+00
  outer loop
    vertex 7.365678e-01 -2.558012e+00 0.000000e+00
    vertex 8.042356e-01 -2.608499e+00 0.000000e+00
    vertex 4.267500e-01 -2.484669e+00 0.000000e+00
  endloop
endfacet
facet normal -0.000000e+00 -0.000000e+00 -1.000000e+00
  outer loop
    vertex 7.714692e-01 -2.581825e+00 0.000000e+00
    vertex 8.042356e-01 -2.608499e+00 0.000000e+00
    vertex 7.365678e-01 -2.558012e+00 0.000000e+00
  endloop
endfacet
facet normal 0.000000e+00 0.000000e+00 -1.000000e+00
  outer loop
    vertex 8.624444e-01 -2.669651e+00 0.000000e+00
    vertex 8.442010e-01 -2.648184e+00 0.000000e+00
    vertex 8.534739e-01 -2.658789e+00 0.000000e+00
  endloop
endfacet
facet normal 0.000000e+00 0.000000e+00 -1.000000e+00
  outer loop
    vertex 9.527557e-01 -2.843552e+00 0.000000e+00
    vertex 8.442010e-01 -2.648184e+00 0.000000e+00
    vertex 9.025195e-01 -2.727508e+00 0.000000e+00
  endloop
endfacet
facet normal 0.000000e+00 0.000000e+00 -1.000000e+00
  outer loop
    vertex 9.025195e-01 -2.727508e+00 0.000000e+00
    vertex 8.442010e-01 -2.648184e+00 0.000000e+00
    vertex 8.624444e-01 -2.669651e+00 0.000000e+00
  endloop
endfacet
facet normal 0.000000e+00 -0.000000e+00 -1.000000e+00
  outer loop
    vertex 4.267500e-01 -2.484669e+00 0.000000e+00
    vertex 8.146424e-01 -2.617994e+00 0.000000e+00
    vertex 3.166238e-01 -2.507483e+00 0.000000e+00
  endloop
endfacet
facet normal -0.000000e+00 -0.000000e+00 -1.000000e+00
  outer loop
    vertex 8.042356e-01 -2.608499e+00 0.000000e+00
    vertex 8.146424e-01 -2.617994e+00 0.000000e+00
    vertex 4.267500e-01 -2.484669e+00 0.000000e+00
  endloop
endfacet
facet normal 0.000000e+00 0.000000e+00 -1.000000e+00
  outer loop
    vertex 3.166238e-01 -2.507483e+00 0.000000e+00
    vertex 8.146424e-01 -2.617994e+00 0.000000e+00
    vertex 9.527557e-01 -2.843552e+00 0.000000e+00
  endloop
endfacet
facet normal 0.000000e+00 0.000000e+00 -1.000000e+00
  outer loop
    vertex 8.442010e-01 -2.648184e+00 0.000000e+00
    vertex 8.247775e-01 -2.627778e+00 0.000000e+00
    vertex 8.346331e-01 -2.637844e+00 0.000000e+00
  endloop
endfacet
facet normal 0.000000e+00 0.000000e+00 -1.000000e+00
  outer loop
    vertex 9.527557e-01 -2.843552e+00 0.000000e+00
    vertex 8.247775e-01 -2.627778e+00 0.000000e+00
    vertex 8.442010e-01 -2.648184e+00 0.000000e+00
  endloop
endfacet
facet normal 0.000000e+00 0.000000e+00 -1.000000e+00
  outer loop
    vertex 8.146424e-01 -2.617994e+00 0.000000e+00
    vertex 8.247775e-01 -2.627778e+00 0.000000e+00
    vertex 9.527557e-01 -2.843552e+00 0.000000e+00
  endloop
endfacet
facet normal 0.000000e+00 0.000000e+00 1.000000e+00
  outer loop
    vertex 9.606827e-02 -3.311695e+00 1.030000e+02
    vertex 1.054897e-01 -3.322169e+00 1.030000e+02
    vertex 1.152024e-01 -3.332373e+00 1.030000e+02
  endloop
endfacet
facet normal 0.000000e+00 0.000000e+00 1.000000e+00
  outer loop
    vertex 9.606827e-02 -3.311695e+00 1.030000e+02
    vertex 1.152024e-01 -3.332373e+00 1.030000e+02
    vertex 1.251987e-01 -3.342299e+00 1.030000e+02
  endloop
endfacet
facet normal 0.000000e+00 0.000000e+00 1.000000e+00
  outer loop
    vertex 9.606827e-02 -3.311695e+00 1.030000e+02
    vertex 1.251987e-01 -3.342299e+00 1.030000e+02
    vertex 1.354707e-01 -3.351939e+00 1.030000e+02
  endloop
endfacet
facet normal 0.000000e+00 0.000000e+00 1.000000e+00
  outer loop
    vertex 1.678580e-01 -3.379073e+00 1.030000e+02
    vertex 1.460102e-01 -3.361287e+00 1.030000e+02
    vertex 1.568088e-01 -3.370333e+00 1.030000e+02
  endloop
endfacet
facet normal 0.000000e+00 0.000000e+00 1.000000e+00
  outer loop
    vertex 6.144187e-02 -3.267275e+00 1.030000e+02
    vertex 6.962560e-02 -3.278742e+00 1.030000e+02
    vertex 7.812912e-02 -3.289973e+00 1.030000e+02
  endloop
endfacet
facet normal 0.000000e+00 0.000000e+00 1.000000e+00
  outer loop
    vertex 6.144187e-02 -3.267275e+00 1.030000e+02
    vertex 7.812912e-02 -3.289973e+00 1.030000e+02
    vertex 8.694568e-02 -3.300961e+00 1.030000e+02
  endloop
endfacet
facet normal 0.000000e+00 0.000000e+00 1.000000e+00
  outer loop
    vertex 6.144187e-02 -3.267275e+00 1.030000e+02
    vertex 8.694568e-02 -3.300961e+00 1.030000e+02
    vertex 9.606827e-02 -3.311695e+00 1.030000e+02
  endloop
endfacet
facet normal 0.000000e+00 0.000000e+00 1.000000e+00
  outer loop
    vertex 1.906730e-01 -3.395599e+00 1.030000e+02
    vertex 9.606827e-02 -3.311695e+00 1.030000e+02
    vertex 1.354707e-01 -3.351939e+00 1.030000e+02
  endloop
endfacet
facet normal 0.000000e+00 0.000000e+00 1.000000e+00
  outer loop
    vertex 1.906730e-01 -3.395599e+00 1.030000e+02
    vertex 1.354707e-01 -3.351939e+00 1.030000e+02
    vertex 1.460102e-01 -3.361287e+00 1.030000e+02
  endloop
endfacet
facet normal 0.000000e+00 0.000000e+00 1.000000e+00
  outer loop
    vertex 1.906730e-01 -3.395599e+00 1.030000e+02
    vertex 1.678580e-01 -3.379073e+00 1.030000e+02
    vertex 1.791491e-01 -3.387497e+00 1.030000e+02
  endloop
endfacet
facet normal 0.000000e+00 0.000000e+00 1.000000e+00
  outer loop
    vertex 1.906730e-01 -3.395599e+00 1.030000e+02
    vertex 1.460102e-01 -3.361287e+00 1.030000e+02
    vertex 1.678580e-01 -3.379073e+00 1.030000e+02
  endloop
endfacet
facet normal 0.000000e+00 0.000000e+00 1.000000e+00
  outer loop
    vertex 4.605949e-02 -3.243674e+00 1.030000e+02
    vertex 5.358442e-02 -3.255583e+00 1.030000e+02
    vertex 6.144187e-02 -3.267275e+00 1.030000e+02
  endloop
endfacet
facet normal 0.000000e+00 0.000000e+00 1.000000e+00
  outer loop
    vertex 4.605949e-02 -3.243674e+00 1.030000e+02
    vertex 9.606827e-02 -3.311695e+00 1.030000e+02
    vertex 1.906730e-01 -3.395599e+00 1.030000e+02
  endloop
endfacet
facet normal 0.000000e+00 0.000000e+00 1.000000e+00
  outer loop
    vertex 4.605949e-02 -3.243674e+00 1.030000e+02
    vertex 6.144187e-02 -3.267275e+00 1.030000e+02
    vertex 9.606827e-02 -3.311695e+00 1.030000e+02
  endloop
endfacet
facet normal 0.000000e+00 0.000000e+00 1.000000e+00
  outer loop
    vertex 2.389114e-01 -3.424671e+00 1.030000e+02
    vertex 2.024206e-01 -3.403374e+00 1.030000e+02
    vertex 2.143825e-01 -3.410815e+00 1.030000e+02
  endloop
endfacet
facet normal 0.000000e+00 0.000000e+00 1.000000e+00
  outer loop
    vertex 2.389114e-01 -3.424671e+00 1.030000e+02
    vertex 2.143825e-01 -3.410815e+00 1.030000e+02
    vertex 2.265493e-01 -3.417916e+00 1.030000e+02
  endloop
endfacet
facet normal 0.000000e+00 0.000000e+00 1.000000e+00
  outer loop
    vertex 2.553821e-02 -3.206741e+00 1.030000e+02
    vertex 3.203082e-02 -3.219243e+00 1.030000e+02
    vertex 3.887305e-02 -3.231557e+00 1.030000e+02
  endloop
endfacet
facet normal 0.000000e+00 0.000000e+00 1.000000e+00
  outer loop
    vertex 2.553821e-02 -3.206741e+00 1.030000e+02
    vertex 3.887305e-02 -3.231557e+00 1.030000e+02
    vertex 4.605949e-02 -3.243674e+00 1.030000e+02
  endloop
endfacet
facet normal 0.000000e+00 0.000000e+00 1.000000e+00
  outer loop
    vertex 2.770700e-01 -3.442812e+00 1.030000e+02
    vertex 1.906730e-01 -3.395599e+00 1.030000e+02
    vertex 2.024206e-01 -3.403374e+00 1.030000e+02
  endloop
endfacet
facet normal 0.000000e+00 0.000000e+00 1.000000e+00
  outer loop
    vertex 2.770700e-01 -3.442812e+00 1.030000e+02
    vertex 2.389114e-01 -3.424671e+00 1.030000e+02
    vertex 2.514588e-01 -3.431076e+00 1.030000e+02
  endloop
endfacet
facet normal 0.000000e+00 0.000000e+00 1.000000e+00
  outer loop
    vertex 2.770700e-01 -3.442812e+00 1.030000e+02
    vertex 2.514588e-01 -3.431076e+00 1.030000e+02
    vertex 2.641817e-01 -3.437124e+00 1.030000e+02
  endloop
endfacet
facet normal 0.000000e+00 0.000000e+00 1.000000e+00
  outer loop
    vertex 2.770700e-01 -3.442812e+00 1.030000e+02
    vertex 2.024206e-01 -3.403374e+00 1.030000e+02
    vertex 2.389114e-01 -3.424671e+00 1.030000e+02
  endloop
endfacet
facet normal 0.000000e+00 0.000000e+00 1.000000e+00
  outer loop
    vertex 8.208302e-03 -3.168208e+00 1.030000e+02
    vertex 1.362222e-02 -3.181213e+00 1.030000e+02
    vertex 1.940039e-02 -3.194061e+00 1.030000e+02
  endloop
endfacet
facet normal 0.000000e+00 0.000000e+00 1.000000e+00
  outer loop
    vertex 3.162919e-03 -3.155055e+00 1.030000e+02
    vertex 1.940039e-02 -3.194061e+00 1.030000e+02
    vertex 2.553821e-02 -3.206741e+00 1.030000e+02
  endloop
endfacet
facet normal 0.000000e+00 0.000000e+00 1.000000e+00
  outer loop
    vertex 3.162919e-03 -3.155055e+00 1.030000e+02
    vertex 2.553821e-02 -3.206741e+00 1.030000e+02
    vertex 4.605949e-02 -3.243674e+00 1.030000e+02
  endloop
endfacet
facet normal 0.000000e+00 0.000000e+00 1.000000e+00
  outer loop
    vertex 3.162919e-03 -3.155055e+00 1.030000e+02
    vertex 8.208302e-03 -3.168208e+00 1.030000e+02
    vertex 1.940039e-02 -3.194061e+00 1.030000e+02
  endloop
endfacet
facet normal 0.000000e+00 0.000000e+00 1.000000e+00
  outer loop
    vertex 3.166238e-01 -3.457666e+00 1.030000e+02
    vertex 2.770700e-01 -3.442812e+00 1.030000e+02
    vertex 2.901133e-01 -3.448134e+00 1.030000e+02
  endloop
endfacet
facet normal 0.000000e+00 0.000000e+00 1.000000e+00
  outer loop
    vertex 3.166238e-01 -3.457666e+00 1.030000e+02
    vertex 2.901133e-01 -3.448134e+00 1.030000e+02
    vertex 3.033015e-01 -3.453086e+00 1.030000e+02
  endloop
endfacet
facet normal 0.000000e+00 0.000000e+00 1.000000e+00
  outer loop
    vertex -9.723413e-03 -3.114817e+00 1.030000e+02
    vertex -5.806498e-03 -3.128349e+00 1.030000e+02
    vertex -1.509917e-03 -3.141765e+00 1.030000e+02
  endloop
endfacet
facet normal 0.000000e+00 0.000000e+00 1.000000e+00
  outer loop
    vertex -9.723413e-03 -3.114817e+00 1.030000e+02
    vertex -1.509917e-03 -3.141765e+00 1.030000e+02
    vertex 3.162919e-03 -3.155055e+00 1.030000e+02
  endloop
endfacet
facet normal 0.000000e+00 0.000000e+00 1.000000e+00
  outer loop
    vertex -9.723413e-03 -3.114817e+00 1.030000e+02
    vertex 4.605949e-02 -3.243674e+00 1.030000e+02
    vertex 1.906730e-01 -3.395599e+00 1.030000e+02
  endloop
endfacet
facet normal 0.000000e+00 0.000000e+00 1.000000e+00
  outer loop
    vertex -9.723413e-03 -3.114817e+00 1.030000e+02
    vertex 3.162919e-03 -3.155055e+00 1.030000e+02
    vertex 4.605949e-02 -3.243674e+00 1.030000e+02
  endloop
endfacet
facet normal 0.000000e+00 0.000000e+00 1.000000e+00
  outer loop
    vertex -1.916659e-02 -3.073635e+00 1.030000e+02
    vertex -1.640611e-02 -3.087449e+00 1.030000e+02
    vertex -1.325755e-02 -3.101180e+00 1.030000e+02
  endloop
endfacet
facet normal 0.000000e+00 0.000000e+00 1.000000e+00
  outer loop
    vertex 3.848768e-01 -3.474842e+00 1.030000e+02
    vertex 3.166238e-01 -3.457666e+00 1.030000e+02
    vertex 3.300699e-01 -3.461867e+00 1.030000e+02
  endloop
endfacet
facet normal 0.000000e+00 0.000000e+00 1.000000e+00
  outer loop
    vertex 3.848768e-01 -3.474842e+00 1.030000e+02
    vertex 3.300699e-01 -3.461867e+00 1.030000e+02
    vertex 3.436291e-01 -3.465689e+00 1.030000e+02
  endloop
endfacet
facet normal 0.000000e+00 0.000000e+00 1.000000e+00
  outer loop
    vertex 3.848768e-01 -3.474842e+00 1.030000e+02
    vertex 3.436291e-01 -3.465689e+00 1.030000e+02
    vertex 3.572906e-01 -3.469127e+00 1.030000e+02
  endloop
endfacet
facet normal 0.000000e+00 0.000000e+00 1.000000e+00
  outer loop
    vertex 3.848768e-01 -3.474842e+00 1.030000e+02
    vertex 3.572906e-01 -3.469127e+00 1.030000e+02
    vertex 3.710434e-01 -3.472179e+00 1.030000e+02
  endloop
endfacet
facet normal 0.000000e+00 0.000000e+00 1.000000e+00
  outer loop
    vertex 3.848768e-01 -3.474842e+00 1.030000e+02
    vertex 1.906730e-01 -3.395599e+00 1.030000e+02
    vertex 2.770700e-01 -3.442812e+00 1.030000e+02
  endloop
endfacet
facet normal 0.000000e+00 0.000000e+00 1.000000e+00
  outer loop
    vertex 3.848768e-01 -3.474842e+00 1.030000e+02
    vertex 2.770700e-01 -3.442812e+00 1.030000e+02
    vertex 3.166238e-01 -3.457666e+00 1.030000e+02
  endloop
endfacet
facet normal 0.000000e+00 0.000000e+00 1.000000e+00
  outer loop
    vertex -2.351485e-02 -3.045800e+00 1.030000e+02
    vertex -2.153680e-02 -3.059748e+00 1.030000e+02
    vertex -1.916659e-02 -3.073635e+00 1.030000e+02
  endloop
endfacet
facet normal 0.000000e+00 0.000000e+00 1.000000e+00
  outer loop
    vertex -2.509918e-02 -3.031802e+00 1.030000e+02
    vertex -2.351485e-02 -3.045800e+00 1.030000e+02
    vertex -1.916659e-02 -3.073635e+00 1.030000e+02
  endloop
endfacet
facet normal 0.000000e+00 0.000000e+00 1.000000e+00
  outer loop
    vertex -2.628853e-02 -3.017765e+00 1.030000e+02
    vertex -1.916659e-02 -3.073635e+00 1.030000e+02
    vertex -1.325755e-02 -3.101180e+00 1.030000e+02
  endloop
endfacet
facet normal 0.000000e+00 0.000000e+00 1.000000e+00
  outer loop
    vertex -2.628853e-02 -3.017765e+00 1.030000e+02
    vertex 1.906730e-01 -3.395599e+00 1.030000e+02
    vertex 3.848768e-01 -3.474842e+00 1.030000e+02
  endloop
endfacet
facet normal 0.000000e+00 0.000000e+00 1.000000e+00
  outer loop
    vertex -2.628853e-02 -3.017765e+00 1.030000e+02
    vertex -2.509918e-02 -3.031802e+00 1.030000e+02
    vertex -1.916659e-02 -3.073635e+00 1.030000e+02
  endloop
endfacet
facet normal 0.000000e+00 0.000000e+00 1.000000e+00
  outer loop
    vertex -2.628853e-02 -3.017765e+00 1.030000e+02
    vertex -1.325755e-02 -3.101180e+00 1.030000e+02
    vertex -9.723413e-03 -3.114817e+00 1.030000e+02
  endloop
endfacet
facet normal 0.000000e+00 0.000000e+00 1.000000e+00
  outer loop
    vertex -2.628853e-02 -3.017765e+00 1.030000e+02
    vertex 3.848768e-01 -3.474842e+00 1.030000e+02
    vertex 3.987797e-01 -3.477114e+00 1.030000e+02
  endloop
endfacet
facet normal 0.000000e+00 0.000000e+00 1.000000e+00
  outer loop
    vertex -2.628853e-02 -3.017765e+00 1.030000e+02
    vertex 3.987797e-01 -3.477114e+00 1.030000e+02
    vertex 4.127411e-01 -3.478994e+00 1.030000e+02
  endloop
endfacet
facet normal 0.000000e+00 0.000000e+00 1.000000e+00
  outer loop
    vertex -2.628853e-02 -3.017765e+00 1.030000e+02
    vertex 4.127411e-01 -3.478994e+00 1.030000e+02
    vertex 4.267500e-01 -3.480479e+00 1.030000e+02
  endloop
endfacet
facet normal 0.000000e+00 0.000000e+00 1.000000e+00
  outer loop
    vertex -2.628853e-02 -3.017765e+00 1.030000e+02
    vertex -9.723413e-03 -3.114817e+00 1.030000e+02
    vertex 1.906730e-01 -3.395599e+00 1.030000e+02
  endloop
endfacet
facet normal 0.000000e+00 0.000000e+00 1.000000e+00
  outer loop
    vertex 4.407951e-01 -3.481570e+00 1.030000e+02
    vertex -2.628853e-02 -3.017765e+00 1.030000e+02
    vertex 4.267500e-01 -3.480479e+00 1.030000e+02
  endloop
endfacet
facet normal 0.000000e+00 0.000000e+00 1.000000e+00
  outer loop
    vertex -2.708196e-02 -3.003700e+00 1.030000e+02
    vertex -2.628853e-02 -3.017765e+00 1.030000e+02
    vertex 4.407951e-01 -3.481570e+00 1.030000e+02
  endloop
endfacet
facet normal 0.000000e+00 0.000000e+00 1.000000e+00
  outer loop
    vertex -2.708196e-02 -2.961449e+00 1.030000e+02
    vertex -2.747883e-02 -2.975531e+00 1.030000e+02
    vertex -2.747883e-02 -2.989618e+00 1.030000e+02
  endloop
endfacet
facet normal 0.000000e+00 0.000000e+00 1.000000e+00
  outer loop
    vertex 4.971153e-01 -3.481967e+00 1.030000e+02
    vertex 4.689496e-01 -3.482562e+00 1.030000e+02
    vertex 4.830367e-01 -3.482463e+00 1.030000e+02
  endloop
endfacet
facet normal 0.000000e+00 0.000000e+00 1.000000e+00
  outer loop
    vertex -2.351485e-02 -2.919349e+00 1.030000e+02
    vertex -2.509918e-02 -2.933347e+00 1.030000e+02
    vertex -2.628853e-02 -2.947384e+00 1.030000e+02
  endloop
endfacet
facet normal 0.000000e+00 0.000000e+00 1.000000e+00
  outer loop
    vertex -2.351485e-02 -2.919349e+00 1.030000e+02
    vertex -2.628853e-02 -2.947384e+00 1.030000e+02
    vertex -2.708196e-02 -2.961449e+00 1.030000e+02
  endloop
endfacet
facet normal 0.000000e+00 0.000000e+00 1.000000e+00
  outer loop
    vertex -2.351485e-02 -2.919349e+00 1.030000e+02
    vertex -2.708196e-02 -2.961449e+00 1.030000e+02
    vertex -2.747883e-02 -2.989618e+00 1.030000e+02
  endloop
endfacet
facet normal 0.000000e+00 0.000000e+00 1.000000e+00
  outer loop
    vertex 5.391893e-01 -3.478103e+00 1.030000e+02
    vertex 4.689496e-01 -3.482562e+00 1.030000e+02
    vertex 4.971153e-01 -3.481967e+00 1.030000e+02
  endloop
endfacet
facet normal 0.000000e+00 0.000000e+00 1.000000e+00
  outer loop
    vertex 5.391893e-01 -3.478103e+00 1.030000e+02
    vertex 4.548654e-01 -3.482264e+00 1.030000e+02
    vertex 4.689496e-01 -3.482562e+00 1.030000e+02
  endloop
endfacet
facet normal 0.000000e+00 0.000000e+00 1.000000e+00
  outer loop
    vertex 5.391893e-01 -3.478103e+00 1.030000e+02
    vertex 4.971153e-01 -3.481967e+00 1.030000e+02
    vertex 5.111744e-01 -3.481074e+00 1.030000e+02
  endloop
endfacet
facet normal 0.000000e+00 0.000000e+00 1.000000e+00
  outer loop
    vertex 5.391893e-01 -3.478103e+00 1.030000e+02
    vertex 5.111744e-01 -3.481074e+00 1.030000e+02
    vertex 5.252028e-01 -3.479786e+00 1.030000e+02
  endloop
endfacet
facet normal 0.000000e+00 0.000000e+00 1.000000e+00
  outer loop
    vertex -1.640611e-02 -2.877700e+00 1.030000e+02
    vertex -1.916659e-02 -2.891514e+00 1.030000e+02
    vertex -2.153680e-02 -2.905401e+00 1.030000e+02
  endloop
endfacet
facet normal 0.000000e+00 0.000000e+00 1.000000e+00
  outer loop
    vertex 5.807869e-01 -3.470701e+00 1.030000e+02
    vertex 4.548654e-01 -3.482264e+00 1.030000e+02
    vertex 5.391893e-01 -3.478103e+00 1.030000e+02
  endloop
endfacet
facet normal 0.000000e+00 0.000000e+00 1.000000e+00
  outer loop
    vertex 5.807869e-01 -3.470701e+00 1.030000e+02
    vertex 5.391893e-01 -3.478103e+00 1.030000e+02
    vertex 5.531229e-01 -3.476027e+00 1.030000e+02
  endloop
endfacet
facet normal 0.000000e+00 0.000000e+00 1.000000e+00
  outer loop
    vertex 5.807869e-01 -3.470701e+00 1.030000e+02
    vertex 5.531229e-01 -3.476027e+00 1.030000e+02
    vertex 5.669924e-01 -3.473559e+00 1.030000e+02
  endloop
endfacet
facet normal 0.000000e+00 0.000000e+00 1.000000e+00
  outer loop
    vertex -1.325755e-02 -2.863969e+00 1.030000e+02
    vertex -1.640611e-02 -2.877700e+00 1.030000e+02
    vertex -2.153680e-02 -2.905401e+00 1.030000e+02
  endloop
endfacet
facet normal 0.000000e+00 0.000000e+00 1.000000e+00
  outer loop
    vertex -9.723413e-03 -2.850332e+00 1.030000e+02
    vertex -2.153680e-02 -2.905401e+00 1.030000e+02
    vertex -2.351485e-02 -2.919349e+00 1.030000e+02
  endloop
endfacet
facet normal 0.000000e+00 0.000000e+00 1.000000e+00
  outer loop
    vertex -9.723413e-03 -2.850332e+00 1.030000e+02
    vertex -1.325755e-02 -2.863969e+00 1.030000e+02
    vertex -2.153680e-02 -2.905401e+00 1.030000e+02
  endloop
endfacet
facet normal 0.000000e+00 0.000000e+00 1.000000e+00
  outer loop
    vertex 6.081071e-01 -3.463826e+00 1.030000e+02
    vertex 4.548654e-01 -3.482264e+00 1.030000e+02
    vertex 5.807869e-01 -3.470701e+00 1.030000e+02
  endloop
endfacet
facet normal 0.000000e+00 0.000000e+00 1.000000e+00
  outer loop
    vertex 6.081071e-01 -3.463826e+00 1.030000e+02
    vertex 4.407951e-01 -3.481570e+00 1.030000e+02
    vertex 4.548654e-01 -3.482264e+00 1.030000e+02
  endloop
endfacet
facet normal 0.000000e+00 0.000000e+00 1.000000e+00
  outer loop
    vertex 6.081071e-01 -3.463826e+00 1.030000e+02
    vertex 5.807869e-01 -3.470701e+00 1.030000e+02
    vertex 5.944954e-01 -3.467456e+00 1.030000e+02
  endloop
endfacet
facet normal 0.000000e+00 0.000000e+00 1.000000e+00
  outer loop
    vertex 6.216110e-01 -3.459814e+00 1.030000e+02
    vertex 4.407951e-01 -3.481570e+00 1.030000e+02
    vertex 6.081071e-01 -3.463826e+00 1.030000e+02
  endloop
endfacet
facet normal 0.000000e+00 0.000000e+00 1.000000e+00
  outer loop
    vertex -1.509917e-03 -2.823384e+00 1.030000e+02
    vertex -5.806498e-03 -2.836800e+00 1.030000e+02
    vertex -9.723413e-03 -2.850332e+00 1.030000e+02
  endloop
endfacet
facet normal 0.000000e+00 0.000000e+00 1.000000e+00
  outer loop
    vertex 6.349966e-01 -3.455423e+00 1.030000e+02
    vertex 4.407951e-01 -3.481570e+00 1.030000e+02
    vertex 6.216110e-01 -3.459814e+00 1.030000e+02
  endloop
endfacet
facet normal 0.000000e+00 0.000000e+00 1.000000e+00
  outer loop
    vertex 3.162919e-03 -2.810094e+00 1.030000e+02
    vertex -1.509917e-03 -2.823384e+00 1.030000e+02
    vertex -9.723413e-03 -2.850332e+00 1.030000e+02
  endloop
endfacet
facet normal 0.000000e+00 0.000000e+00 1.000000e+00
  outer loop
    vertex 6.482532e-01 -3.450656e+00 1.030000e+02
    vertex 4.407951e-01 -3.481570e+00 1.030000e+02
    vertex 6.349966e-01 -3.455423e+00 1.030000e+02
  endloop
endfacet
facet normal 0.000000e+00 0.000000e+00 1.000000e+00
  outer loop
    vertex 8.208302e-03 -2.796941e+00 1.030000e+02
    vertex 3.162919e-03 -2.810094e+00 1.030000e+02
    vertex -9.723413e-03 -2.850332e+00 1.030000e+02
  endloop
endfacet
facet normal 0.000000e+00 0.000000e+00 1.000000e+00
  outer loop
    vertex 1.362222e-02 -2.783936e+00 1.030000e+02
    vertex 8.208302e-03 -2.796941e+00 1.030000e+02
    vertex -9.723413e-03 -2.850332e+00 1.030000e+02
  endloop
endfacet
facet normal 0.000000e+00 0.000000e+00 1.000000e+00
  outer loop
    vertex 2.553821e-02 -2.758408e+00 1.030000e+02
    vertex 1.940039e-02 -2.771088e+00 1.030000e+02
    vertex 1.362222e-02 -2.783936e+00 1.030000e+02
  endloop
endfacet
facet normal 0.000000e+00 0.000000e+00 1.000000e+00
  outer loop
    vertex 6.997806e-01 -3.427918e+00 1.030000e+02
    vertex 6.482532e-01 -3.450656e+00 1.030000e+02
    vertex 6.613702e-01 -3.445519e+00 1.030000e+02
  endloop
endfacet
facet normal 0.000000e+00 0.000000e+00 1.000000e+00
  outer loop
    vertex 6.997806e-01 -3.427918e+00 1.030000e+02
    vertex 6.613702e-01 -3.445519e+00 1.030000e+02
    vertex 6.743373e-01 -3.440013e+00 1.030000e+02
  endloop
endfacet
facet normal 0.000000e+00 0.000000e+00 1.000000e+00
  outer loop
    vertex 6.997806e-01 -3.427918e+00 1.030000e+02
    vertex 6.743373e-01 -3.440013e+00 1.030000e+02
    vertex 6.871441e-01 -3.434145e+00 1.030000e+02
  endloop
endfacet
facet normal 0.000000e+00 0.000000e+00 1.000000e+00
  outer loop
    vertex 3.203082e-02 -2.745906e+00 1.030000e+02
    vertex 2.553821e-02 -2.758408e+00 1.030000e+02
    vertex 1.362222e-02 -2.783936e+00 1.030000e+02
  endloop
endfacet
facet normal 0.000000e+00 0.000000e+00 1.000000e+00
  outer loop
    vertex 3.203082e-02 -2.745906e+00 1.030000e+02
    vertex -9.723413e-03 -2.850332e+00 1.030000e+02
    vertex -2.351485e-02 -2.919349e+00 1.030000e+02
  endloop
endfacet
facet normal 0.000000e+00 0.000000e+00 1.000000e+00
  outer loop
    vertex 3.203082e-02 -2.745906e+00 1.030000e+02
    vertex 1.362222e-02 -2.783936e+00 1.030000e+02
    vertex -9.723413e-03 -2.850332e+00 1.030000e+02
  endloop
endfacet
facet normal 0.000000e+00 0.000000e+00 1.000000e+00
  outer loop
    vertex 7.122366e-01 -3.421337e+00 1.030000e+02
    vertex 6.482532e-01 -3.450656e+00 1.030000e+02
    vertex 6.997806e-01 -3.427918e+00 1.030000e+02
  endloop
endfacet
facet normal 0.000000e+00 0.000000e+00 1.000000e+00
  outer loop
    vertex 3.887305e-02 -2.733592e+00 1.030000e+02
    vertex 3.203082e-02 -2.745906e+00 1.030000e+02
    vertex -2.351485e-02 -2.919349e+00 1.030000e+02
  endloop
endfacet
facet normal 0.000000e+00 0.000000e+00 1.000000e+00
  outer loop
    vertex 7.484237e-01 -3.399528e+00 1.030000e+02
    vertex 6.482532e-01 -3.450656e+00 1.030000e+02
    vertex 7.122366e-01 -3.421337e+00 1.030000e+02
  endloop
endfacet
facet normal 0.000000e+00 0.000000e+00 1.000000e+00
  outer loop
    vertex 7.484237e-01 -3.399528e+00 1.030000e+02
    vertex -2.708196e-02 -3.003700e+00 1.030000e+02
    vertex 4.407951e-01 -3.481570e+00 1.030000e+02
  endloop
endfacet
facet normal 0.000000e+00 0.000000e+00 1.000000e+00
  outer loop
    vertex 7.484237e-01 -3.399528e+00 1.030000e+02
    vertex 4.407951e-01 -3.481570e+00 1.030000e+02
    vertex 6.482532e-01 -3.450656e+00 1.030000e+02
  endloop
endfacet
facet normal 0.000000e+00 0.000000e+00 1.000000e+00
  outer loop
    vertex 7.484237e-01 -3.399528e+00 1.030000e+02
    vertex 7.122366e-01 -3.421337e+00 1.030000e+02
    vertex 7.245022e-01 -3.414408e+00 1.030000e+02
  endloop
endfacet
facet normal 0.000000e+00 0.000000e+00 1.000000e+00
  outer loop
    vertex 7.484237e-01 -3.399528e+00 1.030000e+02
    vertex 7.245022e-01 -3.414408e+00 1.030000e+02
    vertex 7.365678e-01 -3.407137e+00 1.030000e+02
  endloop
endfacet
facet normal 0.000000e+00 0.000000e+00 1.000000e+00
  outer loop
    vertex 7.826404e-01 -3.374742e+00 1.030000e+02
    vertex 7.600606e-01 -3.391589e+00 1.030000e+02
    vertex 7.714692e-01 -3.383324e+00 1.030000e+02
  endloop
endfacet
facet normal 0.000000e+00 0.000000e+00 1.000000e+00
  outer loop
    vertex 8.146424e-01 -3.347155e+00 1.030000e+02
    vertex 3.887305e-02 -2.733592e+00 1.030000e+02
    vertex -2.351485e-02 -2.919349e+00 1.030000e+02
  endloop
endfacet
facet normal 0.000000e+00 0.000000e+00 1.000000e+00
  outer loop
    vertex 8.146424e-01 -3.347155e+00 1.030000e+02
    vertex -2.747883e-02 -2.989618e+00 1.030000e+02
    vertex -2.708196e-02 -3.003700e+00 1.030000e+02
  endloop
endfacet
facet normal 0.000000e+00 0.000000e+00 1.000000e+00
  outer loop
    vertex 8.146424e-01 -3.347155e+00 1.030000e+02
    vertex 7.600606e-01 -3.391589e+00 1.030000e+02
    vertex 7.826404e-01 -3.374742e+00 1.030000e+02
  endloop
endfacet
facet normal 0.000000e+00 0.000000e+00 1.000000e+00
  outer loop
    vertex 8.146424e-01 -3.347155e+00 1.030000e+02
    vertex -2.351485e-02 -2.919349e+00 1.030000e+02
    vertex -2.747883e-02 -2.989618e+00 1.030000e+02
  endloop
endfacet
facet normal 0.000000e+00 0.000000e+00 1.000000e+00
  outer loop
    vertex 8.146424e-01 -3.347155e+00 1.030000e+02
    vertex 7.484237e-01 -3.399528e+00 1.030000e+02
    vertex 7.600606e-01 -3.391589e+00 1.030000e+02
  endloop
endfacet
facet normal 0.000000e+00 0.000000e+00 1.000000e+00
  outer loop
    vertex 8.146424e-01 -3.347155e+00 1.030000e+02
    vertex -2.708196e-02 -3.003700e+00 1.030000e+02
    vertex 7.484237e-01 -3.399528e+00 1.030000e+02
  endloop
endfacet
facet normal 0.000000e+00 0.000000e+00 1.000000e+00
  outer loop
    vertex 8.146424e-01 -3.347155e+00 1.030000e+02
    vertex 7.826404e-01 -3.374742e+00 1.030000e+02
    vertex 7.935655e-01 -3.365848e+00 1.030000e+02
  endloop
endfacet
facet normal 0.000000e+00 0.000000e+00 1.000000e+00
  outer loop
    vertex 8.146424e-01 -3.347155e+00 1.030000e+02
    vertex 7.935655e-01 -3.365848e+00 1.030000e+02
    vertex 8.042356e-01 -3.356650e+00 1.030000e+02
  endloop
endfacet
facet normal 0.000000e+00 0.000000e+00 1.000000e+00
  outer loop
    vertex 8.146424e-01 -3.347155e+00 1.030000e+02
    vertex 4.605949e-02 -2.721475e+00 1.030000e+02
    vertex 3.887305e-02 -2.733592e+00 1.030000e+02
  endloop
endfacet
facet normal 0.000000e+00 0.000000e+00 1.000000e+00
  outer loop
    vertex 1.152024e-01 -2.632776e+00 1.030000e+02
    vertex 1.054897e-01 -2.642980e+00 1.030000e+02
    vertex 9.606827e-02 -2.653454e+00 1.030000e+02
  endloop
endfacet
facet normal 0.000000e+00 0.000000e+00 1.000000e+00
  outer loop
    vertex 1.152024e-01 -2.632776e+00 1.030000e+02
    vertex 9.606827e-02 -2.653454e+00 1.030000e+02
    vertex 8.694568e-02 -2.664188e+00 1.030000e+02
  endloop
endfacet
facet normal 0.000000e+00 0.000000e+00 1.000000e+00
  outer loop
    vertex 1.152024e-01 -2.632776e+00 1.030000e+02
    vertex 8.694568e-02 -2.664188e+00 1.030000e+02
    vertex 7.812912e-02 -2.675176e+00 1.030000e+02
  endloop
endfacet
facet normal 0.000000e+00 0.000000e+00 1.000000e+00
  outer loop
    vertex 8.247775e-01 -3.337371e+00 1.030000e+02
    vertex 4.605949e-02 -2.721475e+00 1.030000e+02
    vertex 8.146424e-01 -3.347155e+00 1.030000e+02
  endloop
endfacet
facet normal 0.000000e+00 0.000000e+00 1.000000e+00
  outer loop
    vertex 1.354707e-01 -2.613210e+00 1.030000e+02
    vertex 1.251987e-01 -2.622850e+00 1.030000e+02
    vertex 1.152024e-01 -2.632776e+00 1.030000e+02
  endloop
endfacet
facet normal 0.000000e+00 0.000000e+00 1.000000e+00
  outer loop
    vertex 8.442010e-01 -3.316965e+00 1.030000e+02
    vertex 8.247775e-01 -3.337371e+00 1.030000e+02
    vertex 8.346331e-01 -3.327305e+00 1.030000e+02
  endloop
endfacet
facet normal 0.000000e+00 0.000000e+00 1.000000e+00
  outer loop
    vertex 8.534739e-01 -3.306360e+00 1.030000e+02
    vertex 8.247775e-01 -3.337371e+00 1.030000e+02
    vertex 8.442010e-01 -3.316965e+00 1.030000e+02
  endloop
endfacet
facet normal 0.000000e+00 0.000000e+00 1.000000e+00
  outer loop
    vertex 8.624444e-01 -3.295498e+00 1.030000e+02
    vertex 4.605949e-02 -2.721475e+00 1.030000e+02
    vertex 8.247775e-01 -3.337371e+00 1.030000e+02
  endloop
endfacet
facet normal 0.000000e+00 0.000000e+00 1.000000e+00
  outer loop
    vertex 8.624444e-01 -3.295498e+00 1.030000e+02
    vertex 8.247775e-01 -3.337371e+00 1.030000e+02
    vertex 8.534739e-01 -3.306360e+00 1.030000e+02
  endloop
endfacet
facet normal 0.000000e+00 0.000000e+00 1.000000e+00
  outer loop
    vertex 8.794498e-01 -3.273037e+00 1.030000e+02
    vertex 8.624444e-01 -3.295498e+00 1.030000e+02
    vertex 8.711053e-01 -3.284387e+00 1.030000e+02
  endloop
endfacet
facet normal 0.000000e+00 0.000000e+00 1.000000e+00
  outer loop
    vertex 1.906730e-01 -2.569550e+00 1.030000e+02
    vertex 1.152024e-01 -2.632776e+00 1.030000e+02
    vertex 7.812912e-02 -2.675176e+00 1.030000e+02
  endloop
endfacet
facet normal 0.000000e+00 0.000000e+00 1.000000e+00
  outer loop
    vertex 1.906730e-01 -2.569550e+00 1.030000e+02
    vertex 1.354707e-01 -2.613210e+00 1.030000e+02
    vertex 1.152024e-01 -2.632776e+00 1.030000e+02
  endloop
endfacet
facet normal 0.000000e+00 0.000000e+00 1.000000e+00
  outer loop
    vertex 1.906730e-01 -2.569550e+00 1.030000e+02
    vertex 1.791491e-01 -2.577652e+00 1.030000e+02
    vertex 1.678580e-01 -2.586076e+00 1.030000e+02
  endloop
endfacet
facet normal 0.000000e+00 0.000000e+00 1.000000e+00
  outer loop
    vertex 1.906730e-01 -2.569550e+00 1.030000e+02
    vertex 1.678580e-01 -2.586076e+00 1.030000e+02
    vertex 1.568088e-01 -2.594815e+00 1.030000e+02
  endloop
endfacet
facet normal 0.000000e+00 0.000000e+00 1.000000e+00
  outer loop
    vertex 1.906730e-01 -2.569550e+00 1.030000e+02
    vertex 1.568088e-01 -2.594815e+00 1.030000e+02
    vertex 1.460102e-01 -2.603862e+00 1.030000e+02
  endloop
endfacet
facet normal 0.000000e+00 0.000000e+00 1.000000e+00
  outer loop
    vertex 1.906730e-01 -2.569550e+00 1.030000e+02
    vertex 1.460102e-01 -2.603862e+00 1.030000e+02
    vertex 1.354707e-01 -2.613210e+00 1.030000e+02
  endloop
endfacet
facet normal 0.000000e+00 0.000000e+00 1.000000e+00
  outer loop
    vertex 1.906730e-01 -2.569550e+00 1.030000e+02
    vertex 7.812912e-02 -2.675176e+00 1.030000e+02
    vertex 6.962560e-02 -2.686407e+00 1.030000e+02
  endloop
endfacet
facet normal 0.000000e+00 0.000000e+00 1.000000e+00
  outer loop
    vertex 1.906730e-01 -2.569550e+00 1.030000e+02
    vertex 6.962560e-02 -2.686407e+00 1.030000e+02
    vertex 6.144187e-02 -2.697874e+00 1.030000e+02
  endloop
endfacet
facet normal 0.000000e+00 0.000000e+00 1.000000e+00
  outer loop
    vertex 8.874711e-01 -3.261457e+00 1.030000e+02
    vertex 8.624444e-01 -3.295498e+00 1.030000e+02
    vertex 8.794498e-01 -3.273037e+00 1.030000e+02
  endloop
endfacet
facet normal 0.000000e+00 0.000000e+00 1.000000e+00
  outer loop
    vertex 8.951631e-01 -3.249655e+00 1.030000e+02
    vertex 8.624444e-01 -3.295498e+00 1.030000e+02
    vertex 8.874711e-01 -3.261457e+00 1.030000e+02
  endloop
endfacet
facet normal 0.000000e+00 0.000000e+00 1.000000e+00
  outer loop
    vertex 9.025195e-01 -3.237641e+00 1.030000e+02
    vertex 8.624444e-01 -3.295498e+00 1.030000e+02
    vertex 8.951631e-01 -3.249655e+00 1.030000e+02
  endloop
endfacet
facet normal 0.000000e+00 0.000000e+00 1.000000e+00
  outer loop
    vertex 2.265493e-01 -2.547233e+00 1.030000e+02
    vertex 2.143825e-01 -2.554334e+00 1.030000e+02
    vertex 2.024206e-01 -2.561775e+00 1.030000e+02
  endloop
endfacet
facet normal 0.000000e+00 0.000000e+00 1.000000e+00
  outer loop
    vertex 2.265493e-01 -2.547233e+00 1.030000e+02
    vertex 2.024206e-01 -2.561775e+00 1.030000e+02
    vertex 1.906730e-01 -2.569550e+00 1.030000e+02
  endloop
endfacet
facet normal 0.000000e+00 0.000000e+00 1.000000e+00
  outer loop
    vertex 2.389114e-01 -2.540478e+00 1.030000e+02
    vertex 2.265493e-01 -2.547233e+00 1.030000e+02
    vertex 1.906730e-01 -2.569550e+00 1.030000e+02
  endloop
endfacet
facet normal 0.000000e+00 0.000000e+00 1.000000e+00
  outer loop
    vertex 9.162026e-01 -3.213015e+00 1.030000e+02
    vertex 9.025195e-01 -3.237641e+00 1.030000e+02
    vertex 9.095345e-01 -3.225424e+00 1.030000e+02
  endloop
endfacet
facet normal 0.000000e+00 0.000000e+00 1.000000e+00
  outer loop
    vertex 9.225185e-01 -3.200423e+00 1.030000e+02
    vertex 9.025195e-01 -3.237641e+00 1.030000e+02
    vertex 9.162026e-01 -3.213015e+00 1.030000e+02
  endloop
endfacet
facet normal 0.000000e+00 0.000000e+00 1.000000e+00
  outer loop
    vertex 2.641817e-01 -2.528025e+00 1.030000e+02
    vertex 1.906730e-01 -2.569550e+00 1.030000e+02
    vertex 6.144187e-02 -2.697874e+00 1.030000e+02
  endloop
endfacet
facet normal 0.000000e+00 0.000000e+00 1.000000e+00
  outer loop
    vertex 2.641817e-01 -2.528025e+00 1.030000e+02
    vertex 2.514588e-01 -2.534073e+00 1.030000e+02
    vertex 2.389114e-01 -2.540478e+00 1.030000e+02
  endloop
endfacet
facet normal 0.000000e+00 0.000000e+00 1.000000e+00
  outer loop
    vertex 2.641817e-01 -2.528025e+00 1.030000e+02
    vertex 2.389114e-01 -2.540478e+00 1.030000e+02
    vertex 1.906730e-01 -2.569550e+00 1.030000e+02
  endloop
endfacet
facet normal 0.000000e+00 0.000000e+00 1.000000e+00
  outer loop
    vertex 2.641817e-01 -2.528025e+00 1.030000e+02
    vertex 6.144187e-02 -2.697874e+00 1.030000e+02
    vertex 5.358442e-02 -2.709566e+00 1.030000e+02
  endloop
endfacet
facet normal 0.000000e+00 0.000000e+00 1.000000e+00
  outer loop
    vertex 9.284771e-01 -3.187657e+00 1.030000e+02
    vertex 4.605949e-02 -2.721475e+00 1.030000e+02
    vertex 8.624444e-01 -3.295498e+00 1.030000e+02
  endloop
endfacet
facet normal 0.000000e+00 0.000000e+00 1.000000e+00
  outer loop
    vertex 9.284771e-01 -3.187657e+00 1.030000e+02
    vertex 8.624444e-01 -3.295498e+00 1.030000e+02
    vertex 9.025195e-01 -3.237641e+00 1.030000e+02
  endloop
endfacet
facet normal 0.000000e+00 0.000000e+00 1.000000e+00
  outer loop
    vertex 9.284771e-01 -3.187657e+00 1.030000e+02
    vertex 9.025195e-01 -3.237641e+00 1.030000e+02
    vertex 9.225185e-01 -3.200423e+00 1.030000e+02
  endloop
endfacet
facet normal 0.000000e+00 0.000000e+00 1.000000e+00
  outer loop
    vertex 2.901133e-01 -2.517015e+00 1.030000e+02
    vertex 2.770700e-01 -2.522337e+00 1.030000e+02
    vertex 2.641817e-01 -2.528025e+00 1.030000e+02
  endloop
endfacet
facet normal 0.000000e+00 0.000000e+00 1.000000e+00
  outer loop
    vertex 9.441635e-01 -3.148426e+00 1.030000e+02
    vertex 9.284771e-01 -3.187657e+00 1.030000e+02
    vertex 9.340737e-01 -3.174729e+00 1.030000e+02
  endloop
endfacet
facet normal 0.000000e+00 0.000000e+00 1.000000e+00
  outer loop
    vertex 9.441635e-01 -3.148426e+00 1.030000e+02
    vertex 9.340737e-01 -3.174729e+00 1.030000e+02
    vertex 9.393038e-01 -3.161649e+00 1.030000e+02
  endloop
endfacet
facet normal 0.000000e+00 0.000000e+00 1.000000e+00
  outer loop
    vertex 3.166238e-01 -2.507483e+00 1.030000e+02
    vertex 2.901133e-01 -2.517015e+00 1.030000e+02
    vertex 2.641817e-01 -2.528025e+00 1.030000e+02
  endloop
endfacet
facet normal 0.000000e+00 0.000000e+00 1.000000e+00
  outer loop
    vertex 3.166238e-01 -2.507483e+00 1.030000e+02
    vertex 3.033015e-01 -2.512062e+00 1.030000e+02
    vertex 2.901133e-01 -2.517015e+00 1.030000e+02
  endloop
endfacet
facet normal 0.000000e+00 0.000000e+00 1.000000e+00
  outer loop
    vertex 9.486486e-01 -3.135072e+00 1.030000e+02
    vertex 9.284771e-01 -3.187657e+00 1.030000e+02
    vertex 9.441635e-01 -3.148426e+00 1.030000e+02
  endloop
endfacet
facet normal 0.000000e+00 0.000000e+00 1.000000e+00
  outer loop
    vertex 3.436291e-01 -2.499460e+00 1.030000e+02
    vertex 3.300699e-01 -2.503281e+00 1.030000e+02
    vertex 3.166238e-01 -2.507483e+00 1.030000e+02
  endloop
endfacet
facet normal 0.000000e+00 0.000000e+00 1.000000e+00
  outer loop
    vertex 3.710434e-01 -2.492970e+00 1.030000e+02
    vertex 3.436291e-01 -2.499460e+00 1.030000e+02
    vertex 3.166238e-01 -2.507483e+00 1.030000e+02
  endloop
endfacet
facet normal 0.000000e+00 0.000000e+00 1.000000e+00
  outer loop
    vertex 3.710434e-01 -2.492970e+00 1.030000e+02
    vertex 3.572906e-01 -2.496022e+00 1.030000e+02
    vertex 3.436291e-01 -2.499460e+00 1.030000e+02
  endloop
endfacet
facet normal 0.000000e+00 0.000000e+00 1.000000e+00
  outer loop
    vertex 9.627781e-01 -3.080551e+00 1.030000e+02
    vertex 9.284771e-01 -3.187657e+00 1.030000e+02
    vertex 9.486486e-01 -3.135072e+00 1.030000e+02
  endloop
endfacet
facet normal 0.000000e+00 0.000000e+00 1.000000e+00
  outer loop
    vertex 9.627781e-01 -3.080551e+00 1.030000e+02
    vertex 9.486486e-01 -3.135072e+00 1.030000e+02
    vertex 9.527557e-01 -3.121596e+00 1.030000e+02
  endloop
endfacet
facet normal 0.000000e+00 0.000000e+00 1.000000e+00
  outer loop
    vertex 9.627781e-01 -3.080551e+00 1.030000e+02
    vertex 9.527557e-01 -3.121596e+00 1.030000e+02
    vertex 9.564816e-01 -3.108011e+00 1.030000e+02
  endloop
endfacet
facet normal 0.000000e+00 0.000000e+00 1.000000e+00
  outer loop
    vertex 9.627781e-01 -3.080551e+00 1.030000e+02
    vertex 9.564816e-01 -3.108011e+00 1.030000e+02
    vertex 9.598233e-01 -3.094325e+00 1.030000e+02
  endloop
endfacet
facet normal 0.000000e+00 0.000000e+00 1.000000e+00
  outer loop
    vertex 9.692994e-01 -3.038807e+00 1.030000e+02
    vertex 9.627781e-01 -3.080551e+00 1.030000e+02
    vertex 9.653437e-01 -3.066699e+00 1.030000e+02
  endloop
endfacet
facet normal 0.000000e+00 0.000000e+00 1.000000e+00
  outer loop
    vertex 9.692994e-01 -3.038807e+00 1.030000e+02
    vertex 9.653437e-01 -3.066699e+00 1.030000e+02
    vertex 9.675181e-01 -3.052781e+00 1.030000e+02
  endloop
endfacet
facet normal 0.000000e+00 0.000000e+00 1.000000e+00
  outer loop
    vertex 4.267500e-01 -2.484669e+00 1.030000e+02
    vertex 3.710434e-01 -2.492970e+00 1.030000e+02
    vertex 3.166238e-01 -2.507483e+00 1.030000e+02
  endloop
endfacet
facet normal 0.000000e+00 0.000000e+00 1.000000e+00
  outer loop
    vertex 4.267500e-01 -2.484669e+00 1.030000e+02
    vertex 4.127411e-01 -2.486155e+00 1.030000e+02
    vertex 3.987797e-01 -2.488035e+00 1.030000e+02
  endloop
endfacet
facet normal 0.000000e+00 0.000000e+00 1.000000e+00
  outer loop
    vertex 4.267500e-01 -2.484669e+00 1.030000e+02
    vertex 3.987797e-01 -2.488035e+00 1.030000e+02
    vertex 3.848768e-01 -2.490307e+00 1.030000e+02
  endloop
endfacet
facet normal 0.000000e+00 0.000000e+00 1.000000e+00
  outer loop
    vertex 4.267500e-01 -2.484669e+00 1.030000e+02
    vertex 3.848768e-01 -2.490307e+00 1.030000e+02
    vertex 3.710434e-01 -2.492970e+00 1.030000e+02
  endloop
endfacet
facet normal 0.000000e+00 0.000000e+00 1.000000e+00
  outer loop
    vertex 9.706864e-01 -3.024788e+00 1.030000e+02
    vertex 9.627781e-01 -3.080551e+00 1.030000e+02
    vertex 9.692994e-01 -3.038807e+00 1.030000e+02
  endloop
endfacet
facet normal 0.000000e+00 0.000000e+00 1.000000e+00
  outer loop
    vertex 9.716779e-01 -3.010735e+00 1.030000e+02
    vertex 9.284771e-01 -3.187657e+00 1.030000e+02
    vertex 9.627781e-01 -3.080551e+00 1.030000e+02
  endloop
endfacet
facet normal 0.000000e+00 0.000000e+00 1.000000e+00
  outer loop
    vertex 9.716779e-01 -3.010735e+00 1.030000e+02
    vertex 9.627781e-01 -3.080551e+00 1.030000e+02
    vertex 9.706864e-01 -3.024788e+00 1.030000e+02
  endloop
endfacet
facet normal 0.000000e+00 0.000000e+00 1.000000e+00
  outer loop
    vertex 9.724716e-01 -2.982574e+00 1.030000e+02
    vertex 9.716779e-01 -3.010735e+00 1.030000e+02
    vertex 9.722731e-01 -2.996660e+00 1.030000e+02
  endloop
endfacet
facet normal 0.000000e+00 0.000000e+00 1.000000e+00
  outer loop
    vertex 9.724716e-01 -2.982574e+00 1.030000e+02
    vertex 9.284771e-01 -3.187657e+00 1.030000e+02
    vertex 9.716779e-01 -3.010735e+00 1.030000e+02
  endloop
endfacet
facet normal 0.000000e+00 0.000000e+00 1.000000e+00
  outer loop
    vertex 9.724716e-01 -2.982574e+00 1.030000e+02
    vertex 4.605949e-02 -2.721475e+00 1.030000e+02
    vertex 9.284771e-01 -3.187657e+00 1.030000e+02
  endloop
endfacet
facet normal 0.000000e+00 0.000000e+00 1.000000e+00
  outer loop
    vertex 9.724716e-01 -2.982574e+00 1.030000e+02
    vertex 5.358442e-02 -2.709566e+00 1.030000e+02
    vertex 4.605949e-02 -2.721475e+00 1.030000e+02
  endloop
endfacet
facet normal 0.000000e+00 0.000000e+00 1.000000e+00
  outer loop
    vertex 4.830367e-01 -2.482686e+00 1.030000e+02
    vertex 4.689496e-01 -2.482587e+00 1.030000e+02
    vertex 4.548654e-01 -2.482885e+00 1.030000e+02
  endloop
endfacet
facet normal 0.000000e+00 0.000000e+00 1.000000e+00
  outer loop
    vertex 4.830367e-01 -2.482686e+00 1.030000e+02
    vertex 4.548654e-01 -2.482885e+00 1.030000e+02
    vertex 4.407951e-01 -2.483579e+00 1.030000e+02
  endloop
endfacet
facet normal 0.000000e+00 0.000000e+00 1.000000e+00
  outer loop
    vertex 9.722731e-01 -2.968489e+00 1.030000e+02
    vertex 3.166238e-01 -2.507483e+00 1.030000e+02
    vertex 2.641817e-01 -2.528025e+00 1.030000e+02
  endloop
endfacet
facet normal 0.000000e+00 0.000000e+00 1.000000e+00
  outer loop
    vertex 9.722731e-01 -2.968489e+00 1.030000e+02
    vertex 5.358442e-02 -2.709566e+00 1.030000e+02
    vertex 9.724716e-01 -2.982574e+00 1.030000e+02
  endloop
endfacet
facet normal 0.000000e+00 0.000000e+00 1.000000e+00
  outer loop
    vertex 9.722731e-01 -2.968489e+00 1.030000e+02
    vertex 2.641817e-01 -2.528025e+00 1.030000e+02
    vertex 5.358442e-02 -2.709566e+00 1.030000e+02
  endloop
endfacet
facet normal 0.000000e+00 0.000000e+00 1.000000e+00
  outer loop
    vertex 9.692994e-01 -2.926342e+00 1.030000e+02
    vertex 9.722731e-01 -2.968489e+00 1.030000e+02
    vertex 9.716779e-01 -2.954414e+00 1.030000e+02
  endloop
endfacet
facet normal 0.000000e+00 0.000000e+00 1.000000e+00
  outer loop
    vertex 9.692994e-01 -2.926342e+00 1.030000e+02
    vertex 9.716779e-01 -2.954414e+00 1.030000e+02
    vertex 9.706864e-01 -2.940361e+00 1.030000e+02
  endloop
endfacet
facet normal 0.000000e+00 0.000000e+00 1.000000e+00
  outer loop
    vertex 5.391893e-01 -2.487046e+00 1.030000e+02
    vertex 5.252028e-01 -2.485363e+00 1.030000e+02
    vertex 5.111744e-01 -2.484075e+00 1.030000e+02
  endloop
endfacet
facet normal 0.000000e+00 0.000000e+00 1.000000e+00
  outer loop
    vertex 5.391893e-01 -2.487046e+00 1.030000e+02
    vertex 5.111744e-01 -2.484075e+00 1.030000e+02
    vertex 4.971153e-01 -2.483182e+00 1.030000e+02
  endloop
endfacet
facet normal 0.000000e+00 0.000000e+00 1.000000e+00
  outer loop
    vertex 5.391893e-01 -2.487046e+00 1.030000e+02
    vertex 4.971153e-01 -2.483182e+00 1.030000e+02
    vertex 4.830367e-01 -2.482686e+00 1.030000e+02
  endloop
endfacet
facet normal 0.000000e+00 0.000000e+00 1.000000e+00
  outer loop
    vertex 5.531229e-01 -2.489122e+00 1.030000e+02
    vertex 5.391893e-01 -2.487046e+00 1.030000e+02
    vertex 4.830367e-01 -2.482686e+00 1.030000e+02
  endloop
endfacet
facet normal 0.000000e+00 0.000000e+00 1.000000e+00
  outer loop
    vertex 9.653437e-01 -2.898449e+00 1.030000e+02
    vertex 9.692994e-01 -2.926342e+00 1.030000e+02
    vertex 9.675181e-01 -2.912368e+00 1.030000e+02
  endloop
endfacet
facet normal 0.000000e+00 0.000000e+00 1.000000e+00
  outer loop
    vertex 9.653437e-01 -2.898449e+00 1.030000e+02
    vertex 9.722731e-01 -2.968489e+00 1.030000e+02
    vertex 9.692994e-01 -2.926342e+00 1.030000e+02
  endloop
endfacet
facet normal 0.000000e+00 0.000000e+00 1.000000e+00
  outer loop
    vertex 5.807869e-01 -2.494448e+00 1.030000e+02
    vertex 5.669924e-01 -2.491590e+00 1.030000e+02
    vertex 5.531229e-01 -2.489122e+00 1.030000e+02
  endloop
endfacet
facet normal 0.000000e+00 0.000000e+00 1.000000e+00
  outer loop
    vertex 5.807869e-01 -2.494448e+00 1.030000e+02
    vertex 4.830367e-01 -2.482686e+00 1.030000e+02
    vertex 4.407951e-01 -2.483579e+00 1.030000e+02
  endloop
endfacet
facet normal 0.000000e+00 0.000000e+00 1.000000e+00
  outer loop
    vertex 5.807869e-01 -2.494448e+00 1.030000e+02
    vertex 5.531229e-01 -2.489122e+00 1.030000e+02
    vertex 4.830367e-01 -2.482686e+00 1.030000e+02
  endloop
endfacet
facet normal 0.000000e+00 0.000000e+00 1.000000e+00
  outer loop
    vertex 9.564816e-01 -2.857138e+00 1.030000e+02
    vertex 9.627781e-01 -2.884598e+00 1.030000e+02
    vertex 9.598233e-01 -2.870823e+00 1.030000e+02
  endloop
endfacet
facet normal 0.000000e+00 0.000000e+00 1.000000e+00
  outer loop
    vertex 6.081071e-01 -2.501323e+00 1.030000e+02
    vertex 5.944954e-01 -2.497693e+00 1.030000e+02
    vertex 5.807869e-01 -2.494448e+00 1.030000e+02
  endloop
endfacet
facet normal 0.000000e+00 0.000000e+00 1.000000e+00
  outer loop
    vertex 9.527557e-01 -2.843552e+00 1.030000e+02
    vertex 9.653437e-01 -2.898449e+00 1.030000e+02
    vertex 9.627781e-01 -2.884598e+00 1.030000e+02
  endloop
endfacet
facet normal 0.000000e+00 0.000000e+00 1.000000e+00
  outer loop
    vertex 9.527557e-01 -2.843552e+00 1.030000e+02
    vertex 3.166238e-01 -2.507483e+00 1.030000e+02
    vertex 9.722731e-01 -2.968489e+00 1.030000e+02
  endloop
endfacet
facet normal 0.000000e+00 0.000000e+00 1.000000e+00
  outer loop
    vertex 9.527557e-01 -2.843552e+00 1.030000e+02
    vertex 9.722731e-01 -2.968489e+00 1.030000e+02
    vertex 9.653437e-01 -2.898449e+00 1.030000e+02
  endloop
endfacet
facet normal 0.000000e+00 0.000000e+00 1.000000e+00
  outer loop
    vertex 9.527557e-01 -2.843552e+00 1.030000e+02
    vertex 9.627781e-01 -2.884598e+00 1.030000e+02
    vertex 9.564816e-01 -2.857138e+00 1.030000e+02
  endloop
endfacet
facet normal 0.000000e+00 0.000000e+00 1.000000e+00
  outer loop
    vertex 6.349966e-01 -2.509726e+00 1.030000e+02
    vertex 6.216110e-01 -2.505335e+00 1.030000e+02
    vertex 6.081071e-01 -2.501323e+00 1.030000e+02
  endloop
endfacet
facet normal 0.000000e+00 0.000000e+00 1.000000e+00
  outer loop
    vertex 6.349966e-01 -2.509726e+00 1.030000e+02
    vertex 4.407951e-01 -2.483579e+00 1.030000e+02
    vertex 4.267500e-01 -2.484669e+00 1.030000e+02
  endloop
endfacet
facet normal 0.000000e+00 0.000000e+00 1.000000e+00
  outer loop
    vertex 6.349966e-01 -2.509726e+00 1.030000e+02
    vertex 6.081071e-01 -2.501323e+00 1.030000e+02
    vertex 5.807869e-01 -2.494448e+00 1.030000e+02
  endloop
endfacet
facet normal 0.000000e+00 0.000000e+00 1.000000e+00
  outer loop
    vertex 6.349966e-01 -2.509726e+00 1.030000e+02
    vertex 5.807869e-01 -2.494448e+00 1.030000e+02
    vertex 4.407951e-01 -2.483579e+00 1.030000e+02
  endloop
endfacet
facet normal 0.000000e+00 0.000000e+00 1.000000e+00
  outer loop
    vertex 9.441635e-01 -2.816723e+00 1.030000e+02
    vertex 9.527557e-01 -2.843552e+00 1.030000e+02
    vertex 9.486486e-01 -2.830077e+00 1.030000e+02
  endloop
endfacet
facet normal 0.000000e+00 0.000000e+00 1.000000e+00
  outer loop
    vertex 6.743373e-01 -2.525136e+00 1.030000e+02
    vertex 6.613702e-01 -2.519630e+00 1.030000e+02
    vertex 6.482532e-01 -2.514492e+00 1.030000e+02
  endloop
endfacet
facet normal 0.000000e+00 0.000000e+00 1.000000e+00
  outer loop
    vertex 6.743373e-01 -2.525136e+00 1.030000e+02
    vertex 6.482532e-01 -2.514492e+00 1.030000e+02
    vertex 6.349966e-01 -2.509726e+00 1.030000e+02
  endloop
endfacet
facet normal 0.000000e+00 0.000000e+00 1.000000e+00
  outer loop
    vertex 9.284771e-01 -2.777492e+00 1.030000e+02
    vertex 9.393038e-01 -2.803500e+00 1.030000e+02
    vertex 9.340737e-01 -2.790420e+00 1.030000e+02
  endloop
endfacet
facet normal 0.000000e+00 0.000000e+00 1.000000e+00
  outer loop
    vertex 9.225185e-01 -2.764726e+00 1.030000e+02
    vertex 9.393038e-01 -2.803500e+00 1.030000e+02
    vertex 9.284771e-01 -2.777492e+00 1.030000e+02
  endloop
endfacet
facet normal 0.000000e+00 0.000000e+00 1.000000e+00
  outer loop
    vertex 9.225185e-01 -2.764726e+00 1.030000e+02
    vertex 9.441635e-01 -2.816723e+00 1.030000e+02
    vertex 9.393038e-01 -2.803500e+00 1.030000e+02
  endloop
endfacet
facet normal 0.000000e+00 0.000000e+00 1.000000e+00
  outer loop
    vertex 7.122366e-01 -2.543812e+00 1.030000e+02
    vertex 6.997806e-01 -2.537231e+00 1.030000e+02
    vertex 6.871441e-01 -2.531004e+00 1.030000e+02
  endloop
endfacet
facet normal 0.000000e+00 0.000000e+00 1.000000e+00
  outer loop
    vertex 7.122366e-01 -2.543812e+00 1.030000e+02
    vertex 6.871441e-01 -2.531004e+00 1.030000e+02
    vertex 6.743373e-01 -2.525136e+00 1.030000e+02
  endloop
endfacet
facet normal 0.000000e+00 0.000000e+00 1.000000e+00
  outer loop
    vertex 7.245022e-01 -2.550740e+00 1.030000e+02
    vertex 7.122366e-01 -2.543812e+00 1.030000e+02
    vertex 6.743373e-01 -2.525136e+00 1.030000e+02
  endloop
endfacet
facet normal 0.000000e+00 0.000000e+00 1.000000e+00
  outer loop
    vertex 9.025195e-01 -2.727508e+00 1.030000e+02
    vertex 9.527557e-01 -2.843552e+00 1.030000e+02
    vertex 9.441635e-01 -2.816723e+00 1.030000e+02
  endloop
endfacet
facet normal 0.000000e+00 0.000000e+00 1.000000e+00
  outer loop
    vertex 9.025195e-01 -2.727508e+00 1.030000e+02
    vertex 9.441635e-01 -2.816723e+00 1.030000e+02
    vertex 9.225185e-01 -2.764726e+00 1.030000e+02
  endloop
endfacet
facet normal 0.000000e+00 0.000000e+00 1.000000e+00
  outer loop
    vertex 9.025195e-01 -2.727508e+00 1.030000e+02
    vertex 9.225185e-01 -2.764726e+00 1.030000e+02
    vertex 9.162026e-01 -2.752134e+00 1.030000e+02
  endloop
endfacet
facet normal 0.000000e+00 0.000000e+00 1.000000e+00
  outer loop
    vertex 9.025195e-01 -2.727508e+00 1.030000e+02
    vertex 9.162026e-01 -2.752134e+00 1.030000e+02
    vertex 9.095345e-01 -2.739725e+00 1.030000e+02
  endloop
endfacet
facet normal 0.000000e+00 0.000000e+00 1.000000e+00
  outer loop
    vertex 7.365678e-01 -2.558012e+00 1.030000e+02
    vertex 6.743373e-01 -2.525136e+00 1.030000e+02
    vertex 6.349966e-01 -2.509726e+00 1.030000e+02
  endloop
endfacet
facet normal 0.000000e+00 0.000000e+00 1.000000e+00
  outer loop
    vertex 7.365678e-01 -2.558012e+00 1.030000e+02
    vertex 7.245022e-01 -2.550740e+00 1.030000e+02
    vertex 6.743373e-01 -2.525136e+00 1.030000e+02
  endloop
endfacet
facet normal 0.000000e+00 0.000000e+00 1.000000e+00
  outer loop
    vertex 7.365678e-01 -2.558012e+00 1.030000e+02
    vertex 6.349966e-01 -2.509726e+00 1.030000e+02
    vertex 4.267500e-01 -2.484669e+00 1.030000e+02
  endloop
endfacet
facet normal 0.000000e+00 0.000000e+00 1.000000e+00
  outer loop
    vertex 7.600606e-01 -2.573560e+00 1.030000e+02
    vertex 7.484237e-01 -2.565621e+00 1.030000e+02
    vertex 7.365678e-01 -2.558012e+00 1.030000e+02
  endloop
endfacet
facet normal 0.000000e+00 0.000000e+00 1.000000e+00
  outer loop
    vertex 8.794498e-01 -2.692112e+00 1.030000e+02
    vertex 9.025195e-01 -2.727508e+00 1.030000e+02
    vertex 8.951631e-01 -2.715494e+00 1.030000e+02
  endloop
endfacet
facet normal 0.000000e+00 0.000000e+00 1.000000e+00
  outer loop
    vertex 8.794498e-01 -2.692112e+00 1.030000e+02
    vertex 8.951631e-01 -2.715494e+00 1.030000e+02
    vertex 8.874711e-01 -2.703692e+00 1.030000e+02
  endloop
endfacet
facet normal 0.000000e+00 0.000000e+00 1.000000e+00
  outer loop
    vertex 7.714692e-01 -2.581825e+00 1.030000e+02
    vertex 7.600606e-01 -2.573560e+00 1.030000e+02
    vertex 7.365678e-01 -2.558012e+00 1.030000e+02
  endloop
endfacet
facet normal 0.000000e+00 0.000000e+00 1.000000e+00
  outer loop
    vertex 8.624444e-01 -2.669651e+00 1.030000e+02
    vertex 8.794498e-01 -2.692112e+00 1.030000e+02
    vertex 8.711053e-01 -2.680761e+00 1.030000e+02
  endloop
endfacet
facet normal 0.000000e+00 0.000000e+00 1.000000e+00
  outer loop
    vertex 8.624444e-01 -2.669651e+00 1.030000e+02
    vertex 9.025195e-01 -2.727508e+00 1.030000e+02
    vertex 8.794498e-01 -2.692112e+00 1.030000e+02
  endloop
endfacet
facet normal 0.000000e+00 0.000000e+00 1.000000e+00
  outer loop
    vertex 8.042356e-01 -2.608499e+00 1.030000e+02
    vertex 7.935655e-01 -2.599301e+00 1.030000e+02
    vertex 7.826404e-01 -2.590407e+00 1.030000e+02
  endloop
endfacet
facet normal 0.000000e+00 0.000000e+00 1.000000e+00
  outer loop
    vertex 8.042356e-01 -2.608499e+00 1.030000e+02
    vertex 7.826404e-01 -2.590407e+00 1.030000e+02
    vertex 7.714692e-01 -2.581825e+00 1.030000e+02
  endloop
endfacet
facet normal 0.000000e+00 0.000000e+00 1.000000e+00
  outer loop
    vertex 8.042356e-01 -2.608499e+00 1.030000e+02
    vertex 7.365678e-01 -2.558012e+00 1.030000e+02
    vertex 4.267500e-01 -2.484669e+00 1.030000e+02
  endloop
endfacet
facet normal 0.000000e+00 0.000000e+00 1.000000e+00
  outer loop
    vertex 8.042356e-01 -2.608499e+00 1.030000e+02
    vertex 7.714692e-01 -2.581825e+00 1.030000e+02
    vertex 7.365678e-01 -2.558012e+00 1.030000e+02
  endloop
endfacet
facet normal 0.000000e+00 0.000000e+00 1.000000e+00
  outer loop
    vertex 8.442010e-01 -2.648184e+00 1.030000e+02
    vertex 8.624444e-01 -2.669651e+00 1.030000e+02
    vertex 8.534739e-01 -2.658789e+00 1.030000e+02
  endloop
endfacet
facet normal 0.000000e+00 0.000000e+00 1.000000e+00
  outer loop
    vertex 8.442010e-01 -2.648184e+00 1.030000e+02
    vertex 9.527557e-01 -2.843552e+00 1.030000e+02
    vertex 9.025195e-01 -2.727508e+00 1.030000e+02
  endloop
endfacet
facet normal 0.000000e+00 0.000000e+00 1.000000e+00
  outer loop
    vertex 8.442010e-01 -2.648184e+00 1.030000e+02
    vertex 9.025195e-01 -2.727508e+00 1.030000e+02
    vertex 8.624444e-01 -2.669651e+00 1.030000e+02
  endloop
endfacet
facet normal 0.000000e+00 0.000000e+00 1.000000e+00
  outer loop
    vertex 8.146424e-01 -2.617994e+00 1.030000e+02
    vertex 4.267500e-01 -2.484669e+00 1.030000e+02
    vertex 3.166238e-01 -2.507483e+00 1.030000e+02
  endloop
endfacet
facet normal 0.000000e+00 0.000000e+00 1.000000e+00
  outer loop
    vertex 8.146424e-01 -2.617994e+00 1.030000e+02
    vertex 8.042356e-01 -2.608499e+00 1.030000e+02
    vertex 4.267500e-01 -2.484669e+00 1.030000e+02
  endloop
endfacet
facet normal 0.000000e+00 0.000000e+00 1.000000e+00
  outer loop
    vertex 8.146424e-01 -2.617994e+00 1.030000e+02
    vertex 3.166238e-01 -2.507483e+00 1.030000e+02
    vertex 9.527557e-01 -2.843552e+00 1.030000e+02
  endloop
endfacet
facet normal 0.000000e+00 0.000000e+00 1.000000e+00
  outer loop
    vertex 8.247775e-01 -2.627778e+00 1.030000e+02
    vertex 8.442010e-01 -2.648184e+00 1.030000e+02
    vertex 8.346331e-01 -2.637844e+00 1.030000e+02
  endloop
endfacet
facet normal 0.000000e+00 0.000000e+00 1.000000e+00
  outer loop
    vertex 8.247775e-01 -2.627778e+00 1.030000e+02
    vertex 9.527557e-01 -2.843552e+00 1.030000e+02
    vertex 8.442010e-01 -2.648184e+00 1.030000e+02
  endloop
endfacet
facet normal 0.000000e+00 0.000000e+00 1.000000e+00
  outer loop
    vertex 8.247775e-01 -2.627778e+00 1.030000e+02
    vertex 8.146424e-01 -2.617994e+00 1.030000e+02
    vertex 9.527557e-01 -2.843552e+00 1.030000e+02
  endloop
endfacet
facet normal 9.951847e-01 9.801714e-02 0.000000e+00
  outer loop
    vertex 9.724716e-01 -2.982574e+00 -5.000000e+00
    vertex 9.628642e-01 -2.885029e+00 -5.000000e+00
    vertex 9.628642e-01 -2.885029e+00 0.000000e+00
  endloop
endfacet
facet normal 9.951847e-01 9.801714e-02 -0.000000e+00
  outer loop
    vertex 9.724716e-01 -2.982574e+00 -5.000000e+00
    vertex 9.628642e-01 -2.885029e+00 0.000000e+00
    vertex 9.724716e-01 -2.982574e+00 0.000000e+00
  endloop
endfacet
facet normal 9.569403e-01 2.902847e-01 0.000000e+00
  outer loop
    vertex 9.628642e-01 -2.885029e+00 -5.000000e+00
    vertex 9.344113e-01 -2.791233e+00 -5.000000e+00
    vertex 9.344113e-01 -2.791233e+00 0.000000e+00
  endloop
endfacet
facet normal 9.569403e-01 2.902847e-01 -0.000000e+00
  outer loop
    vertex 9.628642e-01 -2.885029e+00 -5.000000e+00
    vertex 9.344113e-01 -2.791233e+00 0.000000e+00
    vertex 9.628642e-01 -2.885029e+00 0.000000e+00
  endloop
endfacet
facet normal 8.819213e-01 4.713967e-01 0.000000e+00
  outer loop
    vertex 9.344113e-01 -2.791233e+00 -5.000000e+00
    vertex 8.882064e-01 -2.704789e+00 -5.000000e+00
    vertex 8.882064e-01 -2.704789e+00 0.000000e+00
  endloop
endfacet
facet normal 8.819213e-01 4.713967e-01 -0.000000e+00
  outer loop
    vertex 9.344113e-01 -2.791233e+00 -5.000000e+00
    vertex 8.882064e-01 -2.704789e+00 0.000000e+00
    vertex 9.344113e-01 -2.791233e+00 0.000000e+00
  endloop
endfacet
facet normal 7.730105e-01 6.343933e-01 0.000000e+00
  outer loop
    vertex 8.882064e-01 -2.704789e+00 -5.000000e+00
    vertex 8.260249e-01 -2.629021e+00 -5.000000e+00
    vertex 8.260249e-01 -2.629021e+00 0.000000e+00
  endloop
endfacet
facet normal 7.730105e-01 6.343933e-01 -0.000000e+00
  outer loop
    vertex 8.882064e-01 -2.704789e+00 -5.000000e+00
    vertex 8.260249e-01 -2.629021e+00 0.000000e+00
    vertex 8.882064e-01 -2.704789e+00 0.000000e+00
  endloop
endfacet
facet normal 6.343933e-01 7.730105e-01 0.000000e+00
  outer loop
    vertex 8.260249e-01 -2.629021e+00 -5.000000e+00
    vertex 7.502567e-01 -2.566840e+00 -5.000000e+00
    vertex 7.502567e-01 -2.566840e+00 0.000000e+00
  endloop
endfacet
facet normal 6.343933e-01 7.730105e-01 -0.000000e+00
  outer loop
    vertex 8.260249e-01 -2.629021e+00 -5.000000e+00
    vertex 7.502567e-01 -2.566840e+00 0.000000e+00
    vertex 8.260249e-01 -2.629021e+00 0.000000e+00
  endloop
endfacet
facet normal 4.713967e-01 8.819213e-01 0.000000e+00
  outer loop
    vertex 7.502567e-01 -2.566840e+00 -5.000000e+00
    vertex 6.638133e-01 -2.520635e+00 -5.000000e+00
    vertex 6.638133e-01 -2.520635e+00 0.000000e+00
  endloop
endfacet
facet normal 4.713967e-01 8.819213e-01 -0.000000e+00
  outer loop
    vertex 7.502567e-01 -2.566840e+00 -5.000000e+00
    vertex 6.638133e-01 -2.520635e+00 0.000000e+00
    vertex 7.502567e-01 -2.566840e+00 0.000000e+00
  endloop
endfacet
facet normal 2.902847e-01 9.569403e-01 0.000000e+00
  outer loop
    vertex 6.638133e-01 -2.520635e+00 -5.000000e+00
    vertex 5.700167e-01 -2.492182e+00 -5.000000e+00
    vertex 5.700167e-01 -2.492182e+00 0.000000e+00
  endloop
endfacet
facet normal 2.902847e-01 9.569403e-01 -0.000000e+00
  outer loop
    vertex 6.638133e-01 -2.520635e+00 -5.000000e+00
    vertex 5.700167e-01 -2.492182e+00 0.000000e+00
    vertex 6.638133e-01 -2.520635e+00 0.000000e+00
  endloop
endfacet
facet normal 9.801714e-02 9.951847e-01 0.000000e+00
  outer loop
    vertex 5.700167e-01 -2.492182e+00 -5.000000e+00
    vertex 4.724716e-01 -2.482574e+00 -5.000000e+00
    vertex 4.724716e-01 -2.482574e+00 0.000000e+00
  endloop
endfacet
facet normal 9.801714e-02 9.951847e-01 -0.000000e+00
  outer loop
    vertex 5.700167e-01 -2.492182e+00 -5.000000e+00
    vertex 4.724716e-01 -2.482574e+00 0.000000e+00
    vertex 5.700167e-01 -2.492182e+00 0.000000e+00
  endloop
endfacet
facet normal -9.801714e-02 9.951847e-01 0.000000e+00
  outer loop
    vertex 4.724716e-01 -2.482574e+00 -5.000000e+00
    vertex 3.749264e-01 -2.492182e+00 -5.000000e+00
    vertex 3.749264e-01 -2.492182e+00 0.000000e+00
  endloop
endfacet
facet normal -9.801714e-02 9.951847e-01 0.000000e+00
  outer loop
    vertex 4.724716e-01 -2.482574e+00 -5.000000e+00
    vertex 3.749264e-01 -2.492182e+00 0.000000e+00
    vertex 4.724716e-01 -2.482574e+00 0.000000e+00
  endloop
endfacet
facet normal -2.902847e-01 9.569403e-01 0.000000e+00
  outer loop
    vertex 3.749264e-01 -2.492182e+00 -5.000000e+00
    vertex 2.811298e-01 -2.520635e+00 -5.000000e+00
    vertex 2.811298e-01 -2.520635e+00 0.000000e+00
  endloop
endfacet
facet normal -2.902847e-01 9.569403e-01 0.000000e+00
  outer loop
    vertex 3.749264e-01 -2.492182e+00 -5.000000e+00
    vertex 2.811298e-01 -2.520635e+00 0.000000e+00
    vertex 3.749264e-01 -2.492182e+00 0.000000e+00
  endloop
endfacet
facet normal -4.713967e-01 8.819213e-01 0.000000e+00
  outer loop
    vertex 2.811298e-01 -2.520635e+00 -5.000000e+00
    vertex 1.946864e-01 -2.566840e+00 -5.000000e+00
    vertex 1.946864e-01 -2.566840e+00 0.000000e+00
  endloop
endfacet
facet normal -4.713967e-01 8.819213e-01 0.000000e+00
  outer loop
    vertex 2.811298e-01 -2.520635e+00 -5.000000e+00
    vertex 1.946864e-01 -2.566840e+00 0.000000e+00
    vertex 2.811298e-01 -2.520635e+00 0.000000e+00
  endloop
endfacet
facet normal -6.343933e-01 7.730105e-01 0.000000e+00
  outer loop
    vertex 1.946864e-01 -2.566840e+00 -5.000000e+00
    vertex 1.189182e-01 -2.629021e+00 -5.000000e+00
    vertex 1.189182e-01 -2.629021e+00 0.000000e+00
  endloop
endfacet
facet normal -6.343933e-01 7.730105e-01 0.000000e+00
  outer loop
    vertex 1.946864e-01 -2.566840e+00 -5.000000e+00
    vertex 1.189182e-01 -2.629021e+00 0.000000e+00
    vertex 1.946864e-01 -2.566840e+00 0.000000e+00
  endloop
endfacet
facet normal -7.730105e-01 6.343933e-01 0.000000e+00
  outer loop
    vertex 1.189182e-01 -2.629021e+00 -5.000000e+00
    vertex 5.673675e-02 -2.704789e+00 -5.000000e+00
    vertex 5.673675e-02 -2.704789e+00 0.000000e+00
  endloop
endfacet
facet normal -7.730105e-01 6.343933e-01 0.000000e+00
  outer loop
    vertex 1.189182e-01 -2.629021e+00 -5.000000e+00
    vertex 5.673675e-02 -2.704789e+00 0.000000e+00
    vertex 1.189182e-01 -2.629021e+00 0.000000e+00
  endloop
endfacet
facet normal -8.819213e-01 4.713967e-01 0.000000e+00
  outer loop
    vertex 5.673675e-02 -2.704789e+00 -5.000000e+00
    vertex 1.053179e-02 -2.791233e+00 -5.000000e+00
    vertex 1.053179e-02 -2.791233e+00 0.000000e+00
  endloop
endfacet
facet normal -8.819213e-01 4.713967e-01 0.000000e+00
  outer loop
    vertex 5.673675e-02 -2.704789e+00 -5.000000e+00
    vertex 1.053179e-02 -2.791233e+00 0.000000e+00
    vertex 5.673675e-02 -2.704789e+00 0.000000e+00
  endloop
endfacet
facet normal -9.569403e-01 2.902847e-01 0.000000e+00
  outer loop
    vertex 1.053179e-02 -2.791233e+00 -5.000000e+00
    vertex -1.792108e-02 -2.885029e+00 -5.000000e+00
    vertex -1.792108e-02 -2.885029e+00 0.000000e+00
  endloop
endfacet
facet normal -9.569403e-01 2.902847e-01 0.000000e+00
  outer loop
    vertex 1.053179e-02 -2.791233e+00 -5.000000e+00
    vertex -1.792108e-02 -2.885029e+00 0.000000e+00
    vertex 1.053179e-02 -2.791233e+00 0.000000e+00
  endloop
endfacet
facet normal -9.951847e-01 9.801714e-02 0.000000e+00
  outer loop
    vertex -1.792108e-02 -2.885029e+00 -5.000000e+00
    vertex -2.752844e-02 -2.982574e+00 -5.000000e+00
    vertex -2.752844e-02 -2.982574e+00 0.000000e+00
  endloop
endfacet
facet normal -9.951847e-01 9.801714e-02 0.000000e+00
  outer loop
    vertex -1.792108e-02 -2.885029e+00 -5.000000e+00
    vertex -2.752844e-02 -2.982574e+00 0.000000e+00
    vertex -1.792108e-02 -2.885029e+00 0.000000e+00
  endloop
endfacet
facet normal -9.951847e-01 -9.801714e-02 0.000000e+00
  outer loop
    vertex -2.752844e-02 -2.982574e+00 -5.000000e+00
    vertex -1.792108e-02 -3.080120e+00 -5.000000e+00
    vertex -1.792108e-02 -3.080120e+00 0.000000e+00
  endloop
endfacet
facet normal -9.951847e-01 -9.801714e-02 0.000000e+00
  outer loop
    vertex -2.752844e-02 -2.982574e+00 -5.000000e+00
    vertex -1.792108e-02 -3.080120e+00 0.000000e+00
    vertex -2.752844e-02 -2.982574e+00 0.000000e+00
  endloop
endfacet
facet normal -9.569403e-01 -2.902847e-01 0.000000e+00
  outer loop
    vertex -1.792108e-02 -3.080120e+00 -5.000000e+00
    vertex 1.053179e-02 -3.173916e+00 -5.000000e+00
    vertex 1.053179e-02 -3.173916e+00 0.000000e+00
  endloop
endfacet
facet normal -9.569403e-01 -2.902847e-01 0.000000e+00
  outer loop
    vertex -1.792108e-02 -3.080120e+00 -5.000000e+00
    vertex 1.053179e-02 -3.173916e+00 0.000000e+00
    vertex -1.792108e-02 -3.080120e+00 0.000000e+00
  endloop
endfacet
facet normal -8.819213e-01 -4.713967e-01 0.000000e+00
  outer loop
    vertex 1.053179e-02 -3.173916e+00 -5.000000e+00
    vertex 5.673675e-02 -3.260360e+00 -5.000000e+00
    vertex 5.673675e-02 -3.260360e+00 0.000000e+00
  endloop
endfacet
facet normal -8.819213e-01 -4.713967e-01 0.000000e+00
  outer loop
    vertex 1.053179e-02 -3.173916e+00 -5.000000e+00
    vertex 5.673675e-02 -3.260360e+00 0.000000e+00
    vertex 1.053179e-02 -3.173916e+00 0.000000e+00
  endloop
endfacet
facet normal -7.730105e-01 -6.343933e-01 0.000000e+00
  outer loop
    vertex 5.673675e-02 -3.260360e+00 -5.000000e+00
    vertex 1.189182e-01 -3.336128e+00 -5.000000e+00
    vertex 1.189182e-01 -3.336128e+00 0.000000e+00
  endloop
endfacet
facet normal -7.730105e-01 -6.343933e-01 0.000000e+00
  outer loop
    vertex 5.673675e-02 -3.260360e+00 -5.000000e+00
    vertex 1.189182e-01 -3.336128e+00 0.000000e+00
    vertex 5.673675e-02 -3.260360e+00 0.000000e+00
  endloop
endfacet
facet normal -6.343933e-01 -7.730105e-01 0.000000e+00
  outer loop
    vertex 1.189182e-01 -3.336128e+00 -5.000000e+00
    vertex 1.946864e-01 -3.398309e+00 -5.000000e+00
    vertex 1.946864e-01 -3.398309e+00 0.000000e+00
  endloop
endfacet
facet normal -6.343933e-01 -7.730105e-01 0.000000e+00
  outer loop
    vertex 1.189182e-01 -3.336128e+00 -5.000000e+00
    vertex 1.946864e-01 -3.398309e+00 0.000000e+00
    vertex 1.189182e-01 -3.336128e+00 0.000000e+00
  endloop
endfacet
facet normal -4.713967e-01 -8.819213e-01 0.000000e+00
  outer loop
    vertex 1.946864e-01 -3.398309e+00 -5.000000e+00
    vertex 2.811298e-01 -3.444514e+00 -5.000000e+00
    vertex 2.811298e-01 -3.444514e+00 0.000000e+00
  endloop
endfacet
facet normal -4.713967e-01 -8.819213e-01 0.000000e+00
  outer loop
    vertex 1.946864e-01 -3.398309e+00 -5.000000e+00
    vertex 2.811298e-01 -3.444514e+00 0.000000e+00
    vertex 1.946864e-01 -3.398309e+00 0.000000e+00
  endloop
endfacet
facet normal -2.902847e-01 -9.569403e-01 0.000000e+00
  outer loop
    vertex 2.811298e-01 -3.444514e+00 -5.000000e+00
    vertex 3.749264e-01 -3.472967e+00 -5.000000e+00
    vertex 3.749264e-01 -3.472967e+00 0.000000e+00
  endloop
endfacet
facet normal -2.902847e-01 -9.569403e-01 0.000000e+00
  outer loop
    vertex 2.811298e-01 -3.444514e+00 -5.000000e+00
    vertex 3.749264e-01 -3.472967e+00 0.000000e+00
    vertex 2.811298e-01 -3.444514e+00 0.000000e+00
  endloop
endfacet
facet normal -9.801714e-02 -9.951847e-01 0.000000e+00
  outer loop
    vertex 3.749264e-01 -3.472967e+00 -5.000000e+00
    vertex 4.724716e-01 -3.482574e+00 -5.000000e+00
    vertex 4.724716e-01 -3.482574e+00 0.000000e+00
  endloop
endfacet
facet normal -9.801714e-02 -9.951847e-01 0.000000e+00
  outer loop
    vertex 3.749264e-01 -3.472967e+00 -5.000000e+00
    vertex 4.724716e-01 -3.482574e+00 0.000000e+00
    vertex 3.749264e-01 -3.472967e+00 0.000000e+00
  endloop
endfacet
facet normal 9.801714e-02 -9.951847e-01 0.000000e+00
  outer loop
    vertex 4.724716e-01 -3.482574e+00 -5.000000e+00
    vertex 5.700167e-01 -3.472967e+00 -5.000000e+00
    vertex 5.700167e-01 -3.472967e+00 0.000000e+00
  endloop
endfacet
facet normal 9.801714e-02 -9.951847e-01 0.000000e+00
  outer loop
    vertex 4.724716e-01 -3.482574e+00 -5.000000e+00
    vertex 5.700167e-01 -3.472967e+00 0.000000e+00
    vertex 4.724716e-01 -3.482574e+00 0.000000e+00
  endloop
endfacet
facet normal 2.902847e-01 -9.569403e-01 0.000000e+00
  outer loop
    vertex 5.700167e-01 -3.472967e+00 -5.000000e+00
    vertex 6.638133e-01 -3.444514e+00 -5.000000e+00
    vertex 6.638133e-01 -3.444514e+00 0.000000e+00
  endloop
endfacet
facet normal 2.902847e-01 -9.569403e-01 0.000000e+00
  outer loop
    vertex 5.700167e-01 -3.472967e+00 -5.000000e+00
    vertex 6.638133e-01 -3.444514e+00 0.000000e+00
    vertex 5.700167e-01 -3.472967e+00 0.000000e+00
  endloop
endfacet
facet normal 4.713967e-01 -8.819213e-01 0.000000e+00
  outer loop
    vertex 6.638133e-01 -3.444514e+00 -5.000000e+00
    vertex 7.502567e-01 -3.398309e+00 -5.000000e+00
    vertex 7.502567e-01 -3.398309e+00 0.000000e+00
  endloop
endfacet
facet normal 4.713967e-01 -8.819213e-01 0.000000e+00
  outer loop
    vertex 6.638133e-01 -3.444514e+00 -5.000000e+00
    vertex 7.502567e-01 -3.398309e+00 0.000000e+00
    vertex 6.638133e-01 -3.444514e+00 0.000000e+00
  endloop
endfacet
facet normal 6.343933e-01 -7.730105e-01 0.000000e+00
  outer loop
    vertex 7.502567e-01 -3.398309e+00 -5.000000e+00
    vertex 8.260249e-01 -3.336128e+00 -5.000000e+00
    vertex 8.260249e-01 -3.336128e+00 0.000000e+00
  endloop
endfacet
facet normal 6.343933e-01 -7.730105e-01 0.000000e+00
  outer loop
    vertex 7.502567e-01 -3.398309e+00 -5.000000e+00
    vertex 8.260249e-01 -3.336128e+00 0.000000e+00
    vertex 7.502567e-01 -3.398309e+00 0.000000e+00
  endloop
endfacet
facet normal 7.730105e-01 -6.343933e-01 0.000000e+00
  outer loop
    vertex 8.260249e-01 -3.336128e+00 -5.000000e+00
    vertex 8.882064e-01 -3.260360e+00 -5.000000e+00
    vertex 8.882064e-01 -3.260360e+00 0.000000e+00
  endloop
endfacet
facet normal 7.730105e-01 -6.343933e-01 0.000000e+00
  outer loop
    vertex 8.260249e-01 -3.336128e+00 -5.000000e+00
    vertex 8.882064e-01 -3.260360e+00 0.000000e+00
    vertex 8.260249e-01 -3.336128e+00 0.000000e+00
  endloop
endfacet
facet normal 8.819213e-01 -4.713967e-01 0.000000e+00
  outer loop
    vertex 8.882064e-01 -3.260360e+00 -5.000000e+00
    vertex 9.344113e-01 -3.173916e+00 -5.000000e+00
    vertex 9.344113e-01 -3.173916e+00 0.000000e+00
  endloop
endfacet
facet normal 8.819213e-01 -4.713967e-01 0.000000e+00
  outer loop
    vertex 8.882064e-01 -3.260360e+00 -5.000000e+00
    vertex 9.344113e-01 -3.173916e+00 0.000000e+00
    vertex 8.882064e-01 -3.260360e+00 0.000000e+00
  endloop
endfacet
facet normal 9.569403e-01 -2.902847e-01 0.000000e+00
  outer loop
    vertex 9.344113e-01 -3.173916e+00 -5.000000e+00
    vertex 9.628642e-01 -3.080120e+00 -5.000000e+00
    vertex 9.628642e-01 -3.080120e+00 0.000000e+00
  endloop
endfacet
facet normal 9.569403e-01 -2.902847e-01 0.000000e+00
  outer loop
    vertex 9.344113e-01 -3.173916e+00 -5.000000e+00
    vertex 9.628642e-01 -3.080120e+00 0.000000e+00
    vertex 9.344113e-01 -3.173916e+00 0.000000e+00
  endloop
endfacet
facet normal 9.951847e-01 -9.801714e-02 0.000000e+00
  outer loop
    vertex 9.628642e-01 -3.080120e+00 -5.000000e+00
    vertex 9.724716e-01 -2.982574e+00 -5.000000e+00
    vertex 9.724716e-01 -2.982574e+00 0.000000e+00
  endloop
endfacet
facet normal 9.951847e-01 -9.801714e-02 0.000000e+00
  outer loop
    vertex 9.628642e-01 -3.080120e+00 -5.000000e+00
    vertex 9.724716e-01 -2.982574e+00 0.000000e+00
    vertex 9.628642e-01 -3.080120e+00 0.000000e+00
  endloop
endfacet
facet normal 0.000000e+00 0.000000e+00 -1.000000e+00
  outer loop
    vertex 4.724716e-01 -2.982574e+00 -5.000000e+00
    vertex 9.628642e-01 -2.885029e+00 -5.000000e+00
    vertex 9.724716e-01 -2.982574e+00 -5.000000e+00
  endloop
endfacet
facet normal 0.000000e+00 0.000000e+00 -1.000000e+00
  outer loop
    vertex 4.724716e-01 -2.982574e+00 -5.000000e+00
    vertex 9.344113e-01 -2.791233e+00 -5.000000e+00
    vertex 9.628642e-01 -2.885029e+00 -5.000000e+00
  endloop
endfacet
facet normal 0.000000e+00 0.000000e+00 -1.000000e+00
  outer loop
    vertex 4.724716e-01 -2.982574e+00 -5.000000e+00
    vertex 8.882064e-01 -2.704789e+00 -5.000000e+00
    vertex 9.344113e-01 -2.791233e+00 -5.000000e+00
  endloop
endfacet
facet normal 0.000000e+00 0.000000e+00 -1.000000e+00
  outer loop
    vertex 4.724716e-01 -2.982574e+00 -5.000000e+00
    vertex 8.260249e-01 -2.629021e+00 -5.000000e+00
    vertex 8.882064e-01 -2.704789e+00 -5.000000e+00
  endloop
endfacet
facet normal 0.000000e+00 0.000000e+00 -1.000000e+00
  outer loop
    vertex 4.724716e-01 -2.982574e+00 -5.000000e+00
    vertex 7.502567e-01 -2.566840e+00 -5.000000e+00
    vertex 8.260249e-01 -2.629021e+00 -5.000000e+00
  endloop
endfacet
facet normal 0.000000e+00 0.000000e+00 -1.000000e+00
  outer loop
    vertex 4.724716e-01 -2.982574e+00 -5.000000e+00
    vertex 6.638133e-01 -2.520635e+00 -5.000000e+00
    vertex 7.502567e-01 -2.566840e+00 -5.000000e+00
  endloop
endfacet
facet normal 0.000000e+00 0.000000e+00 -1.000000e+00
  outer loop
    vertex 4.724716e-01 -2.982574e+00 -5.000000e+00
    vertex 5.700167e-01 -2.492182e+00 -5.000000e+00
    vertex 6.638133e-01 -2.520635e+00 -5.000000e+00
  endloop
endfacet
facet normal 0.000000e+00 0.000000e+00 -1.000000e+00
  outer loop
    vertex 4.724716e-01 -2.982574e+00 -5.000000e+00
    vertex 4.724716e-01 -2.482574e+00 -5.000000e+00
    vertex 5.700167e-01 -2.492182e+00 -5.000000e+00
  endloop
endfacet
facet normal 0.000000e+00 0.000000e+00 -1.000000e+00
  outer loop
    vertex 4.724716e-01 -2.982574e+00 -5.000000e+00
    vertex 3.749264e-01 -2.492182e+00 -5.000000e+00
    vertex 4.724716e-01 -2.482574e+00 -5.000000e+00
  endloop
endfacet
facet normal 0.000000e+00 0.000000e+00 -1.000000e+00
  outer loop
    vertex 4.724716e-01 -2.982574e+00 -5.000000e+00
    vertex 2.811298e-01 -2.520635e+00 -5.000000e+00
    vertex 3.749264e-01 -2.492182e+00 -5.000000e+00
  endloop
endfacet
facet normal 0.000000e+00 0.000000e+00 -1.000000e+00
  outer loop
    vertex 4.724716e-01 -2.982574e+00 -5.000000e+00
    vertex 1.946864e-01 -2.566840e+00 -5.000000e+00
    vertex 2.811298e-01 -2.520635e+00 -5.000000e+00
  endloop
endfacet
facet normal 0.000000e+00 0.000000e+00 -1.000000e+00
  outer loop
    vertex 4.724716e-01 -2.982574e+00 -5.000000e+00
    vertex 1.189182e-01 -2.629021e+00 -5.000000e+00
    vertex 1.946864e-01 -2.566840e+00 -5.000000e+00
  endloop
endfacet
facet normal 0.000000e+00 0.000000e+00 -1.000000e+00
  outer loop
    vertex 4.724716e-01 -2.982574e+00 -5.000000e+00
    vertex 5.673675e-02 -2.704789e+00 -5.000000e+00
    vertex 1.189182e-01 -2.629021e+00 -5.000000e+00
  endloop
endfacet
facet normal 0.000000e+00 0.000000e+00 -1.000000e+00
  outer loop
    vertex 4.724716e-01 -2.982574e+00 -5.000000e+00
    vertex 1.053179e-02 -2.791233e+00 -5.000000e+00
    vertex 5.673675e-02 -2.704789e+00 -5.000000e+00
  endloop
endfacet
facet normal 0.000000e+00 0.000000e+00 -1.000000e+00
  outer loop
    vertex 4.724716e-01 -2.982574e+00 -5.000000e+00
    vertex -1.792108e-02 -2.885029e+00 -5.000000e+00
    vertex 1.053179e-02 -2.791233e+00 -5.000000e+00
  endloop
endfacet
facet normal 0.000000e+00 0.000000e+00 -1.000000e+00
  outer loop
    vertex 4.724716e-01 -2.982574e+00 -5.000000e+00
    vertex -2.752844e-02 -2.982574e+00 -5.000000e+00
    vertex -1.792108e-02 -2.885029e+00 -5.000000e+00
  endloop
endfacet
facet normal -0.000000e+00 0.000000e+00 -1.000000e+00
  outer loop
    vertex 4.724716e-01 -2.982574e+00 -5.000000e+00
    vertex -1.792108e-02 -3.080120e+00 -5.000000e+00
    vertex -2.752844e-02 -2.982574e+00 -5.000000e+00
  endloop
endfacet
facet normal 0.000000e+00 0.000000e+00 -1.000000e+00
  outer loop
    vertex 4.724716e-01 -2.982574e+00 -5.000000e+00
    vertex 1.053179e-02 -3.173916e+00 -5.000000e+00
    vertex -1.792108e-02 -3.080120e+00 -5.000000e+00
  endloop
endfacet
facet normal 0.000000e+00 0.000000e+00 -1.000000e+00
  outer loop
    vertex 4.724716e-01 -2.982574e+00 -5.000000e+00
    vertex 5.673675e-02 -3.260360e+00 -5.000000e+00
    vertex 1.053179e-02 -3.173916e+00 -5.000000e+00
  endloop
endfacet
facet normal 0.000000e+00 0.000000e+00 -1.000000e+00
  outer loop
    vertex 4.724716e-01 -2.982574e+00 -5.000000e+00
    vertex 1.189182e-01 -3.336128e+00 -5.000000e+00
    vertex 5.673675e-02 -3.260360e+00 -5.000000e+00
  endloop
endfacet
facet normal 0.000000e+00 0.000000e+00 -1.000000e+00
  outer loop
    vertex 4.724716e-01 -2.982574e+00 -5.000000e+00
    vertex 1.946864e-01 -3.398309e+00 -5.000000e+00
    vertex 1.189182e-01 -3.336128e+00 -5.000000e+00
  endloop
endfacet
facet normal 0.000000e+00 0.000000e+00 -1.000000e+00
  outer loop
    vertex 4.724716e-01 -2.982574e+00 -5.000000e+00
    vertex 2.811298e-01 -3.444514e+00 -5.000000e+00
    vertex 1.946864e-01 -3.398309e+00 -5.000000e+00
  endloop
endfacet
facet normal 0.000000e+00 0.000000e+00 -1.000000e+00
  outer loop
    vertex 4.724716e-01 -2.982574e+00 -5.000000e+00
    vertex 3.749264e-01 -3.472967e+00 -5.000000e+00
    vertex 2.811298e-01 -3.444514e+00 -5.000000e+00
  endloop
endfacet
facet normal 0.000000e+00 0.000000e+00 -1.000000e+00
  outer loop
    vertex 4.724716e-01 -2.982574e+00 -5.000000e+00
    vertex 4.724716e-01 -3.482574e+00 -5.000000e+00
    vertex 3.749264e-01 -3.472967e+00 -5.000000e+00
  endloop
endfacet
facet normal 0.000000e+00 -0.000000e+00 -1.000000e+00
  outer loop
    vertex 4.724716e-01 -2.982574e+00 -5.000000e+00
    vertex 5.700167e-01 -3.472967e+00 -5.000000e+00
    vertex 4.724716e-01 -3.482574e+00 -5.000000e+00
  endloop
endfacet
facet normal 0.000000e+00 0.000000e+00 -1.000000e+00
  outer loop
    vertex 4.724716e-01 -2.982574e+00 -5.000000e+00
    vertex 6.638133e-01 -3.444514e+00 -5.000000e+00
    vertex 5.700167e-01 -3.472967e+00 -5.000000e+00
  endloop
endfacet
facet normal 0.000000e+00 0.000000e+00 -1.000000e+00
  outer loop
    vertex 4.724716e-01 -2.982574e+00 -5.000000e+00
    vertex 7.502567e-01 -3.398309e+00 -5.000000e+00
    vertex 6.638133e-01 -3.444514e+00 -5.000000e+00
  endloop
endfacet
facet normal 0.000000e+00 0.000000e+00 -1.000000e+00
  outer loop
    vertex 4.724716e-01 -2.982574e+00 -5.000000e+00
    vertex 8.260249e-01 -3.336128e+00 -5.000000e+00
    vertex 7.502567e-01 -3.398309e+00 -5.000000e+00
  endloop
endfacet
facet normal 0.000000e+00 0.000000e+00 -1.000000e+00
  outer loop
    vertex 4.724716e-01 -2.982574e+00 -5.000000e+00
    vertex 8.882064e-01 -3.260360e+00 -5.000000e+00
    vertex 8.260249e-01 -3.336128e+00 -5.000000e+00
  endloop
endfacet
facet normal 0.000000e+00 0.000000e+00 -1.000000e+00
  outer loop
    vertex 4.724716e-01 -2.982574e+00 -5.000000e+00
    vertex 9.344113e-01 -3.173916e+00 -5.000000e+00
    vertex 8.882064e-01 -3.260360e+00 -5.000000e+00
  endloop
endfacet
facet normal 0.000000e+00 0.000000e+00 -1.000000e+00
  outer loop
    vertex 4.724716e-01 -2.982574e+00 -5.000000e+00
    vertex 9.628642e-01 -3.080120e+00 -5.000000e+00
    vertex 9.344113e-01 -3.173916e+00 -5.000000e+00
  endloop
endfacet
facet normal 0.000000e+00 0.000000e+00 -1.000000e+00
  outer loop
    vertex 4.724716e-01 -2.982574e+00 -5.000000e+00
    vertex 9.724716e-01 -2.982574e+00 -5.000000e+00
    vertex 9.628642e-01 -3.080120e+00 -5.000000e+00
  endloop
endfacet
endsolid pole_final
